Key,Value
0,"力量[/center]
力量決定負重、武器傷害[/left]
以及提升力量相關技能的難易。[/left]
以你 %str 的力量，你被視為 %ark。[/left]
[/pos:x=20,y=0]%dam [/pos:x=40,y=0]修正會計入你的[/left]
[/pos:x=40,y=0]徒手／武器傷害。[/left]
[/pos:x=20,y=0]%enc [/pos:x=40,y=0]公斤是你的最大負重。[/left]
[/end]"
1,"智力[/center]
智力決定總魔法潛能[/left]
以及提升智力相關技能的難易。[/left]
以你 %int 的智力，你被視為 %ark。[/left]
[/pos:x=20,y=0]可用法術點數為 %spc／%spt。[/left]
[/end]"
2,"意志[/center]
意志決定對法術效果的抗性[/left]
以及提升意志相關技能的難易。[/left]
以你 %wil 的意志，你被視為 %ark。[/left]
[/pos:x=20,y=0]+%mad [/pos:x=40,y=0]修正會計入你的魔法抗性。[/left]
[/end]"
3,"敏捷[/center]
敏捷決定命中目標、[/left]
閃避攻擊，以及提升[/left]
敏捷相關技能的難易。以你 %agi 的敏捷，[/left]
你被視為 %ark。[/left]
[/pos:x=20,y=0]%thd [/pos:x=40,y=0]修正會計入你的戰鬥勝負。[/left]
[/end]"
4,"耐力[/center]
耐力決定生命值、治療速率、[/left]
對毒素與疾病的抗性，以及疲勞。[/left]
以你 %end 的耐力，你被視為 %ark。[/left]
[/pos:x=20,y=0]%hea [/pos:x=40,y=0]修正會計入你[/left]
[/pos:x=40,y=0]每升一級獲得的生命值。[/left]
[/pos:x=20,y=0]%hmd [/pos:x=40,y=0]修正會計入你的治療速率。[/left]
[/end]"
5,"魅力[/center]
魅力決定提升[/left]
魅力相關技能的難易。[/left]
以你 %per 的魅力，你被視為 %ark。[/left]
[/end]"
6,"速度[/center]
速度決定移動速率、遠程武器裝填時間，[/left]
以及所有速度相關技能。[/left]
以你 %spd 的速度，你被視為 %ark。[/left]
[/end]"
7,"幸運[/center]
幸運會強力修正你採取的任何行動。[/left]
沒有任何技能以幸運為主要屬性，[/left]
但你在任何技能檢定中的成功機率[/left]
都會受幸運影響。[/left]
以你 %luc 的幸運，你被視為 %ark。[/left]
[/end]"
8,"訓練將花費你 %a。[/center]
你要接受訓練嗎？[/end]"
10,我想他們在 %fcn 有一個。[/end]
11,"我不知道。[/record]
老實說我真的說不上來。[/record]
真的不清楚……[/record]
去問問別人吧。[/record]
你告訴我啊。[/end]"
12,你的法術書裡沒有任何法術。[/end]
13,"你的地圖上沒有[/center]
這個名稱的地點。[/center]
[/end]"
14,你必須分配完加分點數。[/end]
15,你要向城市守衛投降嗎？[/end]
16,你詢問的未來天數太多了。[/end]
17,在城市裡或城市附近紮營是違法的。[/end]
18,你很健康。[/end]
19,你沒有任何所屬。[/end]
20,阿祖拉之星裡沒有可釋放的靈魂。[/end]
21,你無法訓練超過 50% 的技能。[/end]
22,"你在 %cn。[/center]
現在是 %dat 的 %tim。[/center]
在 %crn 的法律眼中，[/center]
你是 %ltn。[/center]
[/end]"
23,"你必須至少再等 12 小時[/center]
才能再次接受訓練。[/center]
[/end]"
24,"這不需要修理。[/center]
[/end]"
25,"你有 %gii 枚金幣。你想[/center]
丟下幾枚？[/center]
[/input] [/center]
[/end]"
26,"你一次休息不能[/center]
超過 99 小時。[/center]
[/end]"
27,"你一次閒晃不能[/center]
超過 3 小時。[/center]
[/end]"
28,%hnt[/end]
29,"%it已經損壞。[/center]
[/end]"
30,"你沒有疾病。[/center]
[/end]"
31,"你要前往[/center]
%tcn嗎？[/center]
[/end]"
32,"靈魂已被釋放。[/center]
[/end]"
33,"你無法修理魔法物品。[/center]
[/end]"
34,"你沒有任何藥劑材料。[/center]
[/end]"
35,"你的聲望變化如下：[/left]
[/left]
平民： [/pos:x=70,y=0]%r1[/left]
商人： [/pos:x=70,y=0]%r2[/left]
學者： [/pos:x=70,y=0]%r3[/left]
貴族： [/pos:x=70,y=0]%r4[/left]
地下世界： [/pos:x=70,y=0]%r5[/left]
[/end]"
36,"你身為吸血鬼太久沒有滿足[/center]
殺戮的渴望。你無法[/center]
恢復力量。[/center]
[/end]"
37,"這看來像是私人物品。你[/center]
還是要翻找嗎？[/center]
[/end]"
38,"你要使用馬車[/center]
並留在 %cn 嗎？[/center]
[/end]"
100,"你染上了女巫痘。[/center]
它會慢慢削弱你的力量、[/center]
耐力與生命，直到你被治癒[/center]
或死去。[/center]
[/end]"
101,"你染上了瘟疫，[/center]
這是非常嚴重、往往致命的疾病。[/center]
它會迅速蔓延全身。[/center]
染上此病者若未盡快治癒，[/center]
很少能活過幾天。[/center]
[/end]"
102,"你染上了黃熱病。[/center]
你的耐力、意志與生命[/center]
會逐日衰退，直到你找到[/center]
療法或死去。[/center]
[/end]"
103,"你染上了胃腐病。[/center]
除非被治癒，否則這是永久病症，[/center]
特徵是生命每日[/center]
輕微下降。[/center]
[/end]"
104,"你染上了癆病。[/center]
你的意志、敏捷與力量[/center]
會慢慢流失，直到你[/center]
被治癒或死去。[/center]
[/end]"
105,"你染上了腦熱病。[/center]
這是緩慢的死亡：你的意志、[/center]
生命，甚至魅力都會日復一日[/center]
流失。你必須求得療法，[/center]
否則將走向滅亡。[/center]
[/end]"
106,"你染上了沼澤腐病。[/center]
每天你的意志、敏捷[/center]
與力量都會下降，直到你[/center]
衰亡或被治癒。[/center]
[/end]"
107,"你染上了卡利隆的詛咒。[/center]
有些人一兩週內會自行康復，[/center]
但力量、速度與敏捷仍會受損。[/center]
最好盡快治癒此病。[/center]
[/end]"
108,"你染上了霍亂，[/center]
泰姆瑞爾最致命的疾病之一，[/center]
若不極快得到救助，[/center]
必定致命。[/center]
[/end]"
109,"你染上了痲瘋，[/center]
將日復一日慢慢衰亡，[/center]
除非被治癒。[/center]
[/end]"
110,"你染上了傷口腐病，[/center]
會非常緩慢地侵蝕你的[/center]
力量、耐力與生命，[/center]
直到你治癒自己。[/center]
[/end]"
111,"你染上了紅死病，[/center]
這是非常嚴重的疾病，能迅速[/center]
摧毀患者的耐力，甚至摧毀魅力，[/center]
直到得到療法或[/center]
患者死去。[/center]
[/end]"
112,"你染上了血腐病，[/center]
未來數日或數週內會損害[/center]
你的生命、魅力與意志，[/center]
除非你將它治癒。有些人[/center]
找不到療法，因而死於[/center]
此病。[/center]
[/end]"
113,"你染上了傷寒，[/center]
這是致命疾病，會影響患者的[/center]
智力、耐力與生命。[/center]
除非治癒或死亡，[/center]
否則此病永久存在。[/center]
[/end]"
114,"你染上了癡呆症，[/center]
這是可怖的疾病，會慢慢奪走[/center]
患者的智力、意志，[/center]
甚至魅力，直到死亡或[/center]
得到療法。[/center]
[/end]"
115,"你染上了克朗病，[/center]
這是魔法疾病，會日復一日[/center]
吞噬你的智力與天生魔力。[/center]
此病必須治癒，[/center]
否則終將置你於死地。[/center]
[/end]"
116,"你染上了巫師熱，[/center]
這種魔法疾病有時只是煩人，[/center]
有時卻極具破壞力。有人幾乎[/center]
沒察覺就自行退燒，也有人[/center]
因此變得心智衰弱。你的[/center]
天生魔力與智力會日復一日[/center]
流失，最長可達[/center]
三週。[/center]
[/end]"
117,"你中毒了。[/center]
[/end]"
200,"為什麼%ra要把「T.G.I.F.」寫在靴子上？好提醒自己——Toes Go In First，腳趾先伸進去！[/record]
大多數%ra的家譜從不分支！[/record]
%ra跟一瓶波特酒有什麼共通點？從脖子以上都是空的！[/record]
要是腳趾縫裡都是油垢，你大概就是%ra！[/record]
怎麼讓%ra的眼睛發亮？把火把塞進他耳朵！[/record]
要是盔甲上的食物汙漬根本看不出來，你大概就是%ra！[/record]
有人朝%ra女孩耳朵吹氣後，她說了什麼？「謝謝幫我補滿！」[/record]
智力只剩一半的%ra叫什麼？天才！[/record]
%ra女人為什麼穿內褲？好讓腳踝保暖！[/record]
怎麼讓%ra在晨星日笑出來？在終日跟他說笑話！[/record]
只要一杯就能把%ra灌醉。我只是記不得是第十三杯還是第十四杯。[/record]
超過一個%ra的地下室叫什麼？哀嚎酒窖！[/record]
在%nt，吐痰要銅板，嘔吐倒是免費！[/record]
聰明的%ra跟獸哥布林有什麼共通點？都絕種了！[/record]
很多人說%ra的孩子太愛拖延。這個嘛，你再等著看好了！[/record]
%ra雙手緊摀耳朵是在做什麼？拼命抓住一個念頭！[/record]
怎麼知道%ra在說謊？看他嘴巴有沒有在動！[/record]
跟%ra女人說什麼才能把她哄上床？再說一杯麥酒！[/record]
為什麼%cn的%ra冒險者最多，%cn2的哥布林最多？因為%cn2先挑！[/record]
%ra女人早上第一件事是什麼？走路回家！[/record]
%ra女人聽說自己懷孕後說了什麼？「是我的嗎？」[/record]
%ra智力不足的部分，全用愚蠢補回來。[/record]
有智力的東西我不吃，但政客跟%ra我很樂意下肚。[/end]"
201,"憑索瑞格之鬚[/record]
憑奧爾弗之錘[/record]
憑白狼起誓[/record]
憑冰封荒原[/record]
憑霜之父[/record]
冰之母[/record]
霜火[/record]
憑獨孤城峭壁[/record]
憑北海[/record]
憑索瑞格之鬚[/end]"
202,"憑鼠神[/record]
阿麗莎哈德的娼婦[/record]
獸人冠之塵[/record]
憑艾斯維爾之沙[/record]
憑祝福之水[/record]
憑伊布拉哈德之手[/record]
沙漠烈日[/record]
憑乾渴之心[/record]
憑生命之水[/record]
沙魔[/end]"
203,"憑龍牙[/record]
龍牙[/record]
被詛咒的達瓦克[/record]
以吾父之名[/record]
憑羅爾肯[/record]
憑巨錘[/record]
憑矮人王[/record]
矮人王之鬚[/record]
憑守護者之血[/record]
憑初龍[/record]
靈劍[/record]
憑此刃[/record]
憑迪瓦德[/record]
憑卡特里卡[/record]
憑那位少女[/record]
憑弗蘭達爾[/record]
斯丹達爾保佑我們[/record]
憑太陽[/end]"
204,"憑星落之水[/record]
願吾主賜福[/record]
憑墓穴[/record]
讓死亡見鬼去[/record]
憑吾夫人[/record]
憑迷霧[/record]
憑狼[/record]
憑黑暗領主[/record]
高岩之靈[/record]
憑大德魯伊[/record]
憑佩拉吉烏斯[/record]
瘋狂[/record]
憑巨龍[/record]
該死的巨龍[/end]"
205,"沼澤惡魔[/record]
墨林之沼[/record]
憑眾神[/record]
憑阿菲克勒斯之座[/record]
憑命運之刃[/record]
憑孤獨者[/record]
風暴堡之眾[/record]
憑沼澤之靈[/record]
憑母神[/record]
沼火[/end]"
206,"憑埃爾登林地[/record]
憑林木之靈[/record]
憑林木傳說[/record]
憑密斯特里亞的詛咒[/record]
林木之靈[/record]
林地妖精[/record]
憑卡利隆之心[/record]
憑樹根[/record]
埃爾登根之火[/record]
憑火焰[/end]"
207,"憑至高者[/record]
憑白色水晶[/record]
憑埃爾伯恩之林[/record]
憑藍色海峽[/record]
妖精之光[/record]
憑異界[/record]
泰姆瑞爾初靈[/record]
卡西莫蘭之刃[/record]
夏暮島水晶[/record]
憑初靈[/end]"
208,"憑黑島[/record]
憑黑暗者[/record]
憑達格斯烏爾之火[/record]
憑瘋女王[/record]
憑黑喉[/record]
黑暗女神保佑我們[/record]
憑黑夜[/record]
黑騎士之魂[/record]
憑無魂者[/record]
火血[/end]"
250,"[/left]
[/left]
[/left]
[/left]
[/left]
[/left]
[/left]
[/left]
[/left]
[/left]
[/left]
[/left]
[/left]
[/left]
[/left]
%sub 由 %an 著[/record]
[/left]
[/left]
[/left]
[/left]
[/left]
[/left]
[/left]
[/left]
[/left]
[/left]
[/left]
[/left]
[/left]
[/left]
[/left]
%sub 由 %an 著[/record]
[/left]
[/left]
[/left]
[/left]
[/left]
[/left]
[/left]
[/left]
[/left]
[/left]
[/left]
[/left]
[/left]
[/left]
[/left]
%adj 由 %an 著[/record]
[/left]
[/left]
[/left]
[/left]
[/left]
[/left]
[/left]
[/left]
[/left]
[/left]
[/left]
[/left]
[/left]
[/left]
[/left]
%adj %sub 由 %an 著[/record]
[/left]
[/left]
[/left]
[/left]
[/left]
[/left]
[/left]
[/left]
[/left]
[/left]
[/left]
[/left]
[/left]
[/left]
[/left]
%pp1 %sub 由 %an 著[/record]
[/left]
[/left]
[/left]
[/left]
[/left]
[/left]
[/left]
[/left]
[/left]
[/left]
[/left]
[/left]
[/left]
[/left]
[/left]
%pp1 %adj %sub 由 %an 著[/record]
[/left]
[/left]
[/left]
[/left]
[/left]
[/left]
[/left]
[/left]
[/left]
[/left]
[/left]
[/left]
[/left]
[/left]
[/left]
%sub %pp2 由 %an 著[/record]
[/left]
[/left]
[/left]
[/left]
[/left]
[/left]
[/left]
[/left]
[/left]
[/left]
[/left]
[/left]
[/left]
[/left]
[/left]
%adj %sub %pp2 由 %an 著[/record]
[/left]
[/left]
[/left]
[/left]
[/left]
[/left]
[/left]
[/left]
[/left]
[/left]
[/left]
[/left]
[/left]
[/left]
[/left]
%pp1 %adj %sub %pp2 由 %an 著[/end]"
255,汝來自何方？[/end]
256,"有人喊道：「進來吧。」[/record]
你聽見：「歡迎！」[/record]
一個不耐煩的聲音吼道：「門開著。」[/record]
有人說：「進來吧。」[/record]
一個快活的聲音說：「歡迎來到寒舍。」[/record]
一個聲音喊道：「你可以進來。」[/end]"
260,"「你的光臨讓寒店蓬蓽生輝，[/center]
%pcn。雖然我需要兩倍價錢[/center]
才能養活挨餓的家人，我[/center]
還是願意以 %a 枚金幣賣給你。」[/center]
[/record]
「你真是難纏的砍價高手，[/center]
%pct。通常要價遠高於此，[/center]
但我可以只跟你成交。[/center]
%a 枚金幣，[/center]
它就是你的了。」[/center]
[/record]
「親愛的 %pcf，就算是至親[/center]
或摯友，我也不會考慮以 %a[/center]
枚金幣賣掉那個。也就是說，[/center]
除了你，誰都不行。」[/center]
[/record]
「這遠遠低於公道價——我[/center]
懂行情。不過，在某些極罕見的[/center]
情況下，賺錢並不是最重要的。[/center]
看在你的份上我可以賠本。[/center]
%a 枚金幣，[/center]
好 %pcf，它就是你的了。」[/center]
[/end]"
261,"「%cpn 自豪於擁有[/center]
%cn 最低的價格。雖然你[/center]
跟我砍價砍到日頭西斜，[/center]
我也不能少於[/center]
%a 枚金幣。」[/center]
[/record]
「你跟我討價還價得又久又狠，[/center]
%pcn。就此打住吧。我本來[/center]
會要更多，但對你我只要[/center]
%a 金幣。這真的只是[/center]
一點點錢。」[/center]
[/end]"
262,"「別再講價了。我的價錢是[/center]
%a 枚金幣。要就拿走，不要拉倒。」[/record]
「那就 %a 枚金幣。你已經[/center]
砍到這個價了。」[/center]
[/record]
經過漫長的討價還價……[/center]
「%a 枚金幣是我的最終出價。」[/center]
[/end]"
263,"「別再沒完沒了地扯皮。你顯然[/center]
急需這筆錢。平常我會出得[/center]
更少，但對你我願意[/center]
出 %a 金幣。」[/center]
[/record]
「聽著，我能出的絕對上限就是這個，[/center]
再多我就得賠到脫褲子。[/center]
這是 %a 金幣。拿走吧，然後跟[/center]
朋友們說你坑了我。」[/center]
[/record]
「我只給至親好友這個價。[/center]
市價遠低於此，但我[/center]
覺得可以給你 %a 金幣。」[/record]
「不錯，不錯。多數人我會出更少，[/center]
但對你，%a 金幣。這是我[/center]
絕對最好的出價。[/center]
[/end]"
264,"「也許別處能給你超過 %a 金幣，[/center]
但這是公道價。[/center]
也是我唯一的出價。」[/center]
[/record]
「我可以給你 %a 枚金幣。如果[/center]
別人出得更多，我勸你去找他。[/center]
對我來說它只值 %a 金幣。」[/center]
[/record]
「這種東西市場不大，但我[/center]
能賣掉。我給你 %a 枚金幣，[/center]
完全公道。」[/center]
[/record]
「對，你說得沒錯。品質全面都不錯。[/center]
我願意比標準價多出一點——[/center]
%a 枚金幣」[/center]
[/end]"
265,"「我沒時間應付你這種人。這種垃圾[/center]
我只出 %a。」[/record]
「%a 金幣，小鬼。要就拿走，不要拉倒。」[/center]
[/record]
「別再笨拙地講價了，小鬼。我[/center]
給你 %a 金幣，這就是上限。[/center]
沒得談。」[/center]
[/record]
「聽著，%ra。你我都知道那東西[/center]
再多一金幣都不值，對吧？別裝了。[/center]
你不必答應，但這就是我[/center]
願意付的價錢，%a 金幣。」[/center]
[/end]"
266,"香氛與柔和樂聲撫慰你的神經，[/center]
你跨過門檻。店裡每件物品都[/center]
精心陳列。你在任何物品上都[/center]
找不出絲毫瑕疵。[/center]
[/end]"
267,"這間店比許多店舖裝潢更好。[/center]
貨物整齊擺在架上。[/center]
雖不至於配得上國王，但件件[/center]
都是精工細作。[/center]
[/end]"
268,"店面配置實用直截。[/center]
所有物品看來都構造合格。[/center]
[/end]"
269,"用廢木拼湊的結實架子[/center]
承載著店裡的貨物。物品[/center]
結實堪用，但也就[/center]
如此而已。[/center]
[/end]"
270,"生鏽的舊物扔在原先被丟下的地方。[/center]
所有貨物都露出偷工減料的裂痕與缺口。[/center]
一隻老鼠從你腳上竄過，鑽進[/center]
附近的袋子裡。[/center]
[/end]"
282,"恭喜！你在 %cn[/center]
買下了一棟漂亮的房子。[/center]
[/end]"
283,"恭喜！你買下了一艘[/center]
堅固的船隻，足以載你前往[/center]
伊利亞克灣內任何地方。[/end]"
284,"你已經擁有一艘船。必須先賣掉[/center]
才能再買另一艘。[/center]
[/end]"
285,"這裡不是港口城鎮，%pcn。[/center]
我們沒有船可以賣給你。[/center]
[/end]"
286,"你已經擁有一棟房子。必須先賣掉[/center]
我們才能再賣你另一棟。[/center]
[/end]"
287,"現在是賣方市場。目前[/center]
沒有可供出售的房屋。[/center]
[/end]"
288,"%pcn，你曾拖欠[/center]
本銀行的貸款。我們在任何情況下[/center]
都不會再借錢給你。[/center]
也許你可以去 %reg 以外的[/center]
銀行，試試詐騙他們。[/center]
[/end]"
289,"你在本銀行已有一筆貸款。[/center]
必須全數還清，我們才會[/center]
再借給你。[/center]
[/end]"
290,"非常抱歉，你的帳戶裡[/center]
沒有那麼多錢。[/center]
[/end]"
291,"我是否該理解為，你想把[/left]
所有信用狀都存進來？[/end]"
292,"你的帳戶裡沒有那麼多錢。[/center]
我需要信用狀的全額，[/center]
外加百分之一的手續費。[/center]
[/end]"
293,"我們不開立少於[/center]
一百枚金幣的信用狀。[/center]
[/end]"
294,"你真慷慨，但我們不接受[/center]
溢付。這是找你的錢。[/center]
你的貸款現已全數還清。[/center]
[/end]"
295,"恐怕以你的身分，我們不能借出[/center]
那麼多金幣。對你而言，[/center]
我們的上限是 %ml 枚金幣。[/center]
[/end]"
296,"我們不提供少於[/center]
一百枚金幣的貸款。[/center]
[/end]"
297,"我為 %reg 的銀行索取賞金！[/center]
你拖欠貸款，[/center]
現在必須付出代價！[/center]
[/end]"
298,"我們很樂意以慷慨的 %a 枚金幣[/center]
收購你的房子。屋內所有物品[/center]
都將歸銀行所有。你現在[/center]
準備簽署過戶嗎？[/center]
[/end]"
299,"你的船對我們值 %a 枚金幣。[/center]
請注意，船上所有物品都將[/center]
歸銀行所有。[/center]
你現在要賣掉你的船嗎？[/center]
[/end]"
300,"離開前必須選好三項主要、三項重要[/center]
與六項次要技能。[/center]
[/end]"
301,"離開前請為你的角色職業命名。[/center]
[/end]"
302,"離開前屬性箭頭必須歸零。[/center]
[/end]"
303,"離開前聲望平衡必須歸零。[/center]
[/end]"
304,"你無法再選擇更多優勢。[/center]
[/end]"
305,"你無法再選擇更多劣勢。[/center]
[/end]"
306,"提升難度的匕首不能處於紅色。[/center]
選擇更多優勢可使其上升，[/center]
或選擇更多劣勢使其下降。[/center]
[/end]"
307,"玩家反射決定遊戲的整體速度。[/center]
若選擇極高反射，[/center]
怪物會快速移動與攻擊，[/center]
迫使你迅速操作。[/center]
極低反射表示怪物會[/center]
緩慢移動與攻擊，讓你能採取[/center]
更謹慎、深思的遊玩方式。[/center]
反射設定較低時，角色升級[/center]
會稍慢；設定較高時，[/center]
升級會稍快。[/center]
[/end]"
349,"你已結束閒晃。[/center]
[/end]"
350,你已痊癒。[/end]
351,你不需要休息。[/end]
352,要休息幾小時？[/end]
353,你醒了。[/end]
354,附近有敵人。[/end]
355,你現在無法睡覺。[/end]
360,"我們已被警告過你，%pcn。[/center]
你曾拖欠我們姊妹銀行的[/center]
貸款。這筆錢將用來[/center]
償還那筆壞帳。[/center]
[/end]"
361,"此試玩版允許你使用此公會功能。[/center]
正常情況下，你必須等到[/center]
公會階級更高才能使用。[/center]
[/end]"
362,"迪德拉召喚在匕首雨[/center]
試玩版中無法使用。[/center]
[/end]"
363,"在完整版匕首雨中，你本來[/center]
會獲得一次技能提升。[/center]
但在試玩版中，你的技能[/center]
不得超過 40。[/center]
[/end]"
364,"匕首雨試玩版的時限已到。[/center]
你可以在當地軟體店[/center]
找到匕首雨。[/center]
[/end]"
400,"兒童守護功能目前[/center]
阻止此任務執行。[/center]
[/end]"
401,"死亡並非總是永恆。對某些人[/center]
而言，那只是一段等待。現在[/center]
就是你的等待之時。保持耐心，[/center]
一切都將揭曉……[/center]
[/end]"
402,"我是間諜頭目。伊利亞克灣上發生的[/center]
一切我都知道。別人可能給你謠言，[/center]
但我的傳聞永遠是真的。[/center]
[/end]"
403,"你要把角色屬性[/center]
重設回原始數值嗎？[/center]
[/end]"
454,你沒有足夠的金幣。[/end]
460,"你尚未贏得房屋，%pcn。[/center]
只有公會最高階級的成員[/center]
才會獲贈房屋。[/center]
[/end]"
461,"以你目前的階級，你已經領過盔甲。[/center]
等你在騎士團中升到更高階級，[/center]
我會再給你一件精良盔甲。[/center]
[/end]"
462,"我有一處極佳的產業給你，[/center]
%pcn！讓我在你的地圖上標示。[/center]
[/end]"
463,"我有一件精良盔甲給你。[/center]
[/end]"
465,"我看你的魔力很低。你們術士[/center]
真該更小心一點。[/center]
來，讓我為你補充。[/center]
[/record]
公會為術士補充魔力[/center]
是慣例。[/center]
[/record]
嗯。這樣不行。我們不能讓[/center]
公會術士帶著低魔力到處跑。[/center]
我就幫你補充吧。[/center]
[/end]"
475,匕首雨城堡。[/end]
476,途歇城堡。[/end]
477,哨兵城堡。[/end]
480,"今日不得進行召喚。[/center]
我建議你自己做點研究，[/center]
找出我們舉行召喚的日子。[/center]
[/record]
今天我們不召喚。你不妨到[/center]
公會圖書館看看。那裡有不少[/center]
關於迪德拉召喚的書，包括[/center]
適合召喚的日期。[/center]
[/end]"
481,"今天是 %dat，召喚[/center]
%dae 之日。%pcn，你可願[/center]
賭上性命與靈魂，將 %dae[/center]
召喚到我們這凡俗世界？[/center]
[/end]"
482,"你已經召喚過 %dae 一次。[/center]
只有傻瓜才會想再跟 %dae[/center]
說話第二次。走開。[/center]
[/end]"
484,"%dae 今夜不屑降臨我們的世界。[/center]
若你還想與迪德拉交談，[/center]
改日再來。[/center]
[/end]"
499,"這張羊皮紙碎片標示了[/center]
%map 的位置。你把它記在地圖上。[/center]
[/record]
一張精繪的犢皮紙揭示了[/center]
%map 的秘密位置，你把它記下。[/center]
[/record]
一張新繪的地圖指出失落已久的[/center]
%map 位置，你把它抄下。[/center]
[/end]"
500,"碎陶片在腳下嘎吱作響。[/record]
你聞到一股惡臭。[/record]
你聽見遠處傳來非人的呻吟。[/end]"
501,"你注意到獸人足跡。[/record]
地上滿是獸人足跡。[/record]
那是獸人徽記嗎？[/end]"
502,"這一帶看來有人居住。[/record]
你穿過一條常有人走的路。[/record]
最近有馬經過這裡。[/end]"
503,"你被一副斷裂的手銬絆到。[/record]
遠處那是煙嗎？[/record]
遠處傳來鐘聲。[/end]"
504,"附近躺著大理石塊。[/record]
你經過一根倒塌的柱子。[/record]
一尊碎裂的雕像歇在此處。[/end]"
505,"到處都是土堆。[/record]
這裡地面被深轍劃開。[/record]
你繞過一個裂開的大坑。[/end]"
506,"附近有溪水潺潺。[/record]
這裡的空氣似乎更涼。[/record]
那幾乎像是一條小路。[/end]"
507,"泥土上刻著一道符文。[/record]
你感到隱約不安。[/record]
你看見灌木叢中有動靜。[/end]"
508,"奇異的寂靜將你包圍。[/record]
一群渡鴉從頭上飛過。[/record]
到處散落著枯骨。[/end]"
509,"你注意到一股刺鼻氣味。[/record]
你的眼睛突然刺痛。[/record]
這裡的地面微微震動。[/end]"
510,"鷹身女妖的糞便弄髒了地面。[/record]
空氣中懸著腐肉氣味。[/record]
大型羽毛散落一地。[/end]"
511,"你經過一道低矮石牆。[/record]
鋪路石在腳下叮噹作響。[/record]
藤蔓覆蓋著瓦礫堆。[/end]"
512,"你撥開巨大的蛛網。[/record]
蜘蛛網從樹上垂下。[/record]
嗯。沒有蚊子。[/end]"
513,"巨大的足跡橫過你的路。[/record]
遠處升起煙霧。[/record]
被啃過的骨頭散落地面。[/end]"
514,"到處都是燒焦的骨頭。[/record]
這裡的樹木被火燒焦。[/record]
這裡的空氣似乎更暖。[/end]"
515,"你聞到柴煙。[/record]
最近有人走過這裡。[/record]
遠處有馬嘶鳴。[/end]"
516,"這一帶點綴著裸露的岩石。[/record]
你經過幾塊熔岩巨石。[/record]
這裡的一切都覆蓋著灰燼。[/end]"
517,"有東西在沙子裡挖掘。[/record]
那些看來像蠍子足跡。[/record]
那沙沙聲是什麼？[/end]"
518,"你聞到新翻的泥土。[/record]
一聲低沉的鬼魅呻吟掠過。[/record]
遠處有烏鴉在叫。[/end]"
520,"一聲鬼魅哀號劃破寂靜。[/record]
你絆到一塊倒下的墓石。[/record]
一座敞開的墳墓擋在路上。[/end]"
521,"你聞到獸人。絕對是獸人。[/record]
獸人把這裡的地面踩得亂七八糟。[/record]
一聲刺耳的吼叫讓你猛然停步。[/end]"
522,"有人清理過這裡的灌木。[/record]
你經過一堆柴火。[/record]
附近有鳥鳴。[/end]"
523,"附近傳來鐘聲。[/record]
一具腐爛的屍體掛在樹上。[/record]
一聲絕望的哭喊響起。[/end]"
524,"你經過一排倒塌的柱子。[/record]
藤蔓覆蓋著這裡雜亂的石頭。[/record]
一尊無頭雕像躺在塵土中。[/end]"
525,"你爬過礫石堆。[/record]
一個深坑幾乎擋住去路。[/record]
你經過一堆生鏽的鏟子。[/end]"
526,"陰濕的風拂亂你的頭髮。[/record]
一處泉眼從地面湧出。[/record]
那看來像是一條路。[/end]"
527,"這裡的泥土浸透了血。[/record]
你覺得有人在監視你。[/record]
你經過泥土中一個被踩踏的圓圈。[/end]"
528,"一隻巨大的蝙蝠在頭頂緩慢拍翅。[/record]
不遠處有狼嚎。[/record]
空氣凝滯而壓抑。[/end]"
529,"地面在腳下震動。[/record]
綠色霧氣讓你眼睛灼痛。[/record]
你注意到一股強烈的刺鼻氣味。[/end]"
530,"你跨過一具被吃了一半的屍體。[/record]
到處都是鷹身女妖的羽毛。[/record]
惡臭幾乎讓你作嘔。[/end]"
531,"一塊鬆動的鋪路石差點絆倒你。[/record]
路兩旁是倒塌的石砌。[/record]
你經過荒草叢生的田地。[/end]"
532,"連昆蟲都沉默了。[/record]
你推開一張巨大的蛛網。[/record]
大蜘蛛從你路上竄開。[/end]"
533,"到處都是足跡。巨大的足跡。[/record]
你經過幾棵被連根拔起的樹。[/record]
附近有巨大的篝火在悶燒。[/end]"
534,"地面被火燒得焦黑。[/record]
天氣顯然愈來愈熱。[/record]
你經過一具燒焦的骸骨。[/end]"
535,"你經過一堆悶燒的營火。[/record]
一塊告示寫著「擅入者當心」。[/record]
附近有貓頭鷹輕柔地叫。[/end]"
536,"蒸汽從地縫升起。[/record]
附近有溫泉在冒泡。[/record]
一條小路蜿蜒沒入巨石之間。[/end]"
537,"你經過一個淺沙坑。[/record]
蠍子足跡交錯這一帶。[/record]
一陣巨大的沙沙聲嚇了你一跳。[/end]"
538,"你聞到新葬死者的氣味。[/record]
馬車轍跡延伸出去一段。[/record]
白色花朵散落在路上。[/end]"
550,"盜賊公會賄賂了法官，[/center]
你被判無罪。[/center]
[/end]"
551,"黑暗兄弟會賄賂了法官，[/center]
你被判無罪。[/center]
[/end]"
600,"嗯，我本來有工作，但我雇了[/center]
戰士公會去做。[/record]
那個差勁的……有人在散播[/center]
我需要幫忙的謠言。[/center]
我什麼都不需要幫忙。[/record]
你來得太晚了。我把工作給了[/center]
某個法劍士。[/center]
[/record]
對，我本來有工作。但情況[/center]
自己解決了。還是謝謝你。[/center]
[/end]"
606,"是的，你有資格加入法師公會。[/center]
作為學徒，你可以使用法術製作器，[/center]
並接受任何公會技能的訓練。[/center]
之後，你將有資格使用圖書館、[/center]
購買魔法物品，甚至自己製作。[/center]
你有興趣加入嗎？[/center]
[/end]"
611,"很遺憾，你沒有資格[/center]
加入公會。[/center]
[/center]
我們只能接受至少在一門魔法科學上[/center]
已具備一定技能的成員。[/center]
[/record]
很遺憾，你沒有資格[/center]
加入公會。[/center]
[/center]
我們不收初出茅廬的魔法師。只有投身於[/center]
至少一門魔法科學的學者[/center]
才被允許加入。[/center]
[/record]
很遺憾，你沒有資格[/center]
加入公會。[/center]
[/center]
或許你若肯花時間與心力，[/center]
至少在六門魔法科學之一上精進自己，[/center]
我們可以再考慮。[/center]
[/end]"
612,"很遺憾，你沒有資格[/center]
加入公會。[/center]
[/center]
坦白說，你在知識分子當中[/center]
的名聲並不算好。[/center]
[/record]
很遺憾，你沒有資格[/center]
加入公會。[/center]
[/center]
我們聽過你的名字，老實說，並不是什麼好評。[/center]
[/record]
很遺憾，你沒有資格[/center]
加入公會。[/center]
[/center]
不幸的是，年輕的%ra，你帶來的名聲[/center]
並不怎麼光彩。你不妨[/center]
先改善名聲再回來。[/center]
[/end]"
666,"恭喜，%pcn。你已晉升為[/center]
%lev，並享有隨之而來的一切權利與[/center]
榮譽。記住，在兄弟會裡，[/center]
我們不會躺在過往的成就上。[/center]
[/end]"
667,"我有責任通知你，你已被[/center]
正式降為 %lev。[/center]
我要提醒你，%pcf，我們要求[/center]
成員更加努力，而不是躺在[/center]
過往的成就上。[/center]
[/record]
很抱歉由我來告訴你，[/center]
你被降級了，%pcn。[/center]
[/record]
長老們對你不滿意，[/center]
%pcn。你被降級了。[/center]
[/record]
你被降級了，%pcn。[/center]
很抱歉由我第一個告訴你。[/center]
[/record]
長老們已注意到你的不足，[/center]
%pcn。他們把你降級了。[/center]
[/record]
長老們認為你的無能[/center]
足以降級，%pcn。[/center]
[/record]
你不該對這個消息感到意外：[/center]
長老們以降級來報答[/center]
你的不足。[/center]
[/end]"
668,"%pcn，你最近讓我們失望了。[/center]
你從此沒有資格享有[/center]
成員的任何福利。[/center]
或許你還會再回到我們當中，[/center]
但此刻，你已被厭棄。[/center]
[/record]
你在這裡不再有權利，%pcn。[/center]
長老們已決定將你驅逐。[/center]
[/record]
恐怕你建立的關係還不夠[/center]
挽救你的名聲。[/center]
你從此被驅逐，%pcn[/center]
[/record]
一切榮譽與權利皆被剝奪，[/center]
%pcn。你已被驅逐。[/center]
[/end]"
679,"戰士公會為任何願意付錢的人[/center]
提供強壯臂膀與鋒利刀刃。[/center]
若你想要持續的行動與穩定的[/center]
金幣收入，這就是你的公會。這遠[/center]
勝過某些騎士團。你知道嗎，[/center]
他們甚至不拿薪水？[/center]
[/record]
戰士公會有個名聲，說他們[/center]
對成員不太挑剔。沒有比這[/center]
更離譜的了。你這種不堪的人[/center]
只會給公會抹黑。先改善[/center]
那個名聲，我們再談入會。[/center]
[/end]"
680,"抱歉，%ra。戰士公會要的是真正的[/center]
戰士。等你學會一點武器本事[/center]
再回來，好嗎？[/center]
[/end]"
681,"是的，你看來正是戰士公會用得上的[/center]
那種戰士。我們提供技能訓練、[/center]
盔甲與武器修理的特別折扣，[/center]
以及非常有利可圖的工作。[/center]
此外，你隨時可以在任何[/center]
戰士公會休息。[/center]
你有興趣嗎？[/center]
[/end]"
684,"太好了。歡迎加入戰士公會，[/center]
%pcf。你目前的階級是 %lev。[/center]
[/end]"
686,"恭喜，%pcf。由於你傑出的[/center]
武器造詣，我們已將你晉升為[/center]
公會的 %lev。[/center]
除此之外，這次晉升意味著[/center]
更便宜的武器修理與更有利可圖的[/center]
工作。[/center]
[/end]"
702,"你的心比口袋還大。[/center]
你身上只有 %gii 金幣。[/center]
[/record]
可惜，你身上只有 %gii 金幣。[/center]
[/record]
唉，你無法捐出超過 %gii 金幣。[/center]
那是你現在身上的全部。[/center]
[/end]"
703,"感謝你的捐獻。或許 %god[/center]
往後會更寬容地看待你的[/center]
過犯。[/center]
[/record]
%gdd 當然接受所有捐獻，[/center]
但別指望奇蹟。那需要的[/center]
不只是一堆金幣。[/center]
[/record]
我感謝你的捐獻，但也要提醒你，[/center]
別以為 %god 會為任何過犯者[/center]
出賣自己。[/center]
[/end]"
705,"往後幾天，你會發現[/center]
澤尼薩爾祝福了你的商業技能。[/center]
[/end]"
707,"往後幾天，你會發現[/center]
瑪拉增強了你天生的機智與魅力。[/end]"
709,"往後幾天，你會發現[/center]
阿卡托什祝福了你旅行的時間。[/center]
[/end]"
710,"往後幾天，你會發現[/center]
朱利安諾斯祝福了你的智力。[/center]
[/end]"
712,"往後幾天，你會發現[/center]
迪貝拉祝福了你的幸運。[/center]
[/end]"
716,"往後幾天，你會發現[/center]
斯丹達爾祝福了你在法律上的[/center]
聲望。[/center]
[/end]"
717,"往後幾天，你會發現[/center]
凱娜瑞斯祝福了你的耐力。[/center]
[/end]"
740,"是的，你有資格加入神殿。[/center]
%fon 將接納你為成員。[/center]
你有興趣加入嗎？[/center]
[/end]"
744,"抱歉，你沒有資格加入此教團。[/center]
我們只能接受至少在一項受[/center]
%god 尊崇的技能上[/center]
已具備一定水準的成員。[/center]
[/record]
抱歉，你沒有資格加入此教團。[/center]
只有投身於至少一項對 %god[/center]
神聖之技能的人。[/center]
[/record]
抱歉，你沒有資格加入此教團。[/center]
或許你若肯花時間與心力，[/center]
至少在一項對 %god 重要的技能上[/center]
精進自己，[/center]
我們可以再考慮。[/center]
[/end]"
745,"抱歉，你沒有資格加入此教團。[/center]
坦白說，你在本神殿成員當中[/center]
的名聲並不算好。[/center]
[/record]
抱歉，你沒有資格加入此教團。[/center]
我們聽過你的名字，老實說，並不是什麼好評。[/center]
[/record]
抱歉，你沒有資格加入此教團。[/center]
不幸的是，年輕的%ra，你帶來的名聲[/center]
並不怎麼光彩。你不妨[/center]
先改善名聲再回來。[/center]
[/end]"
750,"抱歉，你沒有資格加入此騎士團。[/center]
你看，我們需要戰士。[/center]
而你沒有成為我們一員所需的[/center]
武藝。[/center]
[/record]
抱歉，你沒有資格加入此騎士團。[/center]
或許你若加強武器技能，[/center]
將來我們還用得上你。[/center]
[/record]
抱歉，你沒有資格加入此騎士團。[/center]
我們只收真正的猛將。[/center]
真正會用劍或斧的人。[/center]
而你不是。[/center]
[/end]"
751,"抱歉，你無法加入此騎士團。[/center]
%fon 在 %reg 享有[/center]
清白聲望。我們不能[/center]
接納較不受敬重的騎士，[/center]
以免損害騎士團。[/center]
[/record]
抱歉，你無法加入此騎士團。[/center]
你還沒被信任。你可以[/center]
先努力，再來找我。[/center]
[/record]
抱歉，你無法加入此騎士團。[/center]
你還沒為自己闖出好名聲。[/center]
[/end]"
752,"啊，%pcn，你的名聲先到了。[/center]
%fon 永遠容得下[/center]
武藝高超、品行端正的騎士。[/center]
我謙遜地請你加入我們的行列。[/center]
[/end]"
850,"頌歌予 [/record]
十四行詩予 [/record]
愛情十四行詩予 [/record]
論 [/record]
我對以下之事的想法： [/record]
我歌頌 [/record]
致 [/record]
別了 [/record]
我的 [/record]
勿忘 [/record]
為以下辯護： [/record]
哦 [/record]
最甜蜜的 [/record]
我不在乎 [/record]
無情的 [/record]
只怪 [/record]
以下者之智： [/record]
抒情的 [/record]
關於以下的探問： [/record]
該死的 [/record]
凌辱 [/record]
失落的 [/record]
快活的 [/record]
虛假的 [/record]
馴服 [/record]
崇拜 [/record]
以下者之輪： [/record]
以下者之夜半： [/record]
以下者之冬： [/record]
以下者之春潮： [/record]
悲傷的 [/record]
以下者之鑰： [/end]"
851,"愛[/record]
愛[/record]
愛[/record]
愛[/record]
我的情婦[/record]
欲望[/record]
溫柔[/record]
渴望[/record]
激情[/record]
奉獻[/record]
迷戀[/record]
熱戀[/record]
我的摯愛[/record]
真愛[/record]
戀人[/record]
青春[/record]
純真[/end]"
852,"以下者之傳奇： [/record]
%3hn 與 [/record]
%3hn 與 [/record]
%3hn 與 [/record]
%3hn 與 [/record]
%2hn 與 [/record]
以下者之戰： [/record]
以下者之敘事曲： [/record]
以下者之故事： [/record]
以下者之歌： [/record]
以下者之史詩： [/record]
以下者之冒險： [/record]
以下者之薩迦： [/record]
以下者之流浪： [/end]"
853,"%1hn[/record]
%1hn[/record]
%1hn[/record]
%1hn[/record]
%1hn[/record]
英雄[/record]
勝利者[/record]
鬥士[/record]
典範[/record]
勇氣[/record]
勇武[/record]
無畏者[/end]"
854,"掌摑 [/record]
我是一個 [/record]
給我看看你的 [/record]
我歌頌一個 [/record]
妻子與 [/record]
淘氣的 [/record]
嘿喏喏 [/record]
甜蜜的 [/record]
祭司與 [/record]
無恥的 [/record]
美麗的 [/record]
好色的 [/record]
放蕩的 [/record]
發癢的 [/record]
長鬍的 [/end]"
855,"年輕村姑[/record]
大屁股[/record]
蕩婦[/record]
胸脯[/record]
夫人[/record]
變態[/record]
陰毛套[/record]
娼妓[/record]
妓女[/record]
老頭[/record]
淫婦[/record]
侍妾[/record]
樵夫[/end]"
860,"盜賊公會是當地竊賊、娼妓與其他暴徒的官方有組織集合。他們的總部永遠保密。[/record]
儘管存在自由接活的鴇母、扒手、飛賊、詐騙犯與搶匪，泰姆瑞爾大多數職業罪犯仍屬於盜賊公會。這對整體最有利，而公會也會施加某種……壓力，促使人加入。[/record]
幾乎在泰姆瑞爾每一個市區、小村與城邦，職業罪犯都為了互相保護而結合。這就是盜賊公會。[/record]
盜賊公會跟其他公會沒兩樣——只不過他們的行業是犯罪。他們為成員提供特別福利、賄賂官員，並懲罰非成員。跟其他公會一樣。[/end]"
861,"法師公會是泰姆瑞爾官方的魔法研究中心。多數大城鎮都有分會，除了研究之外也出售法術與魔法物品。[/record]
法師公會有點像研習法術的學校。要加入必須已經相當不錯，但非成員也能使用部分服務。[/record]
法師公會差不多就是名字所說的那樣。這是讓各類施法者聚在一起互相教導的組織。以前法師都是獨居類型。如今不再如此。[/record]
就是你想的那樣。一所學校，也是俱樂部，讓已經相當不錯的法師變得更好。它存在至少有一千年了。[/end]"
862,"黑暗兄弟會是非常神秘的組織，較務實的統治者常雇他們當刺客。他們有瘋子與迪德拉崇拜者的名聲，但他們一定做對了什麼。他們已存在數千年。[/record]
一群偽裝成宗教教團的刺客。[/record]
他們或多或少是泰姆瑞爾的官方刺客公會。多數王國已宣布他們為非法組織，但宣布是一回事……[/record]
他們有點像宗教團體，但不像神殿。想像一群滿腦子刀子與鮮血的祭司。[/end]"
863,"許多騎士團都有自己的秘密，但刀鋒的一切都被神話籠罩。傳聞他們是泰姆瑞爾最精銳的戰士，世代在同一家族中受訓。他們的目標完全未知。[/record]
他們可能根本不存在；但若存在，且傳說有根據，他們就是全泰姆瑞爾最精銳的戰士。[/record]
他們確實是騎士團，但與任何以效忠定義自身的騎士團不同，刀鋒的主人不為人知。他們是完全謎樣的團體。[/record]
你不該這麼公開地打聽刀鋒。人人都知道他們由泰姆瑞爾最優秀的戰士組成，但沒人知道他們存在的目的。這讓他們很危險。[/end]"
864,"死靈法師是法師公會的黑暗鏡像，強大的魔力施法者，精通最具腐化與迪德拉性質的法術。據說他們由一個被稱為蠕蟲之王的人領導。據一般傳聞，他已數千歲且毫不衰老。[/record]
最好連死靈法師都別談。與法師公會不同，他們投身於單一目標。但儘管有相反的恐怖故事，沒人知道那目標究竟是什麼。[/record]
死靈法師是巫師，像法師公會一樣，但遠、遠更保密。他們的目標與活動只被竊竊私語，但除了死靈法師本人，沒人能確定。[/record]
有句老話說，對抗死靈法師時，你害怕死後之事更甚於死亡本身。他們是危險的巫師，有德之人最好少與他們往來。[/end]"
865,"地底之王是童年故事裡的老妖怪，據說是有史以來最強大的法師。故事可追溯到塞普汀王朝最早的年代。然而，沒人懷疑那些自稱其代理人的存在。聲稱聽命於地底之王的活人與被驅動的死者，或許有數百之眾。[/record]
地底之王，嗯，有點像巫妖。非常強大、非常神秘的遠古巫妖。至於他住哪、想要什麼？那我就說不上來了。[/record]
據某些故事，地底之王曾是強大的巫師，為了某種崇高事業獻出了自己的心。心消失了，所以他既不能死也不能真正活著。但他的爪牙以狂熱的忠誠執行他的命令，據說仍在尋找他的心。[/record]
地底之王或許只是神話，但他的爪牙非常真實。泰姆瑞爾的平民絕對相信地底之王，並且非常害怕他。[/end]"
866,"戰士公會是精密的傭兵服務。他們常雇冒險者當守衛、護送，偶爾也執行更隱密的任務。[/record]
就是一群受雇的守衛，沒什麼神秘或浪漫的。[/record]
戰士公會正如其名——受雇長槍與其他傭兵的組織。[/record]
任何有金幣的人都會去戰士公會雇額外的守衛、護送，諸如此類。要把 %reg 的事情辦成，他們絕對不可或缺。[/end]"
867,燈騎士團是保護法師公會中較不擅戰鬥成員的騎士團。[/end]
868,關於法師公會的秘會所知不多。一般認為他們的力量來自召喚偉大的迪德拉領主與親王。[/end]
869,"阿凱教團是奉獻於崇拜阿凱——誕生與死亡循環之神——的宗教教團。[/record]
那是奉獻於誕生與死亡之神阿凱的神殿。[/record]
阿凱教團是崇拜誕生與死亡循環之神的神殿。[/end]"
870,"任何奉獻於工作與商業之神澤尼薩爾的神殿，都稱為澤尼薩爾決議所或澤尼決議所。[/record]
決議所是澤尼薩爾的祭司給他們神殿取的華麗名稱。[/record]
澤尼薩爾是工作與商業之神。一位不講廢話的神祇，祂的神殿也同樣固執，因而被稱為決議所。[/end]"
871,"奉獻於母神瑪拉的神殿習慣上稱為仁愛堂，因為她也是愛之女神。[/record]
仁愛堂是任何奉獻於母神瑪拉的神殿。[/record]
瑪拉的神殿稱為仁愛堂，正如工作與商業之神稱祂的神殿為決議所。她是母神也是愛之女神，這樣叫某種程度上說得通。[/record]
"
872,"阿卡托什詠唱堂是奉獻於巨龍、時間之神阿卡托什的神殿之一。[/record]
阿卡托什的祭司總是稱他們的神殿為詠唱堂。我想是因為他們在那裡唱很多歌。[/record]
阿卡托什是時間巨龍神，奉獻於祂的神殿總是稱為詠唱堂。[/end]"
873,"朱利安諾斯是智慧與邏輯之神，祂的神殿稱為學院。[/record]
他們在神殿裡並非真正崇拜朱利安諾斯，但由於祂是智慧之神，他們把神殿經營得更像學府。所以叫學院，不叫神殿。[/record]
朱利安諾斯學院是泰姆瑞爾頂尖研究機構之一，大概僅次於法師公會。法師與朱利安諾斯的學者之間其實競爭很激烈。[/end]"
874,"斯丹達爾神殿奉獻於慈悲守護神斯丹達爾。他們是此地最偉大的慈善機構之一。[/record]
斯丹達爾是慈悲之神，祂的神殿試圖把和平的訊息帶給全泰姆瑞爾。成敗如何，你自己判斷。[/record]
奉獻於慈悲與和平之神的教派稱為斯丹達爾神殿。隨你怎麼說，他們對和平的泰姆瑞爾有誠實的願景。[/end]"
875,"凱娜瑞斯是空氣女神，也是許多地方——包括匕首雨王國——的守護靈。她的神殿分布廣泛，崇拜也很盛行。[/record]
凱娜瑞斯神殿崇拜空氣女神，據說是她首先把領主鎖子甲賜給莫里豪斯。[/record]
空氣女神的祭司與女祭司聚集在那裡向他們的守護者祈禱。[/end]"
876,環騎士團是阿凱教團的保護者與護衛。他們對祂的奉獻不亞於祂的祭司。[/end]
877,鐵騎士團奉獻於商業之神澤尼薩爾。他們保護決議所的成員，使其貿易不受干擾。[/end]
878,瑪拉騎士團是那些把劍奉獻給母神瑪拉的戰士。他們宣誓在泰姆瑞爾保護她的事業與仁愛堂。[/end]
879,時辰騎士團是宣誓效忠時間巨龍神阿卡托什的騎士。他們推進祂的事業並保護祂的詠唱堂。[/end]
880,導師騎士團受召追隨智慧與學問之神朱利安諾斯。朱利安諾斯學院承擔大部分實際教學，導師騎士則保護賢者，並與無處不在的愚昧之力作戰。[/end]
881,百合騎士團是宣誓效忠美之女神迪貝拉理想的騎士。他們保護她的神殿，必要時也為她的家宅漂亮地赴死。[/end]
882,聖戰騎士是慈悲之神斯丹達爾的騎士。他們保護斯丹達爾神殿，並在情勢需要時擔任祂慈悲的利刃。[/end]
883,凱娜瑞斯騎士團由身心與劍皆奉獻給空氣女神凱娜瑞斯的騎士組成。他們最常與凱娜瑞斯神殿的祭司為伴。[/end]
884,巨龍騎士團由匕首雨民兵中最精銳的騎士組成，以誓言束縛，為王室與王國效力。[/end]
885,燭火騎士團是受命保護哨兵城王室與王國的騎士團。[/end]
886,玫瑰騎士團被祝聖為途歇城王室與王國的保護者與戰士。[/end]
887,火焰騎士團與弗萊特王室往來數百年，如今已成為安蒂克萊之地的保護者。[/end]
888,號角騎士團由萊恩林最精銳的騎士組成，以誓言束縛，保護並效力於萊恩林男爵領及其統治家族。[/end]
889,貓頭鷹騎士團是格倫角的傳統衛隊與民兵，為該地區最精銳者。[/end]
890,渡鴉騎士團數百年來一直是德溫嫩男爵領的祝聖保護者。[/end]
891,車輪騎士團保護並效力於阿比邦-戈拉的人民與統治家族。他們是落錘省最精銳的騎士之列。[/end]
892,聖甲蟲騎士團由以神聖誓言受命保護托坦布王室與土地的騎士組成。[/end]
893,鷹騎士團從安提菲洛斯最精銳、最高貴的戰士中選出，以保護並為該地王室與人民而戰。[/end]
894,任何奉獻於美之女神的神殿都稱為迪貝拉之家。其中的祭司與女祭司是追求形體與心靈之美的享樂者與狂喜者。[/end]
900,"林中禽鳥[/record]
若能如願我也願[/record]
啊，那該多好[/record]
且依本分去做[/record]
你可願、你可願、可願？[/record]
你的劍是否滴著血？[/record]
像林中的嬰孩[/record]
我在鄰里見過你[/record]
敲、敲、敲木頭[/record]
愛啊，我為何不能為善？[/record]
莖、瓣與花蕾[/record]
人群中只一張臉[/record]
我從人群把你挑出[/record]
現在唱，大聲唱！[/record]
你為何必須大哭？[/record]
吾愛，吾愛，莫驕傲[/record]
吾愛，我怕，極驕傲[/record]
在我墳上覆壽衣[/record]
雲像灰色壽衣[/record]
或許我有些過於豐盈[/record]
他記得童年時的她[/record]
那份純真留在童年[/record]
吾愛，那不過是謊言[/record]
愛啊，吃常春藤與附子[/record]
吾愛承受的還更多[/record]
你的話對我是苦艾[/record]
遠超我所理解[/record]
如今我可更被理解？[/record]
為何我總被誤解？[/record]
親愛的，或許是我誤解[/end]"
901,"綠葉正飄落時[/record]
吾愛將來探訪[/record]
這最令我憤恨[/record]
它跪著爬來[/record]
房屋租戶四散蔓延[/record]
令我憎惡的境況[/record]
你總讓我著迷[/record]
我便從雲端不斷墜落[/record]
舌尖搖擺又耷拉[/end]"
902,"低低地，德里德里，低低[/record]
她穿美麗、美麗的長裙[/record]
不過是傑弗雷的小丑[/record]
眼藍頰褐[/record]
鑽石在他冠上閃[/record]
海中我們都將溺[/record]
笑啊，吾愛！莫皺眉！[/record]
越過美麗谷，越過美麗鎮[/record]
飛、飛走，永不往下看[/end]"
903,"啊，你去了哪裡？[/record]
刀刃鋒利[/record]
讓我磨我的短劍[/record]
啊，別對我刻薄[/record]
願你黑心變潔淨[/record]
我是你的王，做我的后[/record]
春啊春，如此嫩綠[/record]
何等非凡的景象！[/record]
啊，她喜歡被看見[/record]
我是你王后的騎士[/record]
我當強尼，你當珍[/record]
對你的強尼，我當珍[/end]"
904,"他是勇敢的情郎[/record]
他們都狂吼亂叫[/record]
如此篤定、平靜而自信[/record]
朋友，莫做諂媚者！[/record]
來，吾愛，我們去遊蕩！[/record]
演員滿腹才華[/record]
人說你風雅[/record]
愛會如常春藤生長[/record]
非巨人，永遠當螞蟻[/record]
每個姪甥、姪女、叔伯、嬸姨[/end]"
905,"我病了，病得很、很重[/record]
給老狗快活一腳[/record]
母雞與她的小雞[/record]
讓我舔蜜蜂所舔之處[/record]
雨把路淋得滑[/record]
我該挑哪個？[/record]
我們全體，死者與生者[/record]
我的屋一磚一磚砌成[/record]
這全是快活的把戲嗎？[/record]
我的腰漸漸變粗[/record]
她是高精靈，他是諾德[/record]
教我那把戲怎麼做[/record]
把你的臂膀繞上我頸[/record]
你看不見這快活的殘骸嗎[/record]
我的刃便如此咔嚓作響[/end]"
906,"那是年中時分[/record]
上樹吧，親愛的，我們爬[/record]
蜥蜴從泥漿爬出[/record]
恕我粗鄙的韻[/record]
去愛不過是罪[/record]
白手沾最黑的垢[/record]
唉，死於盛年[/record]
還能更崇高嗎？[/record]
向我解釋愛的範式[/record]
自然向我們演默劇[/record]
再觸一次天空[/record]
啊阿卡托什，再給我時間[/end]"
907,"從井裡打水來[/record]
叮，咚，戴爾[/record]
越山，越谷[/record]
我聞到那芬芳[/record]
瘋巫師的法術[/record]
你平息了我的愛[/record]
孤單牢房裡的重犯[/record]
美貌的愛，待價而沽[/record]
海灘上我找到貝殼[/record]
我試著把故事講[/record]
吾愛究竟住何方？[/record]
潮退，潮又漲[/record]
讓我放聲大喊[/record]
讓我們一起反抗[/record]
吾愛將此排斥[/record]
但我永不強迫你[/record]
那麼我向你深情告別[/record]
咚，咚，戴爾[/record]
叮，叮，戴爾[/record]
春，斯普龍，斯普雷爾[/record]
我尖叫，我喊，我尖叫，我吼[/record]
像天使，她墜落[/record]
她躺著像中了不死咒[/record]
斯丹達爾，救我脫這地獄！[/record]
像女帝金塔拉在她牢房[/record]
別了，別了愛，別了生命[/end]"
908,"愛的路途是污穢[/record]
樹上有隻智慧貓頭鷹[/record]
她臉上罩著頭巾[/record]
遠月之狼在嚎[/record]
夜裡黑暗迪德拉潛行[/record]
我必須向風嚎嗎？[/record]
阿凱，賜我此刻的死[/end]"
909,"那是情郎與他的姑娘[/record]
他們聚成陰暗的一團[/record]
恕我這歌大膽粗俗[/record]
她不愛他，唉，唉！[/record]
守財奴積攢的金[/record]
胸甲上大膽的徽[/record]
飲香料酒與希波克拉[/record]
向你，讓我舉杯[/record]
在多風的山口[/record]
眼綠如春草[/record]
可是，愛，你看見沙漏嗎？[/end]"
910,"吹吧，吹吧，你這冬風[/record]
勞工終於得歇[/record]
奶腐成最美的起司[/record]
她想討她愛的歡心[/record]
漿果擠出甜汁[/record]
我心對愛的熱火凍結[/record]
讓這蒙福的片刻抓住！[/record]
吾愛勸誘，吾愛戲弄[/record]
我們小心討好眾神[/record]
再唱一次愛的甜美疊句[/record]
唉，我心染上愛的病！[/record]
比迪貝拉的膝更誘人[/end]"
911,"啊，你漫遊何方？[/record]
看見哨兵城莊嚴的歡愉穹頂？[/record]
海噴濺又起沫[/record]
你何時回家？[/record]
使喚我比地精更狠[/record]
瑪拉寫下愛的聖書[/record]
若你願，就去環遊世界[/record]
一間不是家的房子[/end]"
912,"那麼來吻我，二十又甜蜜[/record]
我什麼都吃不下[/record]
鼠鼠鼠，鼓在敲[/record]
若全是遊戲，吾愛，我們就作弊[/record]
讓我用你全部的熱取暖[/record]
谷裡聽羊哀鳴[/record]
啊諾托戈，讓我的信迅捷[/record]
心冷如晨星月的天際凍雨[/record]
讓我們盛宴酒果與肉！[/record]
阿凱，你必須量殘酷命運[/record]
閃爍的星，愛啊，讓我們迎接[/record]
我會在 %cn 的街上見你嗎？[/record]
你的髮濃褐如布萊頓小麥[/record]
她強壯而他柔弱[/record]
淘氣的夜被黎明擊敗[/record]
選我進精銳衛隊[/record]
最甜的愛，我必須重複嗎？[/record]
面對如此勝算，我們敢競爭嗎？[/record]
別求我，愛，要我謹慎[/record]
這景象我無法退卻[/record]
愛我親愛的，她懇求[/record]
但戀人心盈滿欺詐[/record]
這樣的科學不是過時了嗎？[/record]
我吻你從頭到腳[/end]"
913,"快活地，快活地我如今要活[/record]
她將屈膝而他將鞠躬[/record]
溪上，繁花的枝[/record]
田裡，奴隸在耕[/record]
吾愛，莫皺你的眉[/record]
公豬與母豬互相拱[/record]
我自由了，吾愛，你呢？[/record]
吾愛，莫發神聖誓言[/record]
奇了，我想與你同在。[/end]"
914,"皆隨此去，終成塵土[/record]
她臉姣好胸脯圓潤[/record]
沒有反愛的法律能公正[/record]
若你喜歡，可稱之為欲[/record]
我對必須做的事絕望[/record]
鞘中劍生鏽[/record]
無信任處便無愛[/record]
有翼之鳥向亮空衝[/record]
或許我的歌令你厭惡[/record]
要強壯，吾愛，你必須適應[/record]
看見那騎士，強壯結實？[/record]
讓漫遊欲充滿我[/end]"
915,"當我想著你，親愛的朋友[/record]
開始最接近結束[/record]
河在最寬的彎最深[/record]
既不借，愛啊，也不貸！[/record]
身心之愛交融[/record]
帶著痛，我覺心在癒[/record]
愚人把這民謠寫酸了[/record]
與你共度極樂之夜[/record]
向你，我把一切憂慮送出[/record]
過去粗鄙，未來未知[/record]
你的榮譽，我知我會捍衛[/record]
這激情不該冒犯[/record]
向湮滅，我的靈下降[/record]
我怕，吾愛，你在屈尊[/record]
騎士將逮捕惡徒[/record]
愛，你能理解這嗎？[/record]
我將依賴你善良的心[/record]
驕傲的 %cn 上空，星懸著[/record]
我最美的衣裳我將撕破[/end]"
916,"腐爛的百合比雜草更臭[/record]
我挨餓卻從你手中取食[/record]
啊瑪拉，我必須遵你殘酷的法[/record]
親愛的，跟我走這條路[/record]
欲之刃使我靈魂流血[/record]
向你，美瑪拉，我求慈悲[/record]
吃好食飲美蜜酒[/record]
你或會得到你所需[/record]
來吧雨手之水，快來[/record]
你最高貴的種，你最精的血統[/record]
愛是我的宗教，哀是我的信條[/record]
收我為你的，為愛不為貪[/record]
首種月雨水充沛[/record]
強如牛，迅如駿[/record]
你的驕傲我發誓永不誤導[/record]
人的惡法阻礙真愛[/record]
你的美與雅無人能超越[/end]"
917,"憑瑪拉，我覺我的愛稀有[/record]
如強隼在高空飛[/record]
如真理，我願見你身體赤裸[/record]
我吻你唇與你如此姣好的頸[/record]
愛使我們魯莽，無所顧忌[/record]
如此大膽的激情我敢[/record]
那麼，吾愛，你可好？[/record]
年中的陽光在你髮上亮[/record]
他是她的種馬，她是他的牝馬[/record]
他們一起走向廣場[/record]
你從未見過更美的一對！[/record]
啊女神瑪拉，承認我的祈禱！[/record]
浴在陽光，陽光可穿[/record]
在月光與星上，戀人起誓[/record]
我的愛向你悲傷地宣告[/record]
我不會與春曉相比[/record]
我的生命在痛苦中，我充滿絕望[/record]
我記得那憂鬱的戀情[/record]
親愛的愛，買者當心[/end]"
918,"用你白皙的手伸向我[/record]
嫉妒走過處，哀愁便在[/record]
我持盒墜，你有鑰匙[/record]
你美麗的髮上，我瞥見一蚤[/record]
當你看見愛，莫逃[/record]
我的女神，啊瑪拉，我懇求[/record]
真正自由意味什麼？[/record]
愛啊，給我們加一，變成三[/record]
鳥在樹上啁啾情歌[/record]
但你，吾愛，遠在海的那頭[/record]
你把自己給我，我把自己給你[/record]
瑪拉的法令如此說[/record]
沒有傻瓜能保證愛[/record]
我的眼看見何等景象！[/record]
你溺於狂暴的海[/record]
我把你的魂帶進我體內[/end]"
919,"我採花來鋪你的路[/record]
你髮夜黑，你眼亮如晝[/record]
喏喏喏喏，嘿！[/record]
在花枝上，我的身體躺[/record]
像孩子，我們在金田裡玩[/record]
我們傻瓜為愛付何代價！[/record]
像風暴前的雲，我變灰[/record]
親愛的，請留在我身旁！[/record]
我的愛如強枝永不搖[/record]
你摘花做你的花束[/record]
舞者開始他們悲傷的芭蕾[/record]
趁還可以，讓我們嬉戲[/record]
吾愛，你如此遠遠[/record]
每天一千個荒廢的時辰[/record]
你會就這樣把我扔掉嗎？[/end]"
920,"甜美的白晝，如此涼、如此靜而亮[/record]
讓自己避開嫉妒的咬[/record]
和平吧，吾愛，我厭倦了戰[/record]
讓我們把愛舉向光[/record]
收成有豐也有疫[/record]
莫憐我悲哀的處境！[/record]
我們竭盡全力掙扎[/record]
她是他的夫人，他是她的騎士[/record]
你行走如夜一般美[/record]
你以嫉妒的惡意使我痛[/record]
我詛咒我眼的視覺[/record]
田裡我瞥見一匹白馬[/record]
來吧吾愛，黃昏來[/record]
對你，親愛的，我欣喜[/record]
我在沒有光的房間[/record]
我願付出一切緊擁你[/record]
我願今晚帶你回家[/record]
今夜就把我擁入你懷[/end]"
921,"粗野的牧人如此唱[/record]
你的愛像甜蜜的禍[/record]
若這就是愛，我無法假裝[/record]
把刀拿來讓我被殺[/record]
為何愛帶來如此多痛？[/record]
我心裡有暴君在統治[/record]
你留我站在雨中[/record]
吾愛，你怎能如此虛榮？[/record]
無常的月盈又虧[/record]
我心再次裂成兩半[/record]
隱秘、迪德拉、奧術的力[/record]
用言語，我把你鎖住[/record]
你以真正的輕蔑看我[/record]
我怎能祈禱重獲希望？[/record]
或許，吾愛，我該解釋[/record]
戀人如何從愛中禁慾？[/record]
你如颶風來到我面前[/record]
我能看穿你的手法[/record]
我被空洞的念頭折磨[/record]
我只希望我或許能娛人[/record]
戀人與瘋子可曾清醒？[/end]"
1000,"%mat %arm [/center]
護甲等級 %mod[/center]
狀態：%qua[/center]
重量：%kg 公斤[/center]
[/end]"
1001,"%mat %wep [/center]
傷害 %wdm 點[/center]
狀態：%qua[/center]
重量：%kg 公斤[/center]
[/end]"
1002,"%mit [/center]
狀態：%qua[/center]
價值：%wth 金幣[/center]
重量：%kg 公斤[/center]
[/end]"
1003,"%it[/center]
狀態：%qua[/center]
價值：%wth 金幣[/center]
重量：%kg 公斤[/center]
[/end]"
1004,"%it[/center]
容納：%hs[/center]
狀態：%qua[/center]
價值：%wth 金幣[/center]
重量：%kg 公斤[/center]
[/end]"
1005,"%mat %wep [/center]
傷害 %wdm 點[/center]
狀態：%qua[/center]
重量：%kg 公斤[/center]
已塗毒：%wpn[/end]"
1006,"%it[/center]
狀態：%qua[/center]
價值：%wth 金幣[/center]
重量：%kg 公斤[/center]
內含：%wpn[/end]"
1007,"%it[/center]
價值：%wth 金幣[/center]
重量：%kg 公斤[/center]
[/end]"
1008,"%po[/center]
價值：%wth 金幣[/center]
重量：%kg 公斤[/center]
[/end]"
1009,"%bt 由 %ba 著[/center]
價值：%wth 金幣[/center]
重量：%kg 公斤[/center]
[/end]"
1010,"你身體不適，可能無法撐過[/center]
長時間旅行。你仍要[/center]
繼續快速旅行嗎？[/center]
[/end]"
1011,"%wep[/center]
重量：%kg 公斤[/center]
[/end]"
1012,"%wep [/center]
傷害 %wdm 點[/center]
狀態：%qua[/center]
重量：%kg 公斤[/center]
[/end]"
1013,"%wep [/center]
狀態：%qua[/center]
重量：%kg 公斤[/center]
[/end]"
1014,"%arm [/center]
護甲等級 %mod[/center]
狀態：%qua[/center]
重量：%kg 公斤[/center]
[/end]"
1015,"奧格瑪無限之書[/center]
價值：50000 金幣[/center]
重量：%kg 公斤[/center]
[/end]"
1016,"物品能力：[/left]
%mpw[/center]
[/end]"
1068,"你的職業禁止[/center]
裝備此物品。[/center]
[/end]"
1069,"確定要離開遊戲嗎？[/center]
[/end]"
1071,"你完全精疲力竭，倒在地上。[/center]
一小時後你醒了過來。[/center]
[/end]"
1072,"你完全精疲力竭，倒在地上。[/center]
在那種狀態下，你輕易成為遊蕩怪物的獵物，[/center]
再也沒有醒來。[/center]
[/end]"
1073,"你在 %hrg 地區[/center]
%htwn 城鎮的[/center]
房屋地契。[/center]
[/end]"
1200,"麻痺[/center]
持續時間：%bdr + %adr 每 %cld 級[/center]
機率：%bch + %ach 每 %clc 級[/center]
強度：%1bm - %2bm + %1am - %2am[/center]
每 %clm 級[/center]
""使目標麻痺。[/center]
基礎成功機率為 %bch，施法者能力每 %clc 級再加上 %ach。[/center]
若成功，目標將被麻痺[/center]
持續 %bdr 回合，再加上 %adr[/center]
施法者每 %cld 級的額外回合，[/center]
除非目標被治癒。""[/center]
[/end]"
1201,"麻痺[/center]
持續時間：%bdr + %adr 每 %cld 級[/center]
機率：%bch + %ach 每 %clc 級[/center]
強度：%1bm - %2bm + %1am - %2am[/center]
每 %clm 級[/center]
""使目標麻痺。[/center]
基礎成功機率為 %bch，施法者能力每 %clc 級再加上 %ach。[/center]
若成功，目標將被麻痺[/center]
持續 %bdr 回合，再加上 %adr[/center]
施法者每 %cld 級的額外回合，[/center]
除非目標被治癒。""[/center]
[/end]"
1202,"麻痺[/center]
持續時間：%bdr + %adr 每 %cld 級[/center]
機率：%bch + %ach 每 %clc 級[/center]
強度：%1bm - %2bm + %1am - %2am[/center]
每 %clm 級[/center]
""使目標麻痺。[/center]
基礎成功機率為 %bch，施法者能力每 %clc 級再加上 %ach。[/center]
若成功，目標將被麻痺[/center]
持續 %bdr 回合，再加上 %adr[/center]
施法者每 %cld 級的額外回合，[/center]
除非目標被治癒。""[/center]
[/end]"
1203,"持續傷害——生命[/center]
持續時間：%bdr + %adr 每 %cld 級[/center]
機率：%bch + %ach 每 %clc 級[/center]
強度：%1bm - %2bm + %1am - %2am[/center]
每 %clm 級[/center]
""使目標的生命受到傷害。[/center]
目標將失去 %1bm 至 %2bm 點生命[/center]
每回合，施法者每 %clm 級再加上 %1am 至 %2am 點[/center]
施法者。""[/center]
[/end]"
1204,"持續傷害——生命[/center]
持續時間：%bdr + %adr 每 %cld 級[/center]
機率：%bch + %ach 每 %clc 級[/center]
強度：%1bm - %2bm + %1am - %2am[/center]
每 %clm 級[/center]
""使目標的生命受到傷害。[/center]
目標將失去 %1bm 至 %2bm 點生命[/center]
每回合，施法者每 %clm 級再加上 %1am 至 %2am 點[/center]
施法者。""[/center]
[/end]"
1205,"持續傷害——疲勞[/center]
持續時間：%bdr + %adr 每 %cld 級[/center]
機率：%bch + %ach 每 %clc 級[/center]
強度：%1bm - %2bm + %1am - %2am[/center]
每 %clm 級[/center]
""使目標的疲勞受到傷害。[/center]
目標每回合將失去 %1bm 至 %2bm 點疲勞，[/center]
施法者每 %clm 級再加上 %1am 至 %2am 點[/center]
施法者。""[/center]
[/end]"
1206,"持續傷害——法術點數[/center]
持續時間：%bdr + %adr 每 %cld 級[/center]
機率：%bch + %ach 每 %clc 級[/center]
強度：%1bm - %2bm + %1am - %2am[/center]
每 %clm 級[/center]
""使目標的法術點數受到傷害。[/center]
目標將失去 %1bm 至 %2bm 法術點數[/center]
每回合，施法者每 %clm 級再加上 %1am 至 %2am 點[/center]
施法者。""[/center]
[/end]"
1207,"創造物品[/center]
持續時間：%bdr + %adr 每 %cld 級[/center]
機率：%bch + %ach 每 %clc 級[/center]
強度：不適用 + 不適用 每不適用級[/center]
""創造一件由施法者選擇的有用物品。[/center]
物品持續 %bdr 回合，再加上 %adr 回合[/center]
施法者每 %cld 級。""[/center]
[/end]"
1209,"治癒——疾病[/center]
持續時間：不適用 + 不適用 每 1 級[/center]
機率：%bch + %ach 每 %clc 級[/center]
強度：不適用 + 不適用 每不適用級[/center]
""治癒目標的疾病。[/center]
基礎成功機率為 %bch，再加上 %ach[/center]
施法者每 %clc 級。""[/center]
[/end]"
1210,"治癒——毒素[/center]
持續時間：不適用 + 不適用 每 1 級[/center]
機率：%bch + %ach 每 %clc 級[/center]
強度：不適用 + 不適用 每不適用級[/center]
""解除目標的毒素。[/center]
基礎成功機率為 %bch，再加上 %ach[/center]
施法者每 %clc 級。""[/center]
[/end]"
1211,"治癒——麻痺[/center]
持續時間：不適用 + 不適用 每 1 級[/center]
機率：%bch + %ach 每 %clc 級[/center]
強度：不適用 + 不適用 每不適用級[/center]
""解除目標的麻痺。[/center]
基礎成功機率為 %bch，再加上 %ach[/center]
施法者每 %clc 級。""[/center]
[/end]"
1212,"傷害——生命[/center]
持續時間：%bdr + %adr 每 %cld 級[/center]
機率：%bch + %ach 每 %clc 級[/center]
強度：%1bm - %2bm + %1am - %2am[/center]
每 %clm 級[/center]
""使目標的生命受到傷害。[/center]
目標每回合將失去 %1bm 至 %2bm 點生命，[/center]
施法者每 %clm 級再加上 %1am 至 %2am 點[/center]
施法者。""[/center]
[/end]"
1213,"傷害——疲勞[/center]
持續時間：%bdr + %adr 每 %cld 級[/center]
機率：%bch + %ach 每 %clc 級[/center]
強度：%1bm - %2bm + %1am - %2am[/center]
每 %clm 級[/center]
""使目標的疲勞受到傷害。[/center]
目標每回合將失去 %1bm 至 %2bm 點疲勞，[/center]
施法者每 %clm 級再加上 %1am 至 %2am 點。""[/center]
[/end]"
1214,"傷害——法術點數[/center]
持續時間：%bdr + %adr 每 %cld 級[/center]
機率：%bch + %ach 每 %clc 級[/center]
強度：%1bm - %2bm + %1am - %2am[/center]
每 %clm 級[/center]
""使目標的法術點數受到傷害。[/center]
目標每回合將失去 %1bm 至 %2bm 法術點數，[/center]
施法者每 %clm 級再加上 %1am 至 %2am 點[/center]
施法者。""[/center]
[/end]"
1215,"瓦解[/center]
持續時間：不適用 + 不適用 每 1 級[/center]
機率：%bch + %ach 每 %clc 級[/center]
強度：不適用 + 不適用 每不適用級[/center]
""使目標瓦解。[/center]
基礎成功機率為 %bch，施法者每 %clc 級再加上 %ach。[/center]
""[/center]
[/end]"
1216,"驅散——魔法[/center]
持續時間：不適用 + 不適用 每不適用級[/center]
機率：%bch + %ach 每 %clc 級[/center]
強度：不適用 + 不適用 每不適用級[/center]
""驅散魔法。[/center]
基礎成功機率為 %bch，[/center]
施法者每 %clc 級再加上 %ach。""[/center]
[/end]"
1217,"驅散——不死生物[/center]
持續時間：不適用 + 不適用 每不適用級[/center]
機率：%bch + %ach 每 %clc 級[/center]
強度：不適用 + 不適用 每不適用級[/center]
""驅散不死生物。[/center]
基礎成功機率為 %bch，[/center]
施法者每 %clc 級再加上 %ach。""[/center]
[/end]"
1218,"驅散——迪德拉[/center]
持續時間：不適用 + 不適用 每不適用級[/center]
機率：%bch + %ach 每 %clc 級[/center]
強度：不適用 + 不適用 每不適用級[/center]
""驅散迪德拉。[/center]
基礎成功機率為 %bch，[/center]
施法者每 %clc 級再加上 %ach。""[/center]
[/end]"
1219,"吸取——力量[/center]
持續時間：%bdr + %adr 每 %cld 級[/center]
機率：%bch + %ach 每 %clc 級[/center]
強度：%1bm - %2bm + %1am - %2am[/center]
每 %clm 級[/center]
""使目標的力量被吸取。[/center]
目標將失去 %1bm 至 %2bm 點力量[/center]
每回合，再加上 %1am 至 %2am 點[/center]
施法者每 %clm 級。""[/center]
[/end]"
1220,"吸取——智力[/center]
持續時間：%bdr + %adr 每 %cld 級[/center]
機率：%bch + %ach 每 %clc 級[/center]
強度：%1bm - %2bm + %1am - %2am[/center]
每 %clm 級[/center]
""使目標的智力被吸取。[/center]
目標將失去 %1bm 至 %2bm 點智力[/center]
每回合，再加上 %1am 至 %2am 點[/center]
施法者每 %clm 級。""[/center]
[/end]"
1221,"吸取——意志[/center]
持續時間：%bdr + %adr 每 %cld 級[/center]
機率：%bch + %ach 每 %clc 級[/center]
強度：%1bm - %2bm + %1am - %2am[/center]
每 %clm 級[/center]
""使目標的意志被吸取。[/center]
目標將失去 %1bm 至 %2bm 點意志[/center]
每回合，再加上 %1am 至 %2am 點[/center]
施法者每 %clm 級。""[/center]
[/end]"
1222,"吸取——敏捷[/center]
持續時間：%bdr + %adr 每 %cld 級[/center]
機率：%bch + %ach 每 %clc 級[/center]
強度：%1bm - %2bm + %1am - %2am[/center]
每 %clm 級[/center]
""使目標的敏捷被吸取。[/center]
目標將失去 %1bm 至 %2bm 點敏捷[/center]
每回合，再加上 %1am 至 %2am 點[/center]
施法者每 %clm 級。""[/center]
[/end]"
1223,"吸取——耐力[/center]
持續時間：%bdr + %adr 每 %cld 級[/center]
機率：%bch + %ach 每 %clc 級[/center]
強度：%1bm - %2bm + %1am - %2am[/center]
每 %clm 級[/center]
""使目標的耐力被吸取。[/center]
目標將失去 %1bm 至 %2bm 點耐力[/center]
每回合，再加上 %1am 至 %2am 點[/center]
施法者每 %clm 級。""[/center]
[/end]"
1224,"吸取——速度[/center]
持續時間：%bdr + %adr 每 %cld 級[/center]
機率：%bch + %ach 每 %clc 級[/center]
強度：%1bm - %2bm + %1am - %2am[/center]
每 %clm 級[/center]
""使目標的速度被吸取。[/center]
目標將失去 %1bm 至 %2bm 點速度[/center]
每回合，再加上 %1am 至 %2am 點[/center]
施法者每 %clm 級。""[/center]
[/end]"
1225,"吸取——魅力[/center]
持續時間：%bdr + %adr 每 %cld 級[/center]
機率：%bch + %ach 每 %clc 級[/center]
強度：%1bm - %2bm + %1am - %2am[/center]
每 %clm 級[/center]
""使目標的魅力被吸取。[/center]
目標將失去 %1bm 至 %2bm 點魅力[/center]
每回合，再加上 %1am 至 %2am 點[/center]
施法者每 %clm 級。""[/center]
[/end]"
1226,"吸取——幸運[/center]
持續時間：%bdr + %adr 每 %cld 級[/center]
機率：%bch + %ach 每 %clc 級[/center]
強度：%1bm - %2bm + %1am - %2am[/center]
每 %clm 級[/center]
""使目標的幸運被吸取。[/center]
目標將失去 %1bm 至 %2bm 點幸運[/center]
每回合，再加上 %1am 至 %2am 點[/center]
施法者每 %clm 級。""[/center]
[/end]"
1227,"元素抗性——火焰[/center]
持續時間：%bdr + %adr 每 %cld 級[/center]
機率：%bch + %ach 每 %clc 級[/center]
強度：不適用 + 不適用 每不適用級[/center]
""使目標獲得火焰抗性。[/center]
法術持續 %bdr 回合，再加上 %adr 回合[/center]
施法者每 %cld 級。基礎成功機率[/center]
為 %bch，施法者每 %clc 級再加上 %ach。[/center]
若法術未成功，目標仍只受一半傷害。""[/center]
[/end]"
1228,"元素抗性——冰霜[/center]
持續時間：%bdr + %adr 每 %cld 級[/center]
機率：%bch + %ach 每 %clc 級[/center]
強度：不適用 + 不適用 每不適用級[/center]
""使目標獲得寒冷抗性。[/center]
法術持續 %bdr 回合，再加上 %adr 回合[/center]
施法者每 %cld 級。基礎成功機率[/center]
為 %bch，施法者每 %clc 級再加上 %ach。[/center]
若法術未成功，目標仍只受一半傷害。""[/center]
[/end]"
1229,"元素抗性——毒素[/center]
持續時間：%bdr + %adr 每 %cld 級[/center]
機率：%bch + %ach 每 %clc 級[/center]
強度：不適用 + 不適用 每不適用級[/center]
""使目標獲得毒素抗性。[/center]
法術持續 %bdr 回合，再加上 %adr 回合[/center]
施法者每 %cld 級。基礎成功機率[/center]
為 %bch，施法者每 %clc 級再加上 %ach。[/center]
若法術未成功，目標仍只受一半傷害。""[/center]
[/end]"
1230,"元素抗性——電擊[/center]
持續時間：%bdr + %adr 每 %cld 級[/center]
機率：%bch + %ach 每 %clc 級[/center]
強度：不適用 + 不適用 每不適用級[/center]
""使目標獲得電擊抗性。[/center]
法術持續 %bdr 回合，再加上 %adr 回合[/center]
施法者每 %cld 級。基礎成功機率[/center]
為 %bch，施法者每 %clc 級再加上 %ach。[/center]
若法術未成功，目標仍只受一半傷害。""[/center]
[/end]"
1231,"元素抗性——魔法[/center]
持續時間：%bdr + %adr 每 %cld 級[/center]
機率：%bch + %ach 每 %clc 級[/center]
強度：不適用 + 不適用 每不適用級[/center]
""使目標獲得魔法抗性。[/center]
法術持續 %bdr 回合，再加上 %adr 回合[/center]
施法者每 %cld 級。基礎成功機率[/center]
為 %bch，施法者每 %clc 級再加上 %ach。[/center]
若法術未成功，目標仍只受一半傷害。""[/center]
[/end]"
1232,"強化力量[/center]
持續時間：%bdr + %adr 每 %cld 級[/center]
機率：%bch + %ach 每 %clc 級[/center]
強度：%1bm - %2bm + %1am - %2am[/center]
每 %clm 級[/center]
""提升目標的力量。[/center]
目標將獲得 %1bm 至 %2bm 點力量[/center]
施法者每 %clm 級再加上 %1am 至 %2am 點[/center]
施法者。提升持續 %bdr 回合，再加上 %adr 回合[/center]
施法者每 %cld 級。""[/center]
[/end]"
1233,"強化智力[/center]
持續時間：%bdr + %adr 每 %cld 級[/center]
機率：%bch + %ach 每 %clc 級[/center]
強度：%1bm - %2bm + %1am - %2am[/center]
每 %clm 級[/center]
""提升目標的智力。[/center]
目標將獲得 %1bm 至 %2bm 點智力[/center]
施法者每 %clm 級再加上 %1am 至 %2am 點[/center]
施法者。提升持續 %bdr 回合，再加上 %adr 回合[/center]
施法者每 %cld 級。""[/center]
[/end]"
1234,"強化意志[/center]
持續時間：%bdr + %adr 每 %cld 級[/center]
機率：%bch + %ach 每 %clc 級[/center]
強度：%1bm - %2bm + %1am - %2am[/center]
每 %clm 級[/center]
""提升目標的意志。[/center]
目標將獲得 %1bm 至 %2bm 點意志[/center]
施法者每 %clm 級再加上 %1am 至 %2am 點[/center]
施法者。提升持續 %bdr 回合，再加上 %adr 回合[/center]
施法者每 %cld 級。""[/center]
[/end]"
1235,"強化敏捷[/center]
持續時間：%bdr + %adr 每 %cld 級[/center]
機率：%bch + %ach 每 %clc 級[/center]
強度：%1bm - %2bm + %1am - %2am[/center]
每 %clm 級[/center]
""提升目標的敏捷。[/center]
目標將獲得 %1bm 至 %2bm 點敏捷[/center]
施法者每 %clm 級再加上 %1am 至 %2am 點[/center]
施法者。提升持續 %bdr 回合，再加上 %adr 回合[/center]
施法者每 %cld 級。""[/center]
[/end]"
1236,"強化耐力[/center]
持續時間：%bdr + %adr 每 %cld 級[/center]
機率：%bch + %ach 每 %clc 級[/center]
強度：%1bm - %2bm + %1am - %2am[/center]
每 %clm 級[/center]
""提升目標的耐力。[/center]
目標將獲得 %1bm 至 %2bm 點耐力[/center]
施法者每 %clm 級再加上 %1am 至 %2am 點[/center]
施法者。提升持續 %bdr 回合，再加上 %adr 回合[/center]
施法者每 %cld 級。""[/center]
[/end]"
1237,"強化魅力[/center]
持續時間：%bdr + %adr 每 %cld 級[/center]
機率：%bch + %ach 每 %clc 級[/center]
強度：%1bm - %2bm + %1am - %2am[/center]
每 %clm 級[/center]
""提升目標的魅力。[/center]
目標將獲得 %1bm 至 %2bm 點魅力[/center]
施法者每 %clm 級再加上 %1am 至 %2am 點[/center]
施法者。提升持續 %bdr 回合，再加上 %adr 回合[/center]
施法者每 %cld 級。""[/center]
[/end]"
1238,"強化速度[/center]
持續時間：%bdr + %adr 每 %cld 級[/center]
機率：%bch + %ach 每 %clc 級[/center]
強度：%1bm - %2bm + %1am - %2am[/center]
每 %clm 級[/center]
""提升目標的速度。[/center]
目標將獲得 %1bm 至 %2bm 點速度[/center]
施法者每 %clm 級再加上 %1am 至 %2am 點[/center]
施法者。提升持續 %bdr 回合，再加上 %adr 回合[/center]
施法者每 %cld 級。""[/center]
[/end]"
1239,"強化幸運[/center]
持續時間：%bdr + %adr 每 %cld 級[/center]
機率：%bch + %ach 每 %clc 級[/center]
強度：%1bm - %2bm + %1am - %2am[/center]
每 %clm 級[/center]
""提升目標的幸運。[/center]
目標將獲得 %1bm 至 %2bm 點幸運[/center]
施法者每 %clm 級再加上 %1am 至 %2am 點[/center]
施法者。提升持續 %bdr 回合，再加上 %adr 回合[/center]
施法者每 %cld 級。""[/center]
[/end]"
1240,"治療力量[/center]
持續時間：%bdr + %adr 每 %cld 級[/center]
機率：%bch + %ach 每 %clc 級[/center]
強度：%1bm - %2bm + %1am - %2am[/center]
每 %clm 級[/center]
""治療目標的力量。[/center]
目標將恢復 %1bm 至 %2bm 點力量，[/center]
施法者每 %clm 級再加上 %1am 至 %2am 點[/center]
施法者 直到目標的力量[/center]
恢復到正常水準。""[/center]
[/end]"
1241,"治療智力[/center]
持續時間：%bdr + %adr 每 %cld 級[/center]
機率：%bch + %ach 每 %clc 級[/center]
強度：%1bm - %2bm + %1am - %2am[/center]
每 %clm 級[/center]
""治療目標的智力。[/center]
目標將恢復 %1bm 至 %2bm 點智力，[/center]
施法者每 %clm 級再加上 %1am 至 %2am 點[/center]
施法者 直到目標的智力[/center]
恢復到正常水準。""[/center]
[/end]"
1242,"治療意志[/center]
持續時間：%bdr + %adr 每 %cld 級[/center]
機率：%bch + %ach 每 %clc 級[/center]
強度：%1bm - %2bm + %1am - %2am[/center]
每 %clm 級[/center]
""治療目標的意志。[/center]
目標將恢復 %1bm 至 %2bm 點意志，[/center]
施法者每 %clm 級再加上 %1am 至 %2am 點[/center]
施法者 直到目標的意志[/center]
恢復到正常水準。""[/center]
[/end]"
1243,"治療敏捷[/center]
持續時間：%bdr + %adr 每 %cld 級[/center]
機率：%bch + %ach 每 %clc 級[/center]
強度：%1bm - %2bm + %1am - %2am[/center]
每 %clm 級[/center]
""治療目標的敏捷。[/center]
目標將恢復 %1bm 至 %2bm 點敏捷，[/center]
施法者每 %clm 級再加上 %1am 至 %2am 點[/center]
施法者 直到目標的敏捷[/center]
恢復到正常水準。""[/center]
[/end]"
1244,"治療耐力[/center]
持續時間：%bdr + %adr 每 %cld 級[/center]
機率：%bch + %ach 每 %clc 級[/center]
強度：%1bm - %2bm + %1am - %2am[/center]
每 %clm 級[/center]
""治療目標的耐力。[/center]
目標將恢復 %1bm 至 %2bm 點耐力，[/center]
施法者每 %clm 級再加上 %1am 至 %2am 點[/center]
施法者 直到目標的耐力[/center]
恢復到正常水準。""[/center]
[/end]"
1245,"治療魅力[/center]
持續時間：%bdr + %adr 每 %cld 級[/center]
機率：%bch + %ach 每 %clc 級[/center]
強度：%1bm - %2bm + %1am - %2am[/center]
每 %clm 級[/center]
""治療目標的魅力。[/center]
目標將恢復 %1bm 至 %2bm 點魅力，[/center]
施法者每 %clm 級再加上 %1am 至 %2am 點[/center]
施法者 直到目標的魅力[/center]
恢復到正常水準。""[/center]
[/end]"
1246,"治療速度[/center]
持續時間：%bdr + %adr 每 %cld 級[/center]
機率：%bch + %ach 每 %clc 級[/center]
強度：%1bm - %2bm + %1am - %2am[/center]
每 %clm 級[/center]
""治療目標的速度。[/center]
目標將恢復 %1bm 至 %2bm 點速度，[/center]
施法者每 %clm 級再加上 %1am 至 %2am 點[/center]
施法者 直到目標的速度[/center]
恢復到正常水準。""[/center]
[/end]"
1247,"治療幸運[/center]
持續時間：%bdr + %adr 每 %cld 級[/center]
機率：%bch + %ach 每 %clc 級[/center]
強度：%1bm - %2bm + %1am - %2am[/center]
每 %clm 級[/center]
""治療目標的幸運。[/center]
目標將恢復 %1bm 至 %2bm 點幸運，[/center]
施法者每 %clm 級再加上 %1am 至 %2am 點[/center]
施法者 直到目標的幸運[/center]
恢復到正常水準。""[/center]
[/end]"
1248,"治療生命[/center]
持續時間：%bdr + %adr 每 %cld 級[/center]
機率：%bch + %ach 每 %clc 級[/center]
強度：%1bm - %2bm + %1am - %2am[/center]
每 %clm 級[/center]
""治療目標的生命。[/center]
目標將恢復 %1bm 至 %2bm 點生命，[/center]
施法者每 %clm 級再加上 %1am 至 %2am 點[/center]
施法者 直到目標的生命[/center]
恢復到正常水準。""[/center]
[/end]"
1249,"治療疲勞[/center]
持續時間：%bdr + %adr 每 %cld 級[/center]
機率：%bch + %ach 每 %clc 級[/center]
強度：%1bm - %2bm + %1am - %2am[/center]
每 %clm 級[/center]
""治療目標的疲勞。[/center]
目標將恢復 %1bm 至 %2bm 點疲勞，[/center]
施法者每 %clm 級再加上 %1am 至 %2am 點[/center]
施法者 直到目標的疲勞[/center]
恢復到正常水準。""[/center]
[/end]"
1250,"轉移力量[/center]
持續時間：%bdr + %adr 每 %cld 級[/center]
機率：%bch + %ach 每 %clc 級[/center]
強度：%1bm - %2bm + %1am - %2am[/center]
每 %clm 級[/center]
""將目標的力量轉移給施法者。[/center]
目標將轉移 %1bm 至 %2bm 點力量，[/center]
施法者每 %clm 級再加上 %1am 至 %2am 點[/center]
施法者。""[/center]
[/end]"
1251,"轉移智力[/center]
持續時間：%bdr + %adr 每 %cld 級[/center]
機率：%bch + %ach 每 %clc 級[/center]
強度：%1bm - %2bm + %1am - %2am[/center]
每 %clm 級[/center]
""將目標的智力轉移給施法者。[/center]
目標將轉移 %1bm 至 %2bm 點智力，[/center]
施法者每 %clm 級再加上 %1am 至 %2am 點[/center]
施法者。""[/center]
[/end]"
1252,"轉移意志[/center]
持續時間：%bdr + %adr 每 %cld 級[/center]
機率：%bch + %ach 每 %clc 級[/center]
強度：%1bm - %2bm + %1am - %2am[/center]
每 %clm 級[/center]
""將目標的意志轉移給施法者。[/center]
目標將轉移 %1bm 至 %2bm 點意志，[/center]
施法者每 %clm 級再加上 %1am 至 %2am 點[/center]
施法者。""[/center]
[/end]"
1253,"轉移敏捷[/center]
持續時間：%bdr + %adr 每 %cld 級[/center]
機率：%bch + %ach 每 %clc 級[/center]
強度：%1bm - %2bm + %1am - %2am[/center]
每 %clm 級[/center]
""將目標的敏捷轉移給施法者。[/center]
目標將轉移 %1bm 至 %2bm 點敏捷，[/center]
施法者每 %clm 級再加上 %1am 至 %2am 點[/center]
施法者。""[/center]
[/end]"
1254,"轉移耐力[/center]
持續時間：%bdr + %adr 每 %cld 級[/center]
機率：%bch + %ach 每 %clc 級[/center]
強度：%1bm - %2bm + %1am - %2am[/center]
每 %clm 級[/center]
""將目標的耐力轉移給施法者。[/center]
目標將轉移 %1bm 至 %2bm 點耐力，[/center]
施法者每 %clm 級再加上 %1am 至 %2am 點[/center]
施法者。""[/center]
[/end]"
1255,"轉移魅力[/center]
持續時間：%bdr + %adr 每 %cld 級[/center]
機率：%bch + %ach 每 %clc 級[/center]
強度：%1bm - %2bm + %1am - %2am[/center]
每 %clm 級[/center]
""將目標的魅力轉移給施法者。[/center]
目標將轉移 %1bm 至 %2bm 點魅力，[/center]
施法者每 %clm 級再加上 %1am 至 %2am 點[/center]
施法者。""[/center]
[/end]"
1256,"轉移速度[/center]
持續時間：%bdr + %adr 每 %cld 級[/center]
機率：%bch + %ach 每 %clc 級[/center]
強度：%1bm - %2bm + %1am - %2am[/center]
每 %clm 級[/center]
""將目標的速度轉移給施法者。[/center]
目標將轉移 %1bm 至 %2bm 點速度，[/center]
施法者每 %clm 級再加上 %1am 至 %2am 點[/center]
施法者。""[/center]
[/end]"
1257,"轉移幸運[/center]
持續時間：%bdr + %adr 每 %cld 級[/center]
機率：%bch + %ach 每 %clc 級[/center]
強度：%1bm - %2bm + %1am - %2am[/center]
每 %clm 級[/center]
""將目標的幸運轉移給施法者。[/center]
目標將轉移 %1bm 至 %2bm 點幸運，[/center]
施法者每 %clm 級再加上 %1am 至 %2am 點[/center]
施法者。""[/center]
[/end]"
1258,"轉移生命[/center]
持續時間：%bdr + %adr 每 %cld 級[/center]
機率：%bch + %ach 每 %clc 級[/center]
強度：%1bm - %2bm + %1am - %2am[/center]
每 %clm 級[/center]
""將目標的生命轉移給施法者。[/center]
目標將轉移 %1bm 至 %2bm 點生命，[/center]
施法者每 %clm 級再加上 %1am 至 %2am 點[/center]
施法者。""[/center]
[/end]"
1259,"轉移疲勞[/center]
持續時間：%bdr + %adr 每 %cld 級[/center]
機率：%bch + %ach 每 %clc 級[/center]
強度：%1bm - %2bm + %1am - %2am[/center]
每 %clm 級[/center]
""將目標的疲勞轉移給施法者。[/center]
目標將轉移 %1bm 至 %2bm 點疲勞，[/center]
施法者每 %clm 級再加上 %1am 至 %2am 點[/center]
施法者。""[/center]
[/end]"
1260,"隱形（一般）[/center]
持續時間：%bdr + %adr 每 %cld 級[/center]
機率：%bch + %ach 每 %clc 級[/center]
強度：%1bm - %2bm + %1am - %2am[/center]
每 %clm 級[/center]
""使目標隱形。[/center]
目標將保持隱形 %bdr 回合，[/center]
施法者每 %cld 級再加上 %adr 回合。[/center]
若目標攻擊任何東西，隱形會被驅散。""[/center]
[/end]"
1261,"隱形（真實）[/center]
持續時間：%bdr + %adr 每 %cld 級[/center]
機率：%bch + %ach 每 %clc 級[/center]
強度：%1bm - %2bm + %1am - %2am[/center]
每 %clm 級[/center]
""使目標隱形。目標將保持隱形 %bdr 回合，[/center]
施法者每 %cld 級再加上 %adr 回合。[/center]
若目標攻擊任何東西，目標仍保持隱形。""[/center]
[/end]"
1262,"漂浮[/center]
持續時間：%bdr + %adr 每 %cld 級[/center]
機率：%bch + %ach 每 %clc 級[/center]
強度：%1bm - %2bm + %1am - %2am[/center]
每 %clm 級[/center]
""目標能夠漂浮在地面之上。[/center]
目標將漂浮 %bdr 回合，再加上 %adr 回合[/center]
施法者每 %cld 級。""[/center]
[/end]"
1263,"光明[/center]
持續時間：%bdr + %adr 每 %cld 級[/center]
機率：%bch + %ach 每 %clc 級[/center]
強度：%1bm - %2bm + %1am - %2am[/center]
每 %clm 級[/center]
""在目標周圍產生明亮光源。[/center]
光明將持續 %bdr 回合，再加上 %adr 回合[/center]
施法者每 %cld 級。""[/center]
[/end]"
1264,"上鎖[/center]
持續時間：%bdr + %adr 每 %cld 級[/center]
機率：%bch + %ach 每 %clc 級[/center]
強度：不適用 + 不適用 每不適用級[/center]
""將箱子或門上鎖至等同施法者等級的鎖等。[/center]
法術持續 %bdr 回合，再加上 %adr 回合，每 %cld 級[/center]
施法者。基礎成功機率為 %bch，[/center]
施法者每 %clc 級再加上 %ach。""[/center]
[/end]"
1265,"開鎖[/center]
持續時間：%bdr + %adr 每 %cld 級[/center]
機率：%bch + %ach 每 %clc 級[/center]
強度：不適用 + 不適用 每不適用級[/center]
""開啟鎖等等於或低於[/center]
施法者等級的箱子或門。基礎成功機率為 %bch，[/center]
施法者每 %clc 級再加上 %ach。""[/center]
[/end]"
1266,"再生[/center]
持續時間：%bdr + %adr 每 %cld 級[/center]
機率：%bch + %ach 每 %clc 級[/center]
強度：%1bm - %2bm + %1am - %2am[/center]
每 %clm 級[/center]
""使目標的生命再生。目標將獲得 %1bm 至 %2bm[/center]
點生命，再加上 %1am 至 %2am 點[/center]
施法者每 %clm 級。提升持續[/center]
%bdr 回合，再加上 %adr 回合，每[/center]
施法者 %cld 級。""[/center]
[/end]"
1267,"沉默[/center]
持續時間：%bdr + %adr 每 %cld 級[/center]
機率：%bch + %ach 每 %clc 級[/center]
強度：%1bm - %2bm + %1am - %2am[/center]
每 %clm 級[/center]
""使目標沉默，無法施放法術。[/center]
基礎成功機率為 %bch，每 %clc 級再加上 %ach[/center]
施法者。沉默持續 %bdr 回合，再加上[/center]
%adr 回合，施法者每 %cld 級。""[/center]
[/end]"
1268,"法術吸收[/center]
持續時間：%bdr + %adr 每 %cld 級[/center]
機率：%bch + %ach 每 %clc 級[/center]
強度：%1bm - %2bm + %1am - %2am[/center]
每 %clm 級[/center]
""目標能夠吸收到來的法術，將其[/center]
能量加入自身儲備。基礎成功機率[/center]
為 %bch，施法者每 %clc 級再加上 %ach。[/center]
吸收持續 %bdr 回合，再加上 %adr 回合，[/center]
施法者每 %cld 級。""[/center]
[/end]"
1269,"法術反射[/center]
持續時間：%bdr + %adr 每 %cld 級[/center]
機率：%bch + %ach 每 %clc 級[/center]
強度：%1bm - %2bm + %1am - %2am[/center]
每 %clm 級[/center]
""目標能夠將到來的法術反射回施法者。[/center]
基礎成功機率為 %bch，每 %cld 級再加上 %ach[/center]
施法者。反射持續 %bdr 回合，再加上 %adr 回合[/center]
施法者每 %cld 級。""[/center]
[/end]"
1270,"法術抗性[/center]
持續時間：%bdr + %adr 每 %cld 級[/center]
機率：%bch + %ach 每 %clc 級[/center]
強度：%1bm - %2bm + %1am - %2am[/center]
每 %clm 級[/center]
""目標能夠抵抗到來的法術。基礎[/center]
成功機率為 %bch，施法者每 %clc 級再加上 %ach。[/center]
抗性持續 %bdr 回合，再加上 %adr 回合，[/center]
施法者每 %cld 級。""[/center]
[/end]"
1271,"變色龍（一般）[/center]
持續時間：%bdr + %adr 每 %cld 級[/center]
機率：%bch + %ach 每 %clc 級[/center]
強度：%1bm - %2bm + %1am - %2am[/center]
每 %clm 級[/center]
""使目標極難被看見。目標將保持此狀態[/center]
%bdr 回合，再加上 %adr 回合，每 %cld 級[/center]
施法者。若目標攻擊任何東西，[/center]
變色龍法術會中止。""[/center]
[/end]"
1272,"變色龍（真實）[/center]
持續時間：%bdr + %adr 每 %cld 級[/center]
機率：%bch + %ach 每 %clc 級[/center]
強度：%1bm - %2bm + %1am - %2am[/center]
每 %clm 級[/center]
""使目標極難被看見。目標將保持此狀態[/center]
%bdr 回合，再加上 %adr 回合，每[/center]
施法者 %cld 級。""[/center]
[/end]"
1273,"暗影（一般）[/center]
持續時間：%bdr + %adr 每 %cld 級[/center]
機率：%bch + %ach 每 %clc 級[/center]
強度：%1bm - %2bm + %1am - %2am[/center]
每 %clm 級[/center]
""使目標融入普通陰影。目標將[/center]
保持此狀態 %bdr 回合，再加上 %adr 回合，每[/center]
施法者 %cld 級。若目標攻擊任何東西，[/center]
暗影法術會中止。""[/center]
[/end]"
1274,"暗影（真實）[/center]
持續時間：%bdr + %adr 每 %cld 級[/center]
機率：%bch + %ach 每 %clc 級[/center]
強度：%1bm - %2bm + %1am - %2am[/center]
每 %clm 級[/center]
""使目標融入普通陰影。目標將[/center]
保持此狀態 %bdr 回合，再加上 %adr 回合，每[/center]
施法者 %cld 級。""[/center]
[/end]"
1275,"緩落（一般，觸發）[/center]
持續時間：%bdr + %adr 每 %cld 級[/center]
機率：%bch + %ach 每 %clc 級[/center]
強度：%1bm - %2bm + %1am - %2am[/center]
每 %clm 級[/center]
""使目標以一半的自然速率落下，[/center]
大幅減少傷害。施放後，法術將[/center]
保持生效 %bdr 回合，再加上 %adr 回合[/center]
施法者每 %cld 級，並在目標[/center]
開始落下時觸發。""[/center]
[/end]"
1276,"自由行動[/center]
持續時間：%bdr + %adr 每 %cld 級[/center]
機率：%bch + %ach 每 %clc 級[/center]
強度：不適用 + 不適用 每不適用級[/center]
""解除目標的麻痺，持續 %bdr 回合，[/center]
施法者每 %cld 級再加上 %adr 回合。""[/center]
[/end]"
1277,"跳躍[/center]
持續時間：%bdr + %adr 每 %cld 級[/center]
機率：%bch + %ach 每 %clc 級[/center]
強度：%1bm - %2bm + %1am - %2am[/center]
每 %clm 級[/center]
""使目標以兩倍的自然能力跳躍。[/center]
施放後，法術保持生效 %bdr 回合，[/center]
再加上 %adr 回合，施法者每 %cld 級，[/center]
並在目標跳躍時觸發。""[/center]
[/end]"
1278,"攀爬[/center]
持續時間：%bdr + %adr 每 %cld 級[/center]
機率：%bch + %ach 每 %clc 級[/center]
強度：%1bm - %2bm + %1am - %2am[/center]
每 %clm 級[/center]
""使目標以兩倍的自然速率攀爬。[/center]
施放後，法術保持生效 %bdr 回合，[/center]
再加上 %adr 回合，施法者每 %cld 級，[/center]
並在目標開始攀爬時觸發。""[/center]
[/end]"
1279,"變形自身[/center]
持續時間：%bdr + %adr 每 %cld 級[/center]
機率：%bch + %ach 每 %clc 級[/center]
強度：%1bm - %2bm + %1am - %2am[/center]
每 %clm 級[/center]
""使目標變形成施法者選擇的[/center]
生物或物體。成功變形的基礎機率[/center]
為 %bch，每 %clc 級再加上 %ach，[/center]
施法者。變形持續 %bdr 回合，[/center]
施法者每 %cld 級再加上 %adr 回合。""[/center]
[/end]"
1280,"變形他人[/center]
持續時間：%bdr + %adr 每 %cld 級[/center]
機率：%bch + %ach 每 %clc 級[/center]
強度：%1bm - %2bm + %1am - %2am[/center]
每 %clm 級[/center]
""使目標變形成施法者選擇的[/center]
生物或物體。成功變形的基礎機率[/center]
為 %bch，每 %clc 級再加上 %ach，[/center]
施法者。變形持續 %bdr 回合，[/center]
施法者每 %cld 級再加上 %adr 回合。""[/center]
[/end]"
1281,"變形物品[/center]
持續時間：%bdr + %adr 每 %cld 級[/center]
機率：%bch + %ach 每 %clc 級[/center]
強度：%1bm - %2bm + %1am - %2am[/center]
每 %clm 級[/center]
""使目標變形成施法者選擇的[/center]
生物或物體。成功變形的基礎機率[/center]
為 %bch，每 %clc 級再加上 %ach，[/center]
施法者。變形持續 %bdr 回合，[/center]
施法者每 %cld 級再加上 %adr 回合。""[/center]
[/end]"
1282,"水中呼吸[/center]
持續時間：%bdr + %adr 每 %cld 級[/center]
機率：%bch + %ach 每 %clc 級[/center]
強度：不適用 + 不適用 每不適用級[/center]
""使目標能在水下正常呼吸。[/center]
成功施放的基礎機率為 %bch，[/center]
施法者每 %clc 級再加上 %ach。[/center]
水中呼吸持續 %bdr 回合，再加上 %adr 回合[/center]
施法者每 %cld 級。""[/center]
[/end]"
1283,"水上行走[/center]
持續時間：%bdr + %adr 每 %cld 級[/center]
機率：%bch + %ach 每 %clc 級[/center]
強度：不適用 + 不適用 每不適用級[/center]
""讓目標能在水上行走。施放後，[/center]
法術將保持生效 %bdr 回合，再加上 %adr 回合[/center]
施法者每 %cld 級。""[/center]
[/end]"
1284,"縮小[/center]
持續時間：%bdr + %adr 每 %cld 級[/center]
機率：%bch + %ach 每 %clc 級[/center]
強度：不適用 + 不適用 每不適用級[/center]
""使目標縮小到正常體型的一半。[/center]
基礎成功機率為 %bch，再加上額外的[/center]
%ach，施法者每 %clc 級。[/center]
縮小將持續 %bdr 回合，[/center]
施法者每 %cld 級再加上 %adr 回合。""[/center]
[/end]"
1285,"安撫動物[/center]
持續時間：%bdr + %adr 每 %cld 級[/center]
機率：%bch + %ach 每 %clc 級[/center]
強度：不適用 + 不適用 每不適用級[/center]
""安撫任何次於類人智力的活物野獸。[/center]
基礎成功機率為 %bch，再加上額外的[/center]
%ach，施法者每 %clc 級。[/center]
安撫將持續 %bdr 回合，再加上 %adr 回合[/center]
施法者每 %cld 級。""[/center]
[/end]"
1286,"安撫不死生物[/center]
持續時間：%bdr + %adr 每 %cld 級[/center]
機率：%bch + %ach 每 %clc 級[/center]
強度：不適用 + 不適用 每不適用級[/center]
""安撫不死生物。基礎成功機率[/center]
為 %bch，再加上額外的 %ach，每 %clc[/center]
級施法者。安撫將持續[/center]
%bdr 回合，再加上 %adr 回合[/center]
施法者每 %cld 級。""[/center]
[/end]"
1287,"安撫類人生物[/center]
持續時間：%bdr + %adr 每 %cld 級[/center]
機率：%bch + %ach 每 %clc 級[/center]
強度：不適用 + 不適用 每不適用級[/center]
""安撫類人生物。基礎成功機率[/center]
為 %bch，再加上額外的 %ach，每 %clc[/center]
級施法者。安撫將持續[/center]
%bdr 回合，再加上 %adr 回合[/center]
施法者每 %cld 級。""[/center]
[/end]"
1288,"安撫迪德拉[/center]
持續時間：%bdr + %adr 每 %cld 級[/center]
機率：%bch + %ach 每 %clc 級[/center]
強度：不適用 + 不適用 每不適用級[/center]
""安撫迪德拉。基礎成功機率[/center]
為 %bch，再加上額外的 %ach，每 %clc[/center]
級施法者。安撫將持續[/center]
%bdr 回合，再加上 %adr 回合[/center]
施法者每 %cld 級。""[/center]
[/end]"
1289,"魅惑[/center]
持續時間：%bdr + %adr 每 %cld 級[/center]
機率：%bch + %ach 每 %clc 級[/center]
強度：不適用 + 不適用 每不適用級[/center]
""提升施法者對目標的魅力，從而改善[/center]
施法者的聲望。基礎成功機率為 %bch，[/center]
再加上額外的 %ach，施法者每 %clc 級。[/center]
魅惑將持續 %bdr 回合，再加上 %adr 回合[/center]
施法者每 %cld 級。""[/center]
[/end]"
1290,"護盾[/center]
持續時間：%bdr + %adr 每 %cld 級[/center]
機率：不適用 + 不適用 每不適用級[/center]
強度：%1bm - %2bm + %1am - %2am[/center]
每 %clm 級[/center]
""在施法者周圍創造護盾，吸收相當於[/center]
%1bm - %2bm 生命值，再加上 %1am - %2am 生命[/center]
值，施法者每 %clm 級。當護盾[/center]
承受最大傷害，或 %bdr 加上 %adr，每[/center]
施法者 %cld 級的回合已過後，[/center]
護盾將被驅散。""[/center]
[/end]"
1291,"護盾[/center]
持續時間：%bdr + %adr 每 %cld 級[/center]
機率：不適用 + 不適用 每不適用級[/center]
強度：%1bm - %2bm + %1am - %2am[/center]
每 %clm 級[/center]
""在施法者周圍創造護盾，吸收相當於[/center]
%1bm - %2bm 生命值，再加上 %1am - %2am 生命[/center]
值，施法者每 %clm 級。當護盾[/center]
承受最大傷害，或 %bdr 加上 %adr，每[/center]
施法者 %cld 級的回合已過後，[/center]
護盾將被驅散。""[/center]
[/end]"
1292,"護盾[/center]
持續時間：%bdr + %adr 每 %cld 級[/center]
機率：不適用 + 不適用 每不適用級[/center]
強度：%1bm - %2bm + %1am - %2am[/center]
每 %clm 級[/center]
""在施法者周圍創造護盾，吸收相當於[/center]
%1bm - %2bm 生命值，再加上 %1am - %2am 生命[/center]
值，施法者每 %clm 級。當護盾[/center]
承受最大傷害，或 %bdr 加上 %adr，每[/center]
施法者 %cld 級的回合已過後，[/center]
護盾將被驅散。""[/center]
[/end]"
1293,"護盾[/center]
持續時間：%bdr + %adr 每 %cld 級[/center]
機率：不適用 + 不適用 每不適用級[/center]
強度：%1bm - %2bm + %1am - %2am[/center]
每 %clm 級[/center]
""在施法者周圍創造護盾，吸收相當於[/center]
%1bm - %2bm 生命值，再加上 %1am - %2am 生命[/center]
值，施法者每 %clm 級。當護盾[/center]
承受最大傷害，或 %bdr 加上 %adr，每[/center]
施法者 %cld 級的回合已過後，[/center]
護盾將被驅散。""[/center]
[/end]"
1294,"星界旅行[/center]
持續時間：%bdr + %adr 每 %cld 級[/center]
機率：%bch + %ach 每 %clc 級[/center]
強度：不適用 + 不適用 每不適用級[/center]
""將施法者送往星界。成功機率[/center]
為 %bch，施法者每 %clc 級再加上 %ach。[/center]
施法者將留在星界 %bdr 回合，[/center]
再加上 %adr 回合，施法者每 %cld 級。""[/center]
[/end]"
1295,"乙太化[/center]
持續時間：%bdr + %adr 每 %cld 級[/center]
機率：%bch + %ach 每 %clc 級[/center]
強度：不適用 + 不適用 每不適用級[/center]
""使施法者乙太化，因而能穿過[/center]
牆壁。成功機率為 %bch，每再加上 %ach[/center]
%clc 級施法者。施法者將保持[/center]
乙太化 %bdr 回合，再加上 %adr 回合，[/center]
施法者每 %cld 級。""[/center]
[/end]"
1296,"偵測魔法[/center]
持續時間：%bdr + %adr 每 %cld 級[/center]
機率：%bch + %ach 每 %clc 級[/center]
強度：不適用 + 不適用 每不適用級[/center]
""施法者能偵測前方 30 呎錐形範圍內的所有魔法[/center]
。成功機率為 %bch，[/center]
施法者每 %cld 級再加上 %ach。法術[/center]
將保持生效 %bdr 回合，再加上 %adr 回合[/center]
施法者每 %cld 級。""[/center]
[/end]"
1297,"偵測敵人[/center]
持續時間：%bdr + %adr 每 %cld 級[/center]
機率：%bch + %ach 每 %clc 級[/center]
強度：不適用 + 不適用 每不適用級[/center]
""施法者能偵測前方 30 呎錐形範圍內的所有敵人[/center]
。成功機率為 %bch，[/center]
施法者每 %cld 級再加上 %ach。法術[/center]
將保持生效 %bdr 回合，再加上 %adr 回合[/center]
施法者每 %cld 級。""[/center]
[/end]"
1298,"偵測財寶[/center]
持續時間：%bdr + %adr 每 %cld 級[/center]
機率：%bch + %ach 每 %clc 級[/center]
強度：不適用 + 不適用 每不適用級[/center]
""施法者能偵測前方 30 呎錐形範圍內的所有財寶[/center]
。成功機率為 %bch，[/center]
施法者每 %cld 級再加上 %ach。法術[/center]
將保持生效 %bdr 回合，再加上 %adr 回合[/center]
施法者每 %cld 級。""[/center]
[/end]"
1299,"鑑定[/center]
持續時間：不適用 + 不適用 每不適用級[/center]
機率：%bch + %ach 每 %clc 級[/center]
強度：不適用 + 不適用 每不適用級[/center]
""鑑定法術的目標。成功[/center]
機率為 %bch，每 %clc 級再加上 %ach[/center]
施法者。""[/center]
[/end]"
1300,"巫師視覺[/center]
持續時間：%bdr + %adr 每 %cld 級[/center]
機率：%bch + %ach 每 %clc 級[/center]
強度：不適用 + 不適用 每不適用級[/center]
""讓施法者的視覺與身體分開旅行。[/center]
成功機率為 %bch，再加上[/center]
%ach，施法者每 %clc 級。法術將[/center]
持續 %bdr 回合，再加上 %adr 回合，[/center]
施法者每 %cld 級。""[/center]
[/end]"
1301,"黑暗[/center]
持續時間：%bdr + %adr 每 %cld 級[/center]
機率：%bch + %ach 每 %clc 級[/center]
強度：不適用 + 不適用 每不適用級[/center]
""在目標周圍產生黑暗。法術將持續[/center]
%bdr 回合，再加上 %adr 回合，每[/center]
施法者 %cld 級。""[/center]
[/end]"
1302,"傳送[/center]
持續時間：不適用 + 不適用 每不適用級[/center]
機率：%bch + %ach 每 %clc 級[/center]
強度：不適用 + 不適用 每不適用級[/center]
""將施法者傳送到選定地點。施法者[/center]
必須先在指定地點施放此法術，[/center]
之後才能傳送到那裡。每次施放[/center]
都允許施法者變更法術的[/center]
目標地點。成功機率為 %bch，每再加上 %ach[/center]
施法者 %cld 級。""[/center]
[/end]"
1303,"靈魂陷阱[/center]
持續時間：%bdr + %adr 每 %cld 級[/center]
機率：%bch + %ach 每 %clc 級[/center]
強度：不適用 + 不適用 每不適用級[/center]
""死亡後，法術目標的靈魂會被永久困入施法者的[/center]
任何容器。目標的身體必須[/center]
在中咒後 %bdr 回合內死去，再加上 %adr 回合[/center]
每 %cld 級[/center]
施法者。[/center]
成功困住靈魂的機率為 %bch，再加上[/center]
%ach，施法者每 %cld 級""[/center]
[/end]"
1304,"心靈遙控[/center]
持續時間：%bdr + %adr 每 %cld 級[/center]
機率：不適用 + 不適用 每不適用級[/center]
強度：%1bm - %2bm + %1am - %2am[/center]
每 %clm 級[/center]
""心靈遙控讓施法者能以意念[/center]
遠距移動物體。可移動物體的重量[/center]
為 %1bm - %2bm 公斤，再加上 %1am - %2am[/center]
公斤，施法者每 %clm 級。""[/center]
[/end]"
1305,"通曉語言[/center]
持續時間：%bdr + %adr 每 %cld 級[/center]
機率：%bch + %ach 每 %clc 級[/center]
強度：不適用 + 不適用 每不適用級[/center]
""只要法術生效，施法者就能通曉任何書寫或口說語言。[/center]
法術持續[/center]
%bdr 回合，再加上 %adr 回合，每 %cld[/center]
級施法者。""[/center]
[/end]"
1306,"強化火焰[/center]
持續時間：%bdr + %adr 每 %cld 級[/center]
機率：不適用 + 不適用 每不適用級[/center]
強度：%1bm - %2bm + %1am - %2am[/center]
每 %clm 級[/center]
""施法者可強化普通火焰的光。[/center]
光線最多可強化至 %1bm 至 %2bm 燭光[/center]
再加上 %1am 至 %2am 燭光，每 %clm 級[/center]
施法者。法術持續 %bdr 回合，再加上 %adr 回合[/center]
每 %cld 級施法者。""[/center]
[/end]"
1307,"削弱火焰[/center]
持續時間：%bdr + %adr 每 %cld 級[/center]
機率：不適用 + 不適用 每不適用級[/center]
強度：%1bm - %2bm + %1am - %2am[/center]
每 %clm 級[/center]
""施法者可削弱普通火焰的光。[/center]
光線可減弱 %1bm 至 %2bm 燭光[/center]
再加上 %1am 至 %2am 燭光，每 %clm 級[/center]
施法者。法術持續 %bdr 回合，再加上 %adr 回合[/center]
每 %cld 級施法者。""[/center]
[/end]"
1308,"石牆[/center]
持續時間：%bdr + %adr 每 %cld 級[/center]
機率：不適用 + 不適用 每不適用級[/center]
強度：%1bm - %2bm + %1am - %2am[/center]
每 %clm 級[/center]
""施法者創造石牆，%1bm 至 %2bm 平方公尺[/center]
施法者每 %clm 級。石牆持續 %bdr[/center]
回合，再加上 %adr 額外回合，每 %cld[/center]
級施法者。""[/center]
[/end]"
1309,"火牆[/center]
持續時間：%bdr + %adr 每 %cld 級[/center]
機率：不適用 + 不適用 每不適用級[/center]
強度：%1bm - %2bm + %1am - %2am[/center]
每 %clm 級[/center]
""施法者創造火牆，%1bm 至 %2bm 平方公尺[/center]
施法者每 %clm 級。火牆持續 %bdr[/center]
回合，再加上 %adr 額外回合，每 %cld[/center]
級施法者。""[/center]
[/end]"
1310,"冰牆[/center]
持續時間：%bdr + %adr 每 %cld 級[/center]
機率：不適用 + 不適用 每不適用級[/center]
強度：%1bm - %2bm + %1am - %2am[/center]
每 %clm 級[/center]
""施法者創造冰牆，%1bm 至 %2bm 平方公尺[/center]
施法者每 %clm 級。冰牆持續 %bdr[/center]
回合，再加上 %adr 額外回合，每 %cld[/center]
級施法者。""[/center]
[/end]"
1311,"毒牆[/center]
持續時間：%bdr + %adr 每 %cld 級[/center]
機率：不適用 + 不適用 每不適用級[/center]
強度：%1bm - %2bm + %1am - %2am[/center]
每 %clm 級[/center]
""施法者創造毒氣牆，%1bm 至 %2bm 平方[/center]
公尺，施法者每 %clm 級。牆持續[/center]
%bdr 回合，再加上 %adr 額外回合，每[/center]
施法者 %cld 級。""[/center]
[/end]"
1350,"你已經選過一項[/center]
與此衝突的優勢或[/center]
劣勢。[/center]
[/end]"
1360,"變化指的是變化學派，[/center]
魔法研習六途之一。此[/center]
學派關乎魔力改變物體[/center]
結構與組成的能力。[/center]
緩落與護盾是兩道經典的[/center]
變化法術。[/center]
[/end]"
1361,"箭術是決定以弓箭[/center]
命中目標並造成傷害之[/center]
能力的技能。[/center]
[/end]"
1362,"斧是每當以戰斧或戰用斧[/center]
攻擊目標時自動檢定的技能。[/center]
[/end]"
1363,"背刺是每當從背後擊中[/center]
目標時檢定的技能。精於此[/center]
技能者更容易從背後命中。[/center]
一次漂亮的背刺也很可能[/center]
造成更多傷害。[/center]
[/end]"
1364,"鈍器是每當以釘頭錘或法杖等[/center]
沉重鈍器擊中目標時檢定的技能。[/center]
精於此道的鈍器專家有更高的[/center]
命中機率，每擊也造成更多傷害。[/center]
[/end]"
1365,"半人馬語是每當試圖與半人馬[/center]
交談時檢定的語言技能。[/center]
[/end]"
1366,"攀爬是每當試圖攀上牆壁或[/center]
陡坡時檢定的技能。[/center]
在回到平地之前會持續[/center]
檢定。[/center]
[/end]"
1367,"致命一擊是每當成功擊中[/center]
目標時檢定的技能。受到[/center]
成功致命一擊的目標會承受[/center]
毀滅性、往往致命的額外[/center]
傷害。[/center]
[/end]"
1368,"迪德拉語是每當試圖與迪德拉[/center]
交談時檢定的語言技能，例如[/center]
火焰迪德拉或迪德拉領主。[/center]
[/end]"
1369,"毀滅指的是毀滅學派，[/center]
魔法研習六條正式途徑[/center]
之一。毀滅法術以對目標[/center]
造成傷害為主要目的，例如[/center]
火球或毒雲。[/center]
[/end]"
1370,"偽裝是每當試圖滲入敵對[/center]
環境，或把物品藏離窺探[/center]
目光時自動檢定的技能。[/center]
[/end]"
1371,"閃避是在被敵人的武器或[/center]
法術擊中之前檢定的技能。[/center]
[/end]"
1372,"龍語是每當試圖與[/center]
龍交談時檢定的語言技能。[/center]
[/record]
"
1373,"精靈語是每當試圖與[/center]
野精靈交談時檢定的語言技能。[/center]
[/end]"
1374,"禮儀是每當試圖在交談中[/center]
表現禮貌、謙恭與魅力時[/center]
檢定的技能。[/center]
[/end]"
1375,"妖精語是每當試圖與[/center]
妖精交談時檢定的語言技能。[/center]
[/end]"
1376,"巨人語是每當試圖與[/center]
巨人交談時檢定的語言技能。[/center]
[/end]"
1377,"徒手是每當試圖以拳打或[/center]
腳踢擊中目標時檢定的技能。[/center]
[/end]"
1378,"鷹身女妖語是每當試圖與[/center]
鷹身女妖交談時檢定的語言技能。[/center]
[/end]"
1379,"幻術指的是幻術學派，[/center]
魔法研習六途之一。[/center]
幻術法術能夠偽裝、照亮[/center]
或遮蔽物體，隱形與光明[/center]
便是例證。[/center]
[/end]"
1380,"小惡魔語是每當試圖與[/center]
小惡魔交談時檢定的語言技能。[/center]
[/end]"
1381,"跳躍是用來決定能夠跳多高、[/center]
多遠的技能。[/center]
[/end]"
1382,"開鎖是每當試圖撬開門或[/center]
箱子上的鎖時自動檢定的技能。[/center]
[/end]"
1383,"長刃是每當試圖以闊劍或武士刀等[/center]
長刃劈砍武器擊中目標時[/center]
檢定的技能。[/center]
[/end]"
1384,"醫術在每次休息時自動檢定，[/center]
讓人能夠診斷輕微的傷勢與[/center]
疾病。[/center]
[/end]"
1385,"商業是每當與商人談判、[/center]
試圖以最佳價格買賣物品時[/center]
檢定的技能。[/center]
[/end]"
1386,"神秘指的是神秘學派，[/center]
魔法研習六途之一。神秘是[/center]
最深奧的學派，其法術如[/center]
遙距沉默與靈魂陷阱一般[/center]
多樣。[/center]
[/end]"
1387,"寧芙語是每當試圖與[/center]
寧芙交談時檢定的語言技能。[/center]
[/end]"
1388,"扒竊是每當試圖從別人或架子上[/center]
偷走物品而不被發現時自動[/center]
檢定的技能。[/center]
[/end]"
1389,"恢復指的是恢復學派，[/center]
魔法研習六途之一。任何[/center]
治療法術，如解除毒素與[/center]
巨魔之血，皆出自恢復。[/center]
[/end]"
1390,"奔跑是每當開始奔跑時[/center]
自動檢定、以決定可能速度的[/center]
技能。[/center]
[/end]"
1391,"短刃是每當試圖以匕首或短刀等[/center]
短刃刺擊武器擊中目標時檢定的技能，[/center]
用以決定一擊的準度與傷害。[/center]
[/end]"
1392,"樹精語是每當試圖與[/center]
樹精交談時檢定的語言技能。[/center]
[/end]"
1393,"潛行讓人能夠避開敵對生物的[/center]
注意。每次遭遇都會自動[/center]
檢定。[/center]
[/end]"
1394,"街頭智慧是每當試圖在交談中[/center]
表現直率、口語或其他非正式[/center]
態度時檢定的技能。[/center]
[/end]"
1395,"游泳是每當遇到水時自動檢定的技能，[/center]
用以決定游得有多快、[/center]
游泳時有多疲勞，以及能在水下[/center]
待多久。[/center]
[/end]"
1396,"奇術指的是奇術學派，[/center]
魔法研習六途之一。奇術[/center]
法術不改變力量或物體的[/center]
外觀或結構，但能暫時操控法則，[/center]
漂浮與水上行走便是例證。[/center]
[/end]"
1400,"你或許有興趣知道，%fx1 剛與 %fx2 結盟。[/record]
我剛聽說 %fx1 跟 %fx2 談成了交易。有意思吧？[/record]
別傳出去，但 %fx1 和 %fx2 正在合作。[/end]"
1401,"人人都知道 %fx2 對 %fx1 懷恨在心，但現在他們真的動手了。[/record]
%fx1 在某筆交易裡吃了虧。現在他們要找 %fx2 算帳[/record]
%fx1 和 %fx2 彼此仇恨。要是因此有人送命，我一點都不意外。[/end]"
1402,"%fl1 在信函裡侮辱了 %fl2。現在 %fx2 要對付 %fx1。[/record]
%fx1 和 %fx2 曾是親密盟友，直到宮裡那件事。[/record]
直到最近 %fx1 和 %fx2 還在合作。他們剛剛切斷了同盟。[/end]"
1403,"我聽說 %fx1 和 %fx2 已經和好了。[/record]
%fx1 向 %fx2 付了一大筆和解費。但願那能止住他們的爭吵。[/record]
我從來搞不懂 %fx1 和 %fx2 為什麼結仇。至少現在結束了。[/end]"
1404,"%reg 的人民很高興有 %fx2 這位新盟友。[/record]
我不喜歡 %fx2，但讓他們當 %reg 的盟友總比當敵人好。[/record]
你聽說了嗎？%reg 剛與 %fx2 簽了協議。[/end]"
1405,"我聽說 %fx2 對 %reg 氣壞了。[/record]
你一定聽說了，%reg 與 %fx2 不再交好。[/record]
%fx2 現在是 %reg 的死敵。別跟他們有任何往來。[/end]"
1406,"%ol1 %olf。%fx1 有了新的 %lt1。[/record]
我真的很喜歡 %ol1。但現在是 %fl1 掌管 %fx1。[/record]
全城都在傳。%ol1 %olf。你能相信現在是 %fl1 接那個位子嗎？[/end]"
1407,"真可怕。%fx1 和 %fx2 開戰了！[/record]
我知道 %fx1 和 %fx2 之間有緊張，但從沒想過他們會宣戰。[/record]
%fx1 與 %fx2 開戰了！真棒啊！[/end]"
1408,"%fx1 幾乎殲滅了 %fx2 的軍隊。%fx1 打贏了這場戰爭！[/record]
%fx2 輸了。%fx2 已要求無條件投降。戰爭結束了。[/record]
%fx1 的軍隊席捲進了首都。%fx2 已被擊敗。[/end]"
1409,"%fx1 和 %fx2 簽了和平條約。戰爭把雙方經濟都拖垮了。[/record]
%fx1 本來打贏了，但錢用光了。他們被迫與 %fx2 簽停戰協定。[/record]
戰爭結束了！戰爭結束了！%fx1 和 %fx2 停手了。我還沒聽說為什麼。[/end]"
1410,"晚上把門鎖好。再也沒人能免於罪犯。他們想拿什麼就拿什麼。[/record]
他們光天化日殺了 %n。守衛連動手都沒有。這地方成什麼樣子了？[/end]"
1411,"我們都在為 %hol 做準備。它快到了。[/record]
你為 %hol 準備好了嗎？別等太久。[/record]
%hol 快到了。我不會等到最後一刻才準備。[/end]"
1412,"你聽說盜賊公會大師被捕了嗎？但願他們把他吊死。[/record]
盜賊公會大師在牢裡。我敢說他明天就逃掉了。[/record]
沒有監獄能關住盜賊公會大師太久。所以他的審判很快就會舉行。[/end]"
1413,"你能相信他們把盜賊公會大師放了？那隻狡猾的老狐狸。[/record]
他逃了！盜賊公會大師越獄了。[/record]
盜賊公會大師逃了。我就知道那錫鐵牢房關不住他。[/end]"
1414,"斬首。盜賊公會大師就是這個下場。死了正好。[/record]
他們處決了盜賊公會大師。聽說他會躺在無名塚裡。[/record]
他們沒花多久就處決了那可憐蟲。誰？當然是盜賊公會大師。[/end]"
1415,"我聽說有個瘋法師在搗亂。[/record]
某個發瘋的術士把宮殿變成粉紅色。花了兩週才清乾淨。[/record]
外面有個瘋子巫師。要是我們不聽話，全都會變成大頭菜。[/end]"
1416,"那個老法師是瘋子。幸好他們殺了他。[/record]
她是個瘋子。讓瘋巫師到處跑太危險，所以他們殺了她。[/record]
全城都在慶祝。那個瘋狂術士死了！[/end]"
1417,"這地方什麼都太貴。我幾乎連麵包都買不起了。[/record]
商人全是豬。他們把價錢訂多高就多高，沒人敢怎樣。[/record]
錢又不是樹上長的。我得賣家具才能買食物！這些價錢太離譜了。[/end]"
1418,"正在打價格戰。趁便宜把能買的都買下來。[/record]
一切都始於瘋子 %n 把所有價錢砍半。現在所有商人都降價競爭。[/record]
我正要去買新衣服。什麼都便宜，我想現在買，免得又漲回去。[/end]"
1450,"我聽說 %reg 有女巫。在山上某處或森林深處。[/record]
女巫又在搗亂了。山上那些潑婦最好小心，不然很快就會有火刑。[/record]
法師公會說的那些關於女巫的話不是真的。森林裡的老巫婆多半無害。[/record]
我聽說女巫能召喚迪德拉領主。%reg 沒有這些巫婆會更好。[/end]"
1451,"%n 昨夜死了。屍體的血被吸乾了！[/record]
他們找到可憐的 %n，脖子上有兩個穿刺傷。體內一滴血都不剩。[/record]
吸血鬼不只是沒頭腦的怪物。氏族秘密集會，密謀控制全人類！[/record]
那些骯髒的吸血鬼在管這地方。當然是吸血鬼。我是說吸血鬼氏族。[/end]"
1452,"法師學徒 %n 告訴我，有種強大的存在叫迪德拉，住在叫湮滅的地方。他們能賜人稱為神器的強大魔法物品。我敢說那只是故事。[/record]
善待同胞，否則迪德拉會把你帶到湮滅。[/record]
迪德拉其實可以被召喚。聽說女巫和法師公會經常這麼做。[/record]
只有神殿能安全召喚迪德拉。祭司能強迫他們透露強大神器的秘密位置。[/end]"
1453,"有傳聞說有人掌握了奧瑞爾之盾的下落。據說那面盾能讓你免疫火焰與魔法。[/record]
某個醉騎士聲稱弄丟了術士戒指。當然，要是他真有那件神器，他會是國王而不是酒鬼。[/record]
我聽一個弓箭手說奧瑞爾之弓被找到又弄丟了。故事裡，從那把弓射出的一箭能殺死任何生物。[/record]
有人竊竊私語，說一個瘋法師有死靈法師戒指。那神器只是神話。[/record]
我哥哥認識的人的姊姊，跟一個見過英雄之劍克里薩梅爾的男人睡過。[/record]
某個瘋隱士想說服我領主鎖子甲是真的，不只是傳說。我只好殺了他來保護自己。[/record]
法師公會剛處決了老 %n，就因為他聲稱發現了失落已久的馬格努斯之杖位置。可憐的妄想法師。[/record]
據說迪德拉領主佔有了大部分遠古神器。他們只賜給忠誠的僕人。[/record]
我聽說女巫能幫人找到失落的遠古力量神器之一。[/end]"
1454,"你該知道盜賊有個秘密公會，由神秘的大師領導。[/record]
盜賊公會不只是傳說，它是真的。我不能告訴你我怎麼知道，否則他們會殺我。[/record]
雖然多數人否認，%reg 所有盜賊都屬於秘密的盜賊公會。任何拒絕加入的盜賊都會喪命。[/end]"
1455,"若你真想復仇，聯絡黑暗兄弟會。他們是職業刺客。[/record]
確實有刺客公會，自稱為黑暗兄弟會。他們招募能找到的最冷血殺手。[/record]
黑暗兄弟會在 %reg 相當強大。這個刺客公會懲罰為錢殺人的外人。[/end]"
1456,"%lt1 有外遇。[/record]
他們說年底前我們會有新的鵝卵石街道。[/record]
%n 說毛毛蟲身上的環紋預示嚴冬。[/record]
據說很快會宣布新稅。[/record]
晚上別出門。%n 看見食屍鬼在巷子裡潛伏。[/record]
帝國的代表預計很快會到 %reg。[/record]
帝國鎖鏈最弱的一環是夏暮島。然後是 %reg。[/end]"
1457,"嗯。想不起來。[/record]
據我所知沒有。[/record]
我盡量不散播謠言。[/record]
既然我沒好話可說……[/end]"
1475,"%nrn 已宣布所有女巫[/center]
[/left]
都要被綁在火刑柱上燒死。[/center]
[/record]
巫術的刑罰是[/center]
火刑柱燒死。——%nrn[/center]
[/record]
任何女巫都應被綁在火刑柱上活活燒死，[/center]
此乃 %nrn 之令。[/center]
[/end]"
1476,"%nrn 已宣布 %ptm[/center]
犯有叛國與異端。[/center]
[/record]
%ptm 的任何成員都應[/center]
立即入獄。——%nrn[/center]
[/record]
%ptm 不被 %reg 或 %nrn 承認。[/center]
其所有土地與財產[/center]
均可沒收。[/center]
[/end]"
1477,"由於 %reg 的饑荒，所有[/center]
進口食物的商人必須[/center]
向城門隊長報到。[/center]
[/record]
進入本鎮的所有食物，[/center]
十分之一必須繳給 %t，[/center]
以免 %g3 恩典因饑荒受苦。[/center]
[/record]
%reg 為饑荒所困。浪費[/center]
食物可處鞭刑。——%nrn[/end]"
1478,"所有瘟疫患者必須留在[/center]
街上，以便收集並[/center]
焚燒。——%nrn[/record]
訪客請注意。我們美好的[/center]
城鎮正為瘟疫所困。[/center]
[/record]
奉 %nrn 之令，任何顯現瘟疫跡象的人[/center]
不得進出本鎮。[/center]
[/end]"
1479,"%fx1 與 %fx2 處於戰爭狀態。[/center]
在此地發現的敵方外國公民[/center]
一律絞死。[/center]
——%nrn[/center]
[/record]
%fx1 與 %fx2 交戰。[/center]
所有訪客都可能被搜查。[/center]
[/record]
奉 %nrn 之令，在 %fx1 與 %fx2[/center]
戰爭期間，[/center]
實施軍管。[/center]
[/end]"
1480,"高貴的統治者，%ol1 %olf。[/center]
%fl1 萬歲，新任 %reg 的 %lt1。[/center]
[/record]
%fl1 已登基，[/center]
成為新的 %lt1。願 %fl1 長久統治 %reg。[/center]
[/record]
%fl1 是 %reg 新的 %lt1。[/center]
[/end]"
1481,"%fx2 正式與 %fx1 結盟。[/center]
[/record]
%fx1 和 %fx2 已簽署協議。[/center]
[/record]
%fx1 與 %fx2 有正式關係。[/center]
[/end]"
1482,"任何來自 %fx2 的人都將受到[/center]
法律最嚴厲的追究。——%nrn[/center]
[/record]
%fx2 之人一經發現[/center]
即應扣押。——%nrn[/center]
[/record]
因對 %reg 的罪行，%fx2[/center]
是 %nrn 的死敵。[/center]
[/end]"
1483,"奉 %nrn 之令，所有稅金[/center]
必須在月底前繳清。[/center]
[/record]
所有武器必須束戰。[/record]
城內嚴禁魔法。[/center]
[/record]
所有運送麥酒的商人[/center]
必須向隊長塔報到。[/center]
[/record]
%n 是 %reg 的敵人。[/center]
發現此罪犯的行蹤[/center]
應向守衛報告。[/center]
[/end]"
1500,"麻痺[/center]
使目標麻痺。[/center]
持續時間：麻痺持續幾回合。[/center]
麻痺目標的機率。[/center]
強度：不適用[/center]
[/end]"
1501,"麻痺[/center]
使目標麻痺。[/center]
持續時間：麻痺持續幾回合。[/center]
麻痺目標的機率。[/center]
強度：不適用[/center]
[/end]"
1502,"麻痺[/center]
使目標麻痺。[/center]
持續時間：麻痺持續幾回合。[/center]
麻痺目標的機率。[/center]
強度：不適用[/center]
[/end]"
1503,"持續傷害——生命[/center]
每回合降低目標的生命。[/center]
持續時間：目標受傷幾回合。[/center]
機率：不適用[/center]
強度：目標每回合受到多少傷害。[/center]
[/end]"
1504,"持續傷害——生命[/center]
每回合降低目標的生命。[/center]
持續時間：目標受傷幾回合。[/center]
機率：不適用[/center]
強度：目標每回合受到多少傷害。[/center]
[/end]"
1505,"持續傷害——疲勞[/center]
每回合降低目標的疲勞。[/center]
持續時間：目標受影響幾回合。[/center]
機率：不適用[/center]
強度：目標每回合失去的疲勞。[/center]
[/end]"
1506,"持續傷害——法術點數[/center]
每回合減少目標的法術點數。[/center]
持續時間：目標受影響幾回合。[/center]
機率：不適用[/center]
強度：目標每回合失去的法術點數。[/center]
[/end]"
1507,"創造物品[/center]
創造一件由施法者選擇的有用物品。[/center]
持續時間：創造物品存在多久。[/center]
機率：不適用[/center]
強度：不適用[/center]
[/end]"
1509,"治癒——疾病[/center]
治癒目標的疾病。[/center]
持續時間：瞬間[/center]
機率：治癒疾病的機率。[/center]
強度：不適用[/center]
[/end]"
1510,"治癒——毒素[/center]
解除目標的毒素。[/center]
持續時間：瞬間。[/center]
機率：解除毒素的機率。[/center]
強度：不適用[/center]
[/end]"
1511,"治癒——麻痺[/center]
解除目標的麻痺。[/center]
持續時間：瞬間。[/center]
機率：解除麻痺的機率。[/center]
強度：不適用[/center]
[/end]"
1512,"傷害——生命[/center]
使目標的生命受到傷害。[/center]
持續時間：瞬間。[/center]
機率：不適用[/center]
強度：目標失去的生命值。[/center]
[/end]"
1513,"傷害——疲勞[/center]
使目標的疲勞受到傷害。[/center]
持續時間：瞬間。[/center]
機率：不適用[/center]
強度：目標失去的疲勞值。[/center]
[/end]"
1514,"傷害——法術點數[/center]
減少目標的法術點數。[/center]
持續時間：瞬間。[/center]
機率：不適用[/center]
強度：目標失去的法術點數。[/center]
[/end]"
1515,"瓦解[/center]
使目標瓦解。[/center]
持續時間：瞬間。[/center]
機率：瓦解目標的機率。[/center]
強度：不適用[/center]
[/end]"
1516,"驅散——魔法[/center]
消除魔法效果。[/center]
持續時間：瞬間。[/center]
機率：驅散魔法的機率。[/center]
強度：不適用[/center]
[/end]"
1517,"驅散——不死生物[/center]
驅散不死生物。[/center]
持續時間：瞬間。[/center]
機率：驅散不死生物的機率。[/center]
強度：不適用[/center]
[/end]"
1518,"驅散——迪德拉[/center]
驅散迪德拉。[/center]
持續時間：瞬間。[/center]
機率：驅散迪德拉的機率。[/center]
強度：不適用[/center]
[/end]"
1519,"吸取——力量[/center]
減少目標的力量點數。[/center]
持續時間：瞬間。[/center]
機率：不適用[/center]
強度：被吸取的點數。[/center]
[/end]"
1520,"吸取——智力[/center]
減少目標的智力點數。[/center]
持續時間：瞬間。[/center]
機率：不適用[/center]
強度：被吸取的點數。[/center]
[/end]"
1521,"吸取——意志[/center]
減少目標的意志點數。[/center]
持續時間：瞬間。[/center]
機率：不適用[/center]
強度：被吸取的點數。[/center]
[/end]"
1522,"吸取——敏捷[/center]
減少目標的敏捷點數。[/center]
持續時間：瞬間。[/center]
機率：不適用[/center]
強度：被吸取的點數。[/center]
[/end]"
1523,"吸取——耐力[/center]
減少目標的耐力點數。[/center]
持續時間：瞬間。[/center]
機率：不適用[/center]
強度：被吸取的點數。[/center]
[/end]"
1524,"吸取——魅力[/center]
減少目標的魅力點數。[/center]
持續時間：瞬間。[/center]
機率：不適用[/center]
強度：被吸取的點數。[/center]
[/end]"
1525,"吸取——速度[/center]
減少目標的速度點數。[/center]
持續時間：瞬間。[/center]
機率：不適用[/center]
強度：被吸取的點數。[/center]
[/end]"
1526,"吸取——幸運[/center]
減少目標的幸運點數。[/center]
持續時間：瞬間。[/center]
機率：不適用[/center]
強度：被吸取的點數。[/center]
[/end]"
1527,"元素抗性——火焰[/center]
目標對火焰傷害免疫。[/center]
持續時間：抗性持續回合數。[/center]
機率：成功施放此法術的機率。[/center]
強度：不適用[/center]
若法術失敗，目標對火焰只受一半傷害。[/center]
[/end]"
1528,"元素抗性——冰霜[/center]
目標對寒冷傷害免疫。[/center]
持續時間：抗性持續回合數。[/center]
機率：成功施放此法術的機率。[/center]
強度：不適用[/center]
若法術失敗，目標對寒冷只受一半傷害。[/center]
[/end]"
1529,"元素抗性——毒素[/center]
目標對毒素傷害免疫。[/center]
持續時間：抗性持續回合數。[/center]
機率：成功施放此法術的機率。[/center]
強度：不適用[/center]
若法術失敗，目標對毒素只受一半傷害。[/center]
[/end]"
1530,"元素抗性——電擊[/center]
目標對電擊傷害免疫。[/center]
持續時間：抗性持續回合數。[/center]
機率：成功施放此法術的機率。[/center]
強度：不適用[/center]
若法術失敗，目標對電擊只受一半傷害。[/center]
[/end]"
1531,"元素抗性——魔法[/center]
目標對魔法傷害免疫。[/center]
持續時間：抗性持續回合數。[/center]
機率：成功施放此法術的機率。[/center]
強度：不適用[/center]
若法術失敗，目標對魔法只受一半傷害。[/center]
[/end]"
1532,"強化力量[/center]
提升目標的力量。[/center]
持續時間：屬性提升持續回合數。[/center]
機率：不適用[/center]
強度：屬性提升量。[/center]
[/end]"
1533,"強化智力[/center]
提升目標的智力。[/center]
持續時間：屬性提升持續回合數。[/center]
機率：不適用[/center]
強度：屬性提升量。[/center]
[/end]"
1534,"強化意志[/center]
提升目標的意志。[/center]
持續時間：屬性提升持續回合數。[/center]
機率：不適用[/center]
強度：屬性提升量。[/center]
[/end]"
1535,"強化敏捷[/center]
提升目標的敏捷。[/center]
持續時間：屬性提升持續回合數。[/center]
機率：不適用[/center]
強度：屬性提升量。[/center]
[/end]"
1536,"強化耐力[/center]
提升目標的耐力。[/center]
持續時間：屬性提升持續回合數。[/center]
機率：不適用[/center]
強度：屬性提升量。[/center]
[/end]"
1537,"強化魅力[/center]
提升目標的魅力。[/center]
持續時間：屬性提升持續回合數。[/center]
機率：不適用[/center]
強度：屬性提升量。[/center]
[/end]"
1538,"強化速度[/center]
提升目標的速度。[/center]
持續時間：屬性提升持續回合數。[/center]
機率：不適用[/center]
強度：屬性提升量。[/center]
[/end]"
1539,"強化幸運[/center]
提升目標的幸運。[/center]
持續時間：屬性提升持續回合數。[/center]
機率：不適用[/center]
強度：屬性提升量。[/center]
[/end]"
1540,"治療力量[/center]
將目標的力量恢復到正常水準。[/center]
持續時間：瞬間。[/center]
機率：不適用[/center]
強度：恢復的點數。[/center]
[/end]"
1541,"治療智力[/center]
將目標的智力恢復到正常水準。[/center]
持續時間：瞬間。[/center]
機率：不適用[/center]
強度：恢復的點數。[/center]
[/end]"
1542,"治療意志[/center]
將目標的意志恢復到正常水準。[/center]
持續時間：瞬間。[/center]
機率：不適用[/center]
強度：恢復的點數。[/center]
[/end]"
1543,"治療敏捷[/center]
將目標的敏捷恢復到正常水準。[/center]
持續時間：瞬間。[/center]
機率：不適用[/center]
強度：恢復的點數。[/center]
[/end]"
1544,"治療耐力[/center]
將目標的耐力恢復到正常水準。[/center]
持續時間：瞬間。[/center]
機率：不適用[/center]
強度：恢復的點數。[/center]
[/end]"
1545,"治療魅力[/center]
將目標的魅力恢復到正常水準。[/center]
持續時間：瞬間。[/center]
機率：不適用[/center]
強度：恢復的點數。[/center]
[/end]"
1546,"治療速度[/center]
將目標的速度恢復到正常水準。[/center]
持續時間：瞬間。[/center]
機率：不適用[/center]
強度：恢復的點數。[/center]
[/end]"
1547,"治療幸運[/center]
將目標的幸運恢復到正常水準。[/center]
持續時間：瞬間。[/center]
機率：不適用[/center]
強度：恢復的點數。[/center]
[/end]"
1548,"治療生命[/center]
將目標的生命恢復到正常水準。[/center]
持續時間：瞬間。[/center]
機率：不適用[/center]
強度：恢復的點數。[/center]
[/end]"
1549,"治療疲勞[/center]
將目標的疲勞恢復到正常水準。[/center]
持續時間：瞬間。[/center]
機率：不適用[/center]
強度：恢復的點數。[/center]
[/end]"
1550,"轉移力量[/center]
將目標的力量點數轉移給施法者。[/center]
持續時間：瞬間。[/center]
機率：不適用[/center]
強度：轉移的點數。[/center]
[/end]"
1551,"轉移智力[/center]
將目標的智力點數轉移給施法者。[/center]
持續時間：瞬間。[/center]
機率：不適用[/center]
強度：轉移的點數。[/center]
[/end]"
1552,"轉移意志[/center]
將目標的意志點數轉移給施法者。[/center]
持續時間：瞬間。[/center]
機率：不適用[/center]
強度：轉移的點數。[/center]
[/end]"
1553,"轉移敏捷[/center]
將目標的敏捷點數轉移給施法者。[/center]
持續時間：瞬間。[/center]
機率：不適用[/center]
強度：轉移的點數。[/center]
[/end]"
1554,"轉移耐力[/center]
將目標的耐力點數轉移給施法者。[/center]
持續時間：瞬間。[/center]
機率：不適用[/center]
強度：轉移的點數。[/center]
[/end]"
1555,"轉移魅力[/center]
將目標的魅力點數轉移給施法者。[/center]
持續時間：瞬間。[/center]
機率：不適用[/center]
強度：轉移的點數。[/center]
[/end]"
1556,"轉移速度[/center]
將目標的速度點數轉移給施法者。[/center]
持續時間：瞬間。[/center]
機率：不適用[/center]
強度：轉移的點數。[/center]
[/end]"
1557,"轉移幸運[/center]
將目標的幸運點數轉移給施法者。[/center]
持續時間：瞬間。[/center]
機率：不適用[/center]
強度：轉移的點數。[/center]
[/end]"
1558,"轉移生命[/center]
將目標的生命點數轉移給施法者。[/center]
持續時間：瞬間。[/center]
機率：不適用[/center]
強度：轉移的點數。[/center]
[/end]"
1559,"轉移疲勞[/center]
將目標的疲勞點數轉移給施法者。[/center]
持續時間：瞬間。[/center]
機率：不適用[/center]
強度：轉移的點數。[/center]
[/end]"
1560,"隱形（一般）[/center]
目標隱形。若目標[/center]
攻擊任何東西則被驅散。[/center]
持續時間：目標保持隱形的回合數。[/center]
機率：不適用[/center]
強度：不適用[/center]
[/end]"
1561,"隱形（真實）[/center]
目標隱形。[/center]
持續時間：目標保持隱形的回合數。[/center]
機率：不適用[/center]
強度：不適用[/center]
[/end]"
1562,"漂浮[/center]
目標漂浮在地面之上。[/center]
持續時間：目標漂浮的回合數。[/center]
機率：不適用[/center]
強度：不適用[/center]
[/end]"
1563,"光明[/center]
在目標為中心產生光源。[/center]
持續時間：目標保持被照亮的回合數。[/center]
機率：不適用[/center]
強度：不適用[/center]
[/end]"
1564,"上鎖[/center]
將箱子或門上鎖至施法者的鎖等。[/center]
持續時間：法術保持生效的回合數。[/center]
機率：成功機率。[/center]
強度：不適用[/center]
[/end]"
1565,"開鎖[/center]
開啟鎖等等於施法者的箱子或門。[/center]
持續時間：瞬間。[/center]
機率：成功機率。[/center]
強度：不適用[/center]
[/end]"
1566,"再生[/center]
目標每回合再生生命值。[/center]
持續時間：目標再生的回合數。[/center]
機率：不適用[/center]
強度：每回合再生的點數。[/center]
[/end]"
1567,"沉默[/center]
目標被沉默，無法施放法術。[/center]
持續時間：沉默持續回合數。[/center]
機率：成功機率。[/center]
強度：不適用[/center]
[/end]"
1568,"法術吸收[/center]
目標吸收到來的法術能量，將法術[/center]
能量點數加入自身儲備。[/center]
持續時間：目標吸收法術的回合數。[/center]
機率：成功機率。[/center]
強度：不適用[/center]
[/end]"
1569,"法術反射[/center]
目標將到來的法術反射回施法者。[/center]
持續時間：目標反射法術的回合數。[/center]
機率：成功機率。[/center]
強度：不適用[/center]
[/end]"
1570,"法術抗性[/center]
目標抵抗到來的法術。[/center]
持續時間：目標抵抗法術的回合數。[/center]
機率：成功機率。[/center]
強度：不適用[/center]
[/end]"
1571,"變色龍（一般）[/center]
目標變得難以看見。若[/center]
變色龍攻擊任何東西，法術會中斷。[/center]
持續時間：目標保持隱蔽的回合數。[/center]
機率：不適用[/center]
強度：不適用[/center]
[/end]"
1572,"變色龍（真實）[/center]
目標變得難以看見。[/center]
持續時間：目標保持隱蔽的回合數。[/center]
機率：不適用[/center]
強度：不適用[/center]
[/end]"
1573,"暗影（一般）[/center]
目標融入陰影。若[/center]
藏於陰影者攻擊任何東西，法術會中斷。[/center]
持續時間：目標保持隱藏的回合數。[/center]
機率：不適用[/center]
強度：不適用[/center]
[/end]"
1574,"暗影（真實）[/center]
目標融入陰影。[/center]
持續時間：目標保持隱藏的回合數。[/center]
機率：不適用[/center]
強度：不適用[/center]
[/end]"
1575,"緩落（一般，觸發）[/center]
目標以一半正常速率落下，減少墜落傷害。[/center]
在目標落下時觸發。[/center]
持續時間：法術保持生效的回合數。[/center]
機率：不適用[/center]
強度：不適用[/center]
[/end]"
1576,"自由行動[/center]
目標免疫麻痺。[/center]
持續時間：免疫持續回合數。[/center]
機率：不適用[/center]
強度：不適用[/center]
[/end]"
1577,"跳躍[/center]
目標能跳得兩倍好。[/center]
持續時間：法術保持生效的回合數。[/center]
機率：不適用[/center]
強度：不適用[/center]
[/end]"
1578,"攀爬[/center]
目標能爬得兩倍好。[/center]
持續時間：法術保持生效的回合數。[/center]
機率：不適用[/center]
強度：不適用[/center]
[/end]"
1579,"變形自身[/center]
施法者變形成生物或物體[/center]
由施法者選擇。[/center]
持續時間：變形持續回合數。[/center]
機率：成功機率。[/center]
強度：不適用[/center]
[/end]"
1580,"變形他人[/center]
目標變形成生物或物體[/center]
由施法者選擇。[/center]
持續時間：變形持續回合數。[/center]
機率：成功機率。[/center]
強度：不適用[/center]
[/end]"
1581,"變形物品[/center]
物品變形成生物或物體[/center]
由施法者選擇。[/center]
持續時間：變形持續回合數。[/center]
機率：成功機率。[/center]
強度：不適用[/center]
[/end]"
1582,"水中呼吸[/center]
目標能在水下正常呼吸。[/center]
持續時間：目標能在水下呼吸的回合數。[/center]
機率：成功機率。[/center]
強度：不適用[/center]
[/end]"
1583,"水上行走[/center]
目標能在水面行走。[/center]
持續時間：目標能在水面行走的回合數。[/center]
機率：成功機率。[/center]
強度：不適用[/center]
[/end]"
1584,"縮小[/center]
目標縮小到正常體型的一半。[/center]
持續時間：目標保持縮小的回合數。[/center]
機率：成功機率。[/center]
強度：不適用[/center]
[/end]"
1585,"安撫動物[/center]
安撫任何次於人類智力的野獸。[/center]
持續時間：動物保持溫順的回合數。[/center]
機率：安撫機率。[/center]
強度：不適用[/center]
[/end]"
1586,"安撫不死生物[/center]
安撫不死生物。[/center]
持續時間：生物保持溫順的回合數。[/center]
機率：安撫機率。[/center]
強度：不適用[/center]
[/end]"
1587,"安撫類人生物[/center]
安撫類人生物。[/center]
持續時間：類人生物保持溫順的回合數。[/center]
機率：安撫機率。[/center]
強度：不適用[/center]
[/end]"
1588,"安撫迪德拉[/center]
安撫迪德拉。[/center]
持續時間：迪德拉保持溫順的回合數。[/center]
機率：安撫機率。[/center]
強度：不適用[/center]
[/end]"
1589,"魅惑[/center]
提升施法者對目標的魅力，從而改善[/center]
施法者的聲望。[/center]
持續時間：施法者保持魅惑的回合數。[/center]
機率：成功機率。[/center]
強度：不適用[/center]
[/end]"
1590,"護盾[/center]
目標被魔法護盾包圍。[/center]
護盾吸收生命值傷害。護盾持續[/center]
直到傷害被突破，或法術結束。[/center]
持續時間：護盾可持續的回合數。[/center]
機率：不適用[/center]
強度：護盾能吸收的生命值傷害。[/center]
[/end]"
1591,"護盾[/center]
目標被魔法護盾包圍。[/center]
護盾吸收生命值傷害。護盾持續[/center]
直到傷害被突破，或法術結束。[/center]
持續時間：護盾可持續的回合數。[/center]
機率：不適用[/center]
強度：護盾能吸收的生命值傷害。[/center]
[/end]"
1592,"護盾[/center]
目標被魔法護盾包圍。[/center]
護盾吸收生命值傷害。護盾持續[/center]
直到傷害被突破，或法術結束。[/center]
持續時間：護盾可持續的回合數。[/center]
機率：不適用[/center]
強度：護盾能吸收的生命值傷害。[/center]
[/end]"
1593,"護盾[/center]
目標被魔法護盾包圍。[/center]
護盾吸收生命值傷害。護盾持續[/center]
直到傷害被突破，或法術結束。[/center]
持續時間：護盾可持續的回合數。[/center]
機率：不適用[/center]
強度：護盾能吸收的生命值傷害。[/center]
[/end]"
1594,"星界旅行[/center]
將施法者送往星界。[/center]
持續時間：施法者留在星界的回合數。[/center]
機率：不適用[/center]
強度：不適用[/center]
[/end]"
1595,"乙太化[/center]
使施法者乙太化，因而能穿牆。[/center]
持續時間：施法者保持乙太化的回合數。[/center]
機率：成功機率。[/center]
強度：不適用[/center]
[/end]"
1596,"偵測魔法[/center]
施法者能偵測前方所有魔法。[/center]
持續時間：施法者能偵測魔法的回合數。[/center]
機率：不適用[/center]
強度：不適用[/center]
[/end]"
1597,"偵測敵人[/center]
施法者能偵測前方所有敵人。[/center]
持續時間：施法者能偵測敵人的回合數。[/center]
機率：不適用[/center]
強度：不適用[/center]
[/end]"
1598,"偵測財寶[/center]
施法者能偵測前方所有財寶。[/center]
持續時間：施法者能偵測財寶的回合數。[/center]
機率：不適用[/center]
強度：不適用[/center]
[/end]"
1599,"鑑定[/center]
施法者能鑑定目標物體。[/center]
持續時間：瞬間。[/center]
機率：正確鑑定的機率。[/center]
強度：不適用[/center]
[/end]"
1600,"巫師視覺[/center]
施法者的視覺從其身體向外投射。[/center]
持續時間：施法者能透過投射視覺觀看的回合數。[/center]
機率：不適用[/center]
強度：不適用[/center]
[/end]"
1601,"黑暗[/center]
目標被黑暗包圍。[/center]
持續時間：目標被變暗的回合數。[/center]
機率：成功機率。[/center]
強度：不適用[/center]
[/end]"
1602,"傳送[/center]
施法者選擇一個地點，然後能瞬間[/center]
傳送到該地。此法術至少必須施放[/center]
兩次才能使用（一次用來選定地點）。[/center]
持續時間：瞬間。[/center]
機率：傳送到正確地點的機率。[/center]
強度：不適用[/center]
[/end]"
1603,"靈魂陷阱[/center]
死亡後，目標的靈魂將被放入[/center]
任何可用的容器。[/center]
持續時間：法術詛咒活體目標多久[/center]
機率：囚禁目標的機率。[/center]
強度：不適用[/center]
[/end]"
1604,"心靈遙控[/center]
讓施法者能以精神力量移動物體。[/center]
持續時間：施法者能使用心靈遙控多久。[/center]
機率：不適用[/center]
強度：施法者能操控的物體重量。[/center]
[/end]"
1605,"通曉語言[/center]
施法者能通曉任何書寫或口說語言[/center]
持續時間：施法者通曉語言多久[/center]
機率：完全通曉一種語言的機率[/center]
強度：不適用[/center]
[/end]"
1606,"強化火焰[/center]
施法者可強化普通火焰的光。[/center]
持續時間：被強化的火焰持續多久[/center]
機率：不適用[/center]
強度：可強化的燭光。[/center]
[/end]"
1607,"削弱火焰[/center]
施法者可削弱普通火焰的光。[/center]
持續時間：被削弱的火焰持續多久[/center]
機率：不適用[/center]
強度：可削弱的燭光。[/center]
[/end]"
1608,"石牆[/center]
施法者創造石牆[/center]
持續時間：牆持續多久[/center]
機率：不適用 強度：牆的面積（平方公尺）[/center]
[/end]"
1609,"火牆[/center]
施法者創造火牆[/center]
持續時間：牆持續多久[/center]
機率：不適用 強度：牆的面積（平方公尺）[/center]
[/end]"
1610,"冰牆[/center]
施法者創造冰牆[/center]
持續時間：牆持續多久[/center]
機率：不適用 強度：牆的面積（平方公尺）[/center]
[/end]"
1611,"毒牆[/center]
施法者創造毒氣牆[/center]
持續時間：牆持續多久[/center]
機率：不適用 強度：牆的面積（平方公尺）[/center]
[/end]"
1650,你沒有足夠金幣好好付給附魔師。[/end]
1651,你無法將此物品附魔超過其上限。[/end]
1652,物品已附魔。[/end]
1653,必須選取一件物品才能附魔。[/end]
1654,尚未在此物品上放置任何附魔。[/end]
1655,一次只能選一件物品來附魔。[/end]
1656,你已經選了一件要附魔的物品。[/end]
1657,你無法再為此物品附上更多能力。[/end]
1658,此物品無法再附上更多副作用。[/end]
1659,此物品無法附魔。[/end]
1660,此物品已經附魔過了。[/end]
1700,"這一頁滿了。[/center]
請開一張新捲軸。[/center]
[/end]"
1701,"你要找的詞[/center]
沒有出現在你的筆記裡。[/center]
[/end]"
1702,"你沒有足夠金幣[/center]
購買此法術。[/center]
[/end]"
1703,"你沒有法術書[/center]
可以抄寫此法術。[/center]
[/end]"
1704,"你必須為此法術取一個[/center]
要寫進魔典的名字。[/center]
[/end]"
1705,"法術已抄寫進[/center]
你的魔典。[/center]
[/end]"
1706,"法術已抄寫進[/center]
總表，而且 Ted 很酷。[/center]
[/end]"
1707,"任何法術最多只能選擇[/center]
三種效果。[/center]
[/end]"
1708,"你想如何變更此法術？[/center]
[/end]"
1709,"你的法術書沒有剩餘空間。[/center]
[/end]"
1800,"變更法術圖示[/record]

"
1801,對抗火焰豁免[/end]
1802,對抗冰霜豁免[/end]
1803,對抗毒素豁免[/end]
1804,對抗電擊豁免[/end]
1805,對抗魔法豁免[/end]
1806,法術只影響施法者[/end]
1807,法術以觸碰影響目標[/end]
1808,法術在遠處施放[/end]
1809,法術影響施法者周圍區域[/end]
1810,法術影響遠處區域[/end]
1811,為法術加入效果[/end]
1812,購買法術[/end]
1813,清除目前法術，開始新的[/end]
1814,離開法術製作器[/end]
1850,你沒有足夠的魔力[/end]
2000,"諾德來自天際省。你屬於[/center]
高大白皙的民族，強壯、[/center]
意志堅定且堅忍。由於天際的氣候，[/center]
諾德能抵抗最嚴寒的溫度，[/center]
即使是冰系魔法攻擊也幾乎不受傷害。[/center]
諾德歷來極適合[/center]
戰士的一切技藝。[/center]
你的角色要當諾德嗎？[/center]
[/end]"
2001,"卡吉特來自艾斯維爾省。[/center]
你屬於黃褐色皮膚的民族，極為[/center]
堅忍、聰慧且敏捷。許多卡吉特[/center]
會在臉上塗繪，好更像他們傳說中的[/center]
貓科遠親——在大沙漠狩獵的[/center]
掠食之貓。卡吉特整體而言[/center]
是出色的攀爬者，也精通[/center]
盜賊的一切技藝。[/center]
你的角色要當卡吉特嗎？[/center]
[/end]"
2002,"紅守衛來自落錘省。[/center]
你屬於深色皮膚的民族，極為[/center]
堅忍且迅捷。傳說紅守衛[/center]
天生比任何其他種族更精通武器。[/center]
整體而言，紅守衛[/center]
是出色的戰士。[/center]
你的角色要當紅守衛嗎？[/center]
[/end]"
2003,"布萊頓來自高岩省。[/center]
你屬於高大白皙的民族，[/center]
極為聰慧且意志堅定。魔法似乎[/center]
滲透了布萊頓人的存在本身。[/center]
作為種族，他們比任何其他群體[/center]
都更能抵抗敵對魔法的效果，[/center]
因而精通一切奧術。[/center]
你的角色要當布萊頓嗎？[/center]
[/end]"
2004,"亞龍人來自黑沼澤省。[/center]
你屬於高度進化的爬蟲種族，[/center]
以智力、敏捷與速度著稱。[/center]
由於爬蟲天性，亞龍人游泳時[/center]
不易疲勞。許多亞龍人已成功掌握[/center]
盜賊與施法技藝，也有些人以戰士聞名。[/center]
你的角色要當亞龍人嗎？[/center]
[/end]"
2005,"木精靈來自瓦倫林地省。[/center]
你屬於高大白皙的民族，[/center]
以極為敏捷迅捷著稱。[/center]
木精靈天生親和弓箭，[/center]
種族中人人對那件武器都有幾分本事。[/center]
幾乎每一種職業都有著名的木精靈，[/center]
但盜賊技藝是他們的特長。[/center]
你的角色要當木精靈嗎？[/center]
[/end]"
2006,"高精靈來自夏暮島省。[/center]
你屬於高大、金色皮膚的民族，[/center]
極為聰慧、敏捷且意志堅定。[/center]
夏暮島的魔法本質使高精靈[/center]
成為天生的施法者，並免疫[/center]
麻痺毒素與法術。[/center]
你的角色要當高精靈嗎？[/center]
[/end]"
2007,"黑暗精靈來自晨風省。[/center]
你屬於高大、深色皮膚的民族，[/center]
以極為強壯、聰慧且迅捷著稱。[/center]
他們在各種技能上都極為多才，[/center]
以戰士與法師聞名。[/center]
你的角色要當黑暗精靈嗎？[/center]
[/end]"
2050,"法師公會是跨省組織，[/center]
由五位大法師組成的議會領導，獻身於[/center]
魔力的研究與應用。我們的學生[/center]
配製了若干較受歡迎的藥劑[/center]
與魔法物品，以合理價格出售。[/center]
我們也有各種標準法術[/center]
與藥劑材料出售。此外，[/center]
我們的研究室開放給所有認真的魔力[/center]
學生，供他們自製法術。[/center]
[/center]
當然，法師公會絕非僅僅是好奇[/center]
商店。被判定值得加入法師公會的人[/center]
會獲准使用各式各樣的圖書館與[/center]
實驗室。當然不是一次全給，而是[/center]
逐漸給予。把巨大力量託付給誰，[/center]
必須小心。[/center]
[/center]
畢竟，法師公會講的就是[/center]
責任。[/center]
[/center]
你或許有興趣加入嗎？[/center]
[/end]"
2051,"阿卡托什詠唱堂奉獻於崇拜[/center]
阿卡托什，那偉大的巨龍。阿卡托什是最[/center]
恆常的神，因為祂的領域就是時間本身。[/center]
[/center]
或許，若你需要時間的祝福[/center]
並願意做出可觀的捐獻，[/center]
阿卡托什或會向你微笑，賜你時間：[/center]
或許是治癒傷勢的時間，或是[/center]
縮短旅途的時間。[/center]
[/center]
這裡的祭司與女祭司為阿卡托什詠唱堂[/center]
的成員提供各種其他技能與服務。[/center]
自然，必須先被判定為配得，[/center]
才會被庇護在阿卡托什的[/center]
巨大翼下。[/center]
[/center]
你或許有興趣加入嗎？[/center]
[/end]"
2052,"我們是阿凱教團，誕生與[/center]
死亡之神的教團。阿凱是偉大的靈，把每個[/center]
男人與女人、人類、精靈、卡吉特與亞龍人[/center]
帶進這世界，並在真正的時刻，結束[/center]
他們的循環。阿凱是生育與疫病，喜樂[/center]
與哀愁。在教團裡，我們慶祝阿凱所代表的[/center]
蒙福中立。[/center]
[/center]
我們不向陌生人提供祝福，因為給予[/center]
恩惠或詛咒都會擾亂永恆的平衡，[/center]
但教團為成員提供許多。[/center]
我們的圖書館與賢者是泰姆瑞爾[/center]
最優秀之列。當然，很少人配得被引入[/center]
誕生與死亡的奧秘。[/center]
[/center]
你或許有興趣加入嗎？[/center]
[/end]"
2053,"在迪貝拉之家，我們透過美尋求真理，[/center]
並崇拜美的化身，[/center]
女神迪貝拉。[/center]
[/center]
迪貝拉向慷慨捐獻我們之家的人微笑。[/center]
她賜捐獻者魅力與風雅。[/center]
當然，與他們的慷慨成比例。[/center]
[/center]
我們總是對迪貝拉之家的新入門者感興趣，[/center]
不過只有具備促進和諧之技能者。坦白說，[/center]
極少人合格。[/center]
[/center]
你或許有興趣加入嗎？[/center]
[/end]"
2054,"奉獻於泰姆瑞爾母神的神殿[/center]
稱為仁愛堂，因為我們獻身於[/center]
使一切生物如兄弟般聯合，[/center]
皆為瑪拉的孩子。我們只不容忍[/center]
那些表現不容忍的人；我們只恨那些恨的人。[/center]
[/center]
瑪拉是我們的母神，因此她以愛的禮物[/center]
祝福所有人。特別是，她眷顧[/center]
那些在泰姆瑞爾幫助她追隨者的人。為了[/center]
向仁愛堂做出合理捐獻，你將[/center]
蒙福，並永遠被最愛你的他或她所愛。[/center]
[/center]
那些進一步獻身於母神的人[/center]
更蒙祝福。我們的祭司與[/center]
女祭司研究瑪拉的泰姆瑞爾之偉大[/center]
並學到許多。因此有許多可與被判定[/center]
忠於瑪拉召喚的入門者分享。[/center]
[/center]
你或許有興趣加入嗎？[/center]
[/end]"
2055,"朱利安諾斯學院絕非僅僅是神殿，獻身於[/center]
對遙遠朦朧神祇形象的盲目服從。[/center]
朱利安諾斯確實是神，但首先[/center]
祂是學問、邏輯、哲學與[/center]
智慧的象徵。我們不主張任何道德哲學，[/center]
除了知識為善。正如偉大的賽伊克[/center]
曾說，無知的力量真能把秘銀[/center]
像玻璃一樣打碎。那就是我們的敵人。[/center]
[/center]
治學是漫長艱難的旅程，[/center]
朱利安諾斯不容忍那些想縮短它的人。[/center]
然而，祂確實祝福那些慷慨[/center]
捐獻祂學院的人，暫時提升[/center]
他們的魔法技能。[/center]
[/center]
雖然我們主張全泰姆瑞爾人識字與教育，[/center]
對想加入學院本身的人，我們的政策[/center]
非常嚴格。我們沒時間浪費在[/center]
訓練遲鈍與懶惰者。[/center]
[/center]
你或許有興趣加入嗎？[/center]
[/end]"
2056,"我們的女神是凱娜瑞斯，她的領域是[/center]
諸天本身。她有時被稱為[/center]
空氣女神，那純潔者。是她把[/center]
領主鎖子甲賜給戰士領主莫里豪斯，[/center]
以對抗不潔的迪德拉之靈。[/center]
[/center]
憑我們女神的榮耀，我們已成為[/center]
泰姆瑞爾最偉大的醫師——我們[/center]
治癒魔法與凡俗疾病的能力真正[/center]
無人能及。其他神殿只治癒自己的[/center]
祭司，而我們是慈善家。[/center]
[/center]
當然，女神對她自己的人特別眷顧。[/center]
我們確實收新入門者，只要他們[/center]
對女神表現虔誠，並有技能[/center]
使他們的虔誠值得。[/center]
[/center]
你或許有興趣加入嗎？[/center]
[/end]"
2057,"我們的神是慈悲之神斯丹達爾。有人嘲笑[/center]
我們的同情，稱我們為多愁的傻瓜與[/center]
軟心腸。但事實是每個人，無論[/center]
多強壯，當賽伊——幸運之神——如他常做的那樣[/center]
拋棄他們時，都會爬來找我們。[/center]
[/center]
我們給旅人的禮物很單純——我們[/center]
治療那些在痛苦中的人。更複雜的[/center]
病痛、疾病與中毒，我們指引你[/center]
去凱娜瑞斯神殿。帶著應有的敬意，因為[/center]
他們是最優秀的藥劑師，而我們是[/center]
最優秀的外科醫師。[/center]
[/center]
若人具備願望與資質，便可以[/center]
加入神殿。雖然我們想幫助所有[/center]
泰姆瑞爾人，我們只具備訓練與協助[/center]
一小撮人的手段。有時，慈悲最好[/center]
從自己開始。[/center]
[/center]
你或許有興趣加入嗎？[/center]
[/end]"
2058,"我們是奉獻於澤尼薩爾的神殿，祂是[/center]
商業之神、商人與傭兵的守護神。[/center]
很久以前，在我們運動誕生時，我們的先祖[/center]
使我們成為與眾不同的神殿：意在[/center]
能適應，卻能抵禦時間的風暴。我們[/center]
因此被稱為決議所，遠比神殿[/center]
更貼切的名稱。[/center]
[/center]
澤尼薩爾決議所眷顧那些眷顧[/center]
我們的人——我們不選擇躲在捐獻、[/center]
禮物、贖罪券這類詞後面。與你[/center]
付給決議所的金額成比例，你與[/center]
其他商人砍價的技能會提升，但[/center]
是暫時的。若你想永久提升技能，[/center]
你或許願意加入決議所[/center]
並與我們的訓練師會面。[/center]
[/center]
加入澤尼薩爾決議所的邀請[/center]
並不公開。只有已經具備[/center]
少數最低技能的人才會被考慮。[/center]
把時間浪費在新手身上對我們沒有回報。[/center]
至少，我們是專業人士。[/center]
[/center]
你或許有興趣加入嗎？[/center]
[/end]"
2059,"我們燈騎士團是法師公會的保護者。[/center]
我們追隨帕蘭提努斯，直接聽命於[/center]
大法師。[/center]
[/center]
我們被給予法師公會某些服務的[/center]
相應權利。騎士團內的階級[/center]
在權利與特權上近似公會內的[/center]
階級。[/center]
[/center]
騎士團只對已經證明戰鬥技能[/center]
並與法師公會關係良好的人[/center]
開放。[/center]
[/end]"
2060,"巨龍騎士團的官方職責是[/center]
保護匕首雨的城市與王室。[/center]
我們由可敬的布里德威爾領主領導，[/center]
他是貝托尼戰爭最偉大的英雄。[/center]
[/center]
要被考慮加入我們的戰鬥騎士團，[/center]
必須證明卓越的戰鬥技能[/center]
以及對匕首雨的榮譽與忠誠聲望。[/center]
作為回報，我們的騎士在匕首雨[/center]
受到無與倫比的尊重。[/center]
[/center]
你或許有興趣加入嗎？[/center]
[/end]"
2061,"燭火騎士團已取代廢止的月之騎士，[/center]
成為哨兵城王國的官方保護者與[/center]
戰士。月之領主沃塞克與卡瓦爾是我們的[/center]
指揮官，我們絕對服從他們的命令。[/center]
[/center]
在哨兵城，沒有任何騎士團、公會或組織[/center]
比我們更受尊重。只有具備卓越戰鬥技能[/center]
並證明對哨兵城王室忠誠的男女[/center]
才會被考慮准入。[/center]
[/center]
你或許有興趣加入嗎？[/center]
[/end]"
2062,"我們玫瑰騎士團榮幸成為陛下——[/center]
途歇城國王伊德威爾——的護衛與強臂。[/center]
他宮廷中最偉大的騎士是我們的成員，我們[/center]
已在灣區與泰姆瑞爾的內部與[/center]
跨省鬥爭中證明自己的價值。[/center]
[/center]
對那些戰鬥能力與對國王的真正忠誠[/center]
被判定可接受的少數人，我們[/center]
提供加入途歇城最受尊重騎士團的[/center]
成員資格。[/center]
[/center]
你或許有興趣加入嗎？[/center]
[/end]"
2063,"火焰騎士團是安蒂克萊領主領的[/center]
高貴戰士。我們對弗萊特領主與夫人的效忠[/center]
毫不動搖，是他們把我們從貝托尼戰爭後的[/center]
混亂中救出。[/center]
[/center]
只有以對安蒂克萊與我們蒙福贊助者的[/center]
忠誠著稱的人才被判定配得加入。[/center]
作為效忠的回報，我們的騎士在安蒂克萊[/center]
被當成真正的神一般對待。[/center]
[/center]
你或許有興趣加入嗎？[/center]
[/end]"
2064,"號角騎士團榮幸為最可怖的[/center]
施萊克男爵效力。我們的職責包括從[/center]
正面戰爭到間諜與收稅的一切重要活動。[/center]
[/center]
或許值得澄清這個混淆：男爵軟弱的弟弟[/center]
凱恩領主有自己的騎士團，致力於非法奪取[/center]
萊恩林的王位，他愚蠢地稱那可憐的團體為[/center]
真號角騎士團。[/center]
[/center]
若已證明對施萊克男爵的忠誠與戰場勇武，[/center]
便可能被考慮加入我們驕傲的騎士團。我們[/center]
不是靠把時間浪費在沒希望的人身上，[/center]
才贏得萊恩林所有人的恐懼與尊重。[/center]
[/center]
你或許有興趣加入嗎？[/center]
[/end]"
2065,"我們貓頭鷹騎士團負責保護並為格倫角[/center]
王室而戰。只有戰鬥技能最精煉、[/center]
並獻身於格倫角福祉的人才被考慮[/center]
納入我們的騎士團。[/center]
[/center]
我們的騎士是男爵的皇家護衛，[/center]
在整個格倫角受到無與倫比的尊重。[/center]
[/center]
你或許有興趣加入嗎？[/center]
[/end]"
2066,"謙虛地說，渡鴉騎士團是傳奇的[/center]
戰鬥騎士團。我們榮幸曾領導對抗[/center]
卡莫蘭篡奪者的戰役，把泰姆瑞爾一半[/center]
從他的暴政中解放。[/center]
[/center]
我們仍是德溫嫩男爵領的先鋒，[/center]
保護整個地區。憑我們的聲望，[/center]
我們不能接納除最偉大戰士、[/center]
最忠誠於男爵的僕人以外的人。[/center]
[/center]
你或許有興趣加入嗎？[/center]
[/end]"
2067,"車輪騎士團在所有軍事情勢中[/center]
代表阿比邦-戈拉的王室與城市。[/center]
[/center]
我們目前不徵募新成員。[/center]
不過，以對阿比邦-戈拉的忠誠著稱的[/center]
足夠有才華的戰士，仍可能值得考慮。[/center]
[/center]
你或許有興趣加入嗎？[/center]
[/end]"
2068,"我們聖甲蟲騎士團榮幸成為[/center]
托坦布王室的官方衛隊。我們職責繁多，[/center]
恩寵極大。只有最精煉、最忠誠的[/center]
戰士才被考慮入會。這確實是極大的榮譽。[/center]
[/center]
你或許有興趣加入嗎？[/center]
[/end]"
2069,"鷹騎士團擔任安提菲洛斯城鎮與[/center]
王室的高貴戰士與保護者。許多人從童年[/center]
起就為加入我們的騎士團而受訓，[/center]
為了榮譽與聲望。[/center]
[/center]
你或許有興趣加入嗎？[/center]
[/end]"
2070,"環騎士團是阿凱教團的軍事臂膀。[/center]
我們莊嚴的職責是保護教團並打他們的仗。[/center]
我們對神阿凱與教團的奉獻是完全的。[/center]
[/center]
只有具備卓越戰鬥勇武、[/center]
對教團與神阿凱毫不動搖忠誠的人[/center]
才被考慮納入環騎士團。[/center]
[/end]"
2071,"我們鐵騎士團負責澤尼薩爾決議所的[/center]
軍事遠征。澤尼薩爾不僅是[/center]
商人與商業之神，祂也是[/center]
戰士之神。我們代表祂的那一面。[/center]
[/center]
顯然，接納戰鬥不夠出色、[/center]
對我們事業不夠完全奉獻的新入門者[/center]
對我們並不相宜。[/center]
[/end]"
2072,"瑪拉代表愛與和平。她與她的仁愛堂[/center]
承認，儘管聽來偽善，軍事力量往往[/center]
是產生這和平所需要的。瑪拉騎士團[/center]
代表這軍事力量。[/center]
[/center]
我們承認這是有爭議的騎士團。[/center]
神殿內某些被誤導的神職人員寧願我們解散，[/center]
但他們是少數，所有人都尊重[/center]
我們的技能與忠誠。[/center]
[/end]"
2073,"我們是阿卡托什詠唱堂的軍事臂膀，[/center]
時辰騎士團，受命保護詠唱堂。[/center]
我們的騎士奉獻於偉大的巨龍，[/center]
並獻身於祂所代表的穩定與永恆的承諾。[/center]
[/center]
我們的職責確實多樣，榮譽豐盛。[/center]
我們騎士團的入門者擁有與詠唱堂[/center]
入門者相同的權利與榮譽。[/center]
[/end]"
2074,"導師騎士是朱利安諾斯學院的兄弟姐妹。[/center]
他們做研究、擴充學院圖書館時，[/center]
我們保護他們。反過來，[/center]
他們與我們分享擴充的知識。[/center]
這是完美的關係，使雙方同等受益。[/center]
[/center]
自然，只有具備卓越軍事技能、[/center]
並證明對學院與神朱利安諾斯忠誠的人[/center]
才被考慮加入導師騎士。[/center]
[/end]"
2075,"迪貝拉之家是泰姆瑞爾最高貴的機構，[/center]
我們百合騎士團堅定獻身於它的事業。[/center]
它唯一的缺點是其中的祭司與女祭司[/center]
往往過於專注於傳播美，[/center]
而無法充分保護自己。[/center]
[/center]
那就是百合騎士團的神聖事業。[/center]
我們保護此家，並接受同等階級神職人員的[/center]
訓練與祝福。我想不出[/center]
比為美的事業而戰更好的理由。[/center]
[/end]"
2076,"我們，慈悲者斯丹達爾的騎士[/center]
自稱聖戰騎士，因為保護神殿[/center]
並打它的仗是我們的神聖職責。雖然我們[/center]
堅定主張神殿的同情與慈善哲學，[/center]
我們也承認若神殿軟弱，它便無法[/center]
現實地存活。[/center]
[/center]
只有具備強大戰鬥能力、[/center]
並證明對神殿與神斯丹達爾虔誠的人[/center]
才有資格可能成為聖戰騎士的成員。[/center]
[/end]"
2077,"我們是女神凱娜瑞斯的強臂，[/center]
是她神殿的分支，獻身於在全泰姆瑞爾[/center]
為她的事業而戰。凱娜瑞斯騎士團的成員[/center]
因技能與忠誠受神殿尊榮，[/center]
並獲准充分使用其中的祝福與服務。[/center]
當然，依騎士團內的個人階級而定。[/center]
[/center]
可能納入凱娜瑞斯騎士團的候選人[/center]
依戰鬥技能與在神殿的聲望選出。[/center]
[/end]"
2100,"法師終生獻身於奧術魔法的研究與實踐。[/center]
經驗豐富的法師可以是致命的對手。法師最重要的技能是：[/center]
所有魔力學派——神秘、變化、奇術、[/center]
幻術、毀滅與恢復。[/center]
你希望角色當法師嗎？[/center]
[/end]"
2101,"法劍士是同時精通魔法的戰士。這種雙重修為[/center]
使法劍士成為極為可畏的對手。[/center]
法劍士最重要的技能是：[/center]
斧、長刃、鈍器、毀滅、[/center]
幻術與變化。[/center]
你希望角色當法劍士嗎？[/center]
[/end]"
2102,"戰鬥法師把對魔法的掌握用於戰鬥。[/center]
他們天生擅長施放攻擊性法術。戰鬥法師最重要的技能是：[/center]
毀滅、長刃、斧、[/center]
奇術、變化與徒手。[/center]
你希望角色當戰鬥法師嗎？[/center]
[/end]"
2103,"術士極擅長操控魔法，但他們不自行產生魔法能量。[/center]
他們吸收對自己施放的法術能量，[/center]
再用這能量驅動自己的法術。[/center]
術士的主要技能是：所有魔力學派——[/center]
神秘、變化、奇術、[/center]
毀滅、恢復與幻術。[/center]
你希望角色當術士嗎？[/center]
[/end]"
2104,"治療師用魔法處理傷勢與疾病。[/center]
他們的職能本質上以防禦為主。治療師最重要的技能是：[/center]
恢復、醫術、閃避、奇術、[/center]
神秘與變化。[/center]
你希望角色當治療師嗎？[/center]
[/end]"
2105,"夜刃以魔法能力輔助詭計。[/center]
夜刃往往像會用魔法的盜賊。夜刃最重要的技能是：[/center]
幻術、潛行、閃避、[/center]
奇術、短刃與開鎖。[/center]
你希望角色當夜刃嗎？[/center]
[/end]"
2106,"吟遊詩人是最多才的職業，通曉許多技藝。[/center]
他們熟悉武器、魔法與盜賊才能。[/center]
吟遊詩人最常用的技能是：街頭智慧、禮儀、[/center]
扒竊、潛行、短刃與徒手。[/center]
你希望角色當吟遊詩人嗎？[/center]
[/end]"
2107,"竊賊精通開鎖。[/center]
他們能潛入最嚴密的貴族宅邸而不被發現。[/center]
竊賊最重要的技能是：開鎖、[/center]
潛行、攀爬、商業、[/center]
閃避與短刃。[/center]
你希望角色當竊賊嗎？[/center]
[/end]"
2108,"流氓兼修盜賊的陰影技藝與戰士的戰鬥技藝。[/center]
流氓最依賴這些技能：長刃、[/center]
潛行、閃避、扒竊、背刺與街頭智慧。[/center]
你希望角色當流氓嗎？[/center]
[/end]"
2109,"雜技者修習盜賊技藝，並以出色的體能輔助。[/center]
他們非常迅捷、敏捷、靈活。[/center]
雜技者最重要的技能是：跳躍、閃避、[/center]
奔跑、攀爬、徒手與潛行。[/center]
你希望角色當雜技者嗎？[/center]
[/end]"
2110,"盜賊以潛行、速度與狡猾謀生，[/center]
因此廣為人知。盜賊最重要的六項技能是：[/center]
扒竊、潛行、短刃、[/center]
背刺、攀爬與開鎖。[/center]
你希望角色當盜賊嗎？[/center]
[/end]"
2111,"刺客令人敬畏，他們以黑夜掩護，[/center]
以狡猾發出致命一擊。即使牢固的鎖也擋不住[/center]
刺客之刃。刺客最重要的技能是：[/center]
致命一擊、背刺、潛行、[/center]
短刃、長刃與鈍器。[/center]
你希望角色當刺客嗎？[/center]
[/end]"
2112,"僧侶受過特殊的心智訓練。這種強烈的精神覺察[/center]
包括把身體變成致命機器的能力。[/center]
僧侶最重要的技能是：徒手、致命一擊、[/center]
閃避、游泳、醫術與鈍器。[/center]
你希望角色當僧侶嗎？[/center]
[/end]"
2113,"弓箭手是專門受訓使用弓的戰士。[/center]
弓箭手最重要的技能是：[/center]
箭術、徒手、閃避、[/center]
斧、鈍器與致命一擊。[/center]
你希望角色當弓箭手嗎？[/center]
[/end]"
2114,"遊俠以荒野為家，是出色的獵人。[/center]
他們極擅長生存與追蹤。遊俠最重要的技能是：[/center]
長刃、斧、攀爬、游泳、[/center]
箭術與致命一擊。[/center]
你希望角色當遊俠嗎？[/center]
[/end]"
2115,"野蠻人來自文明邊緣的嚴酷土地。[/center]
他們是出色的戰士，適合在最惡劣條件下生存。[/center]
野蠻人最常用的技能是：[/center]
鈍器、長刃、斧、[/center]
跳躍、奔跑與游泳。[/center]
你希望角色當野蠻人嗎？[/center]
[/end]"
2116,"戰士在戰鬥與戰爭技藝上受訓最深。[/center]
他們精通多種武器，往往重裝。[/center]
戰士最重要的技能是：斧、長刃、[/center]
鈍器、徒手、箭術與短刃。[/center]
你希望角色當戰士嗎？[/center]
[/end]"
2117,"騎士受訓為戰士。他們出身貴族，[/center]
恪守騎士精神。[/center]
騎士最重要的技能是：[/center]
長刃、禮儀、鈍器、斧、[/center]
箭術與短刃。[/center]
你希望角色當騎士嗎？[/center]
[/end]"
2200,"請選擇角色的性別。[/center]
[/end]"
2400,"說明 - 一般[/center]
[/record]
職業製作器讓你自訂職業。[/left]
你的新職業必須包含：[/left]
1. 名稱[/left]
2. 3 項主要技能[/left]
3. 3 項重要技能[/left]
4. 6 項次要技能[/left]
其他自訂項目皆為可選：[/left]
調整其中某些項目，例如加入特殊[/left]
優勢或劣勢，以及較高或較低的[/left]
每級生命值，會使該職業提升技能[/left]
因而升級變得較難或較易。標示為[/left]
「技能成長」的滑動「匕首」條代表[/left]
該職業學習新技能的難度。[/left]
若你對職業製作器的某項功能[/left]
有具體問題，請點擊說明下的[/left]
相應區段。[/end]"
2401,"說明 - 職業名稱[/center]
你可為新角色職業選擇任何名稱，[/left]
只要名稱不超過 23 個字母。[/end]"
2402,"說明 - 屬性[/center]
新職業的力量、智力、意志、敏捷、[/left]
速度、耐力、魅力與幸運的基礎平均[/left]
不得超過 50。例如，若你為其中一項[/left]
屬性加上五點，就必須從另一項屬性[/left]
減去五點。[/left]
結果是新職業的最低屬性清單。[/left]
你的角色屬性分數大概會高於最低值。[/left]
各屬性定義請見匕首雨手冊。[/end]"
2403,"說明 - 技能[/center]
技能比任何其他東西更能定義[/left]
職業。把最重要的三項技能選為[/left]
主要技能，接下來三項最重要的[/left]
選為重要技能，再接下來六項[/left]
最重要的選為次要技能。[/left]
其他技能對你的角色職業仍可用，[/left]
但遊戲開始時即使會也掌握得很差，[/left]
而且更難提升。[/left]
重要的是把新職業最常用、最精通的[/left]
技能選為主要與重要技能。這些技能[/left]
會隨持續使用而提升，技能提升時，[/left]
角色等級也會提升。[/end]"
2404,"說明 - 特殊優勢[/center]
特殊優勢是可選的最後修飾，[/left]
例如疾病抗性與敏銳聽覺。[/left]
為職業加入特殊優勢總會增加[/left]
提升技能等級的難度。看標示為[/left]
「技能成長」的匕首條，匕首越高，[/left]
該職業成員學習新技能等級就越難。[/left]
你最多可選 7 項特殊優勢。[/left]
各特殊優勢的完整說明列於[/left]
匕首雨手冊。[/left]
[/end]"
2405,"說明 - 特殊劣勢[/center]
特殊劣勢是可選的最後修飾，[/left]
例如禁忌武器與無法再生法術點數。[/left]
加入特殊劣勢的主要理由是降低[/left]
提升技能等級的難度。[/left]
你最多可選 7 項特殊劣勢。[/left]
各特殊劣勢的完整說明列於[/left]
匕首雨手冊。[/left]
[/end]"
2406,"說明 - 聲望[/center]
編輯聲望是可選的職業創建功能，[/left]
讓你協助決定某些廣泛的社會派系[/left]
對你自訂職業者的傾向。[/left]
這些群體絕非遊戲中僅有的聲望群體：[/left]
它們只是最廣泛、最常見的。[/left]
所有聲望群體的基礎平均必須永遠等於零。[/left]
因此，若你為與某一群體的聲望加五點，[/left]
就必須從另一群體減五點。[/left]
更多聲望的重要性，見匕首雨手冊。[/left]
[/record]

"
2407,"說明 - 職業的技能成長[/center]
技能成長表中匕首的位置顯示該職業[/left]
技能成長的大致難度。[/left]
匕首升得越高，該職業成員提升[/left]
技能等級就越難。[/left]
加入特殊優勢與額外生命值[/left]
會使學習技能更難。[/left]
加入劣勢或降低生命值加成[/left]
會使學習技能更容易。[/left]
作為參考，真正的戰士以預設、[/left]
正好在技能成長表正中的速度學習技能。[/left]
盜賊學習技能較易，法師較難。[/end]"
2500,%qdt - %plq 的 %pnq 告訴我「%qot」[/end]
3100,"恐怕我只能幫助[/center]
達到一定階級的人。[/record]
你的階級不足以[/center]
使用我的服務。[/record]
我的服務只提供給[/center]
有階級的人。[/record]
無意冒犯，但我只能協助[/center]
某些高階成員。[/record]
或許有一天我能幫你，但[/center]
你尚未達到足夠階級。[/record]
等你在組織中升到更高[/center]
階級再來。[/record]
我不能對隨便什麼人都提供協助。[/center]
我相信你能理解。[/record]
我的服務保留給特別的少數人。[/center]
你還不在其中。[/end]"
3353,糟糕！！！[/end]
3503,"問候，%pcf。今夜我們從湮滅之坑[/center]
召喚 %dts。[/center]
這事業花費不小。[/center]
我必須向你要 %a 金幣。同意嗎？[/center]
[/record]
今夜我們伸向湮滅的裂隙[/center]
把那污穢之靈、迪德拉攝政[/center]
%dts 帶進凡界。為這服務，[/center]
需要你出 %a 金幣。[/center]
[/end]"
3504,"問候，朋友 %pcf。今夜我們從湮滅之坑[/center]
召喚 %dts。[/center]
我們通常要金幣，但對你這樣的盟友，[/center]
這服務不收費。[/center]
要我進行嗎？[/center]
[/record]
啊，我的朋友 %pcf。今夜我們伸向[/center]
湮滅的裂隙，把那污穢之靈、[/center]
迪德拉攝政 %dts 帶進凡界。[/center]
這是給你的人情。要我繼續嗎？[/center]
[/end]"
3506,"很好，%pcn。若你[/center]
改變心意，再回來。我們[/center]
隨時能舉行這儀式。[/center]
[/record]
不？好吧，若你想要再回來。我可以[/center]
在你準備更好時隨時[/center]
喚出 %dts。[/center]
[/end]"
3507,"不？若你改變心意，今夜再回來找我。[/center]
明天，預兆將不容許我[/center]
完成這召喚。[/center]
[/record]
這確實是可怕的事業。若你願意，[/center]
今夜稍晚可以再來，[/center]
但明天就太晚，無法[/center]
召喚迪德拉 %dts。[/center]
[/end]"
3508,"召喚似乎失敗了。[/center]
[/record]
今夜 %dts 未能被召喚。[/center]
請接受我的歉意。[/center]
[/end]"
3509,"今夜預兆不利於安全召喚，[/center]
%pcf。若你想出席[/center]
%dts 的召喚，請在[/center]
%dfs 再來。[/center]
[/record]
今晚我們不召喚 %dts。[/center]
若你想出席召喚，[/center]
請在 %dfs 再來。[/center]
[/end]"
4000,"你要傳送還是設置錨點？[/center]
[/end]"
4001,"必須先設置錨點才能傳送。[/center]
[/end]"
4020,"恭喜，%pcn，[/center]
你現在是 %ski 的大師，[/center]
泰姆瑞爾最優秀的[/center]
%ski 實踐者之一。[/center]
[/end]"
4021,%ski 大師[/end]
4022,"我訓練你？在那方面你能教老訓練師[/center]
幾招了，[/center]
%pct。[/center]
[/record]
抱歉，%pct。沒有什麼[/center]
我能教你而你還不知道的。[/center]
[/record]
你選的這項技能，[/center]
你的能力顯然已超過我，[/center]
%pct。[/center]
[/record]
你在那方面已經遠比我熟練，[/center]
%pct。[/center]
[/end]"
4023,"你必須給自己時間，[/center]
消化今天到目前為止[/center]
受過的訓練。[/center]
[/record]
你不能在同一天訓練[/center]
超過一項技能。[/center]
[/end]"
4050,"瑞恩聖物匣[/record]
班迪神龕[/record]
麥神龕[/record]
芬恩庇護所[/record]
伊本阿姆鐵砧[/record]
伊里克祭壇[/record]
迪瓦德紀念碑[/record]
瓊神龕[/record]
傑弗雷神龕[/record]
賽伊聖物匣[/record]
維格里爾神龕[/record]
杜格羅德神龕[/record]
吉姆·賽神龕[/record]
賢者紀念碑[/record]
喬德神龕[/record]
奎奧文神龕[/record]
埃芬神龕[/record]
斯特倫納避風港[/record]
基蘭劇場[/record]
傑恩小屋[/record]
諾托戈祭壇[/end]"
4051,"%ln 公墓[/record]
%ln 公墓[/record]
%ln 公墓[/record]
%ln 公墓[/record]
%ln 墓地[/record]
%ln 墓地[/record]
%ln 墓地[/record]
%ln 墓地[/record]
%ln 之墳[/record]
%ln 墓穴[/record]
%ln 之墓[/record]
%ln 墓室[/record]
%ln 地窖[/record]
%ln 之地窖[/record]
%ln 葬地[/record]
%ln 紀念園[/end]"
4052,"老 %fn 的農場[/record]
%ln 農莊[/record]
%ln 農莊[/record]
%ln 農莊[/record]
%ln 農莊[/record]
%ln 種植園[/record]
%ln 田莊[/record]
%ln 果園[/record]
%ln 家宅[/end]"
4053,"%ln 要塞[/record]
%ln 城堡[/record]
%ln 城堡[/record]
%ln 堡壘[/record]
%ln 據點[/record]
%ln 的據點[/record]
%ln 城堡要塞[/record]
%ln 塔[/record]
%ln 塔[/record]
%ln 之塔[/record]
%ln 的衛所[/record]
%ln 大廳[/end]"
4054,"%ln 莊園[/record]
%ln 莊園[/record]
%ln 莊園[/record]
%ln 莊園[/record]
%ln 大廳[/record]
%ln 庭院[/record]
%ln 宮殿[/record]
%ln 大廳[/record]
%ln 宅邸[/end]"
4055,阿凱教團[/end]
4056,澤尼薩爾決議所[/end]
4057,瑪拉仁愛堂[/end]
4058,阿卡托什詠唱堂[/end]
4059,迪貝拉之家[/end]
4060,朱利安諾斯學院[/end]
4061,斯丹達爾神殿[/end]
4062,凱娜瑞斯神殿[/end]
4063,"老 %ln 陋屋[/record]
老 %fn 的陋屋[/record]
老 %ln 棚屋[/record]
老 %fn 的棚屋[/record]
%ln 小屋[/record]
老 %ln 的地方[/record]
老 %fn 的地方[/record]
老 %ln 茅屋[/end]"
4075,"流血的[/record]
永恆的[/record]
無限的[/record]
燃燒的[/record]
恐懼的[/record]
喜樂的[/record]
永久的[/record]
神聖的[/record]
聖潔的[/record]
內在的[/record]
蒙福的[/record]
溫柔的[/record]
哀號的[/record]
歌唱的[/record]
哭泣的[/record]
沉默的[/record]
歡笑的[/end]"
4076,"靈魂[/record]
升天[/record]
祭壇[/record]
重生[/record]
聖物[/record]
星[/record]
光[/record]
救贖者[/record]
日出[/record]
先知[/record]
神諭[/record]
樹[/record]
先知者[/record]
殉道者[/record]
預兆[/record]
偶像[/record]
聖所[/end]"
4077,阿凱[/end]
4078,澤尼薩爾[/end]
4079,瑪拉[/end]
4080,阿卡托什[/end]
4081,迪貝拉[/end]
4082,朱利安諾斯[/end]
4083,斯丹達爾[/end]
4084,凱娜瑞斯[/end]
4116,"你最早的記憶是一個[/left]
溫暖而不尋常的家。[/left]
你美麗的附魔師母親[/left]
會用把戲逗你數小時。[/left]
你最喜歡的是她的[/left]
%q1 你父親是個令人生畏的人。[/left]
村裡許多人稱他為「那個術士」。[/left]
[/left]
但對你而言他是慈愛溺愛的父親。[/left]
隨著你長大，[/left]
顯然你有異常強大的魔法力量。[/left]
很快你就能自己[/left]
%q1a。你記得父母談論[/left]
邪惡的戰鬥法師賈加·薩恩，[/left]
在他們圈子裡人人知道他篡奪了合[/left]
法統治者的權力。沒人敢反對他。[/left]
%q2。你二十歲那年的一天，[/left]
信使來到你家，[/left]
帶來一位強大英雄殺死賈加·薩恩、[/left]
[/left]
把合法皇帝送回寶座的消息。[/left]
連你粗獷的父親幾乎都喜極而泣。[/left]
信使也帶來消息：帝[/left]
國城將有盛大慶典，[/left]
所有曾秘密致力推翻薩恩的人都受邀。[/left]
信使離開後，你問父母能否去參加。[/left]
父母神色擔憂，[/left]
解釋三個人的旅費不夠。[/left]
你心情低落，試圖掩飾失望。[/left]
然而父親轉向你，[/left]
說是時候自己闖天下了。[/left]
他給你 %q4 和[/left]
[/left]
一根非常奇特的法杖，[/left]
送你上路前往帝國城參加慶典。[/left]
經過許多天旅行，[/left]
你接近帝國首都帝國城。[/left]
你注意到前方不遠處有一小隊旅人。[/left]
正要打招呼時，[/left]
他們遭到埋伏在路邊樹林的盜匪襲擊。[/left]
你衝去幫助其他旅人。[/left]
接近時，一名盜匪舉起短劍要砍你。[/left]
出於自然反射，[/left]
你試圖用父親給的法杖格擋。[/left]
劍擊中法杖時，[/left]
一道巨大閃電從中爆發，[/left]
兩件武器都碎裂。[/left]
盜匪與旅人都停下來盯著你。[/left]
雷聲消退後，盜匪跑回樹林。[/left]
旅人圍住你連聲道謝，[/left]
原來他們是曾在鄉間造訪、[/left]
[/left]
正返回帝國城參加慶典的帝國家族成員。[/left]
他們堅持要你一起去皇宮覲見皇帝。[/left]
皇帝對你的勇敢印象深刻，[/left]
也知道你的家族是帝國的忠誠支持者。[/left]
他贈你 %q5。慶典持續數週，[/left]
皇帝常召你非正式談話。不在覲見時，[/left]
你通常把時間花在[/left]
%q2a。某夜你被召到皇帝面前，[/left]
那方式讓你知道事情嚴肅。[/left]
他在書房見你，說有件事要拜託你。[/left]
[/end]"
4117,"你對家庭生活最早的記憶是持[/left]
續的騷動——訪客不斷來去，[/left]
父母也分別必須長時間離開。[/left]
長大後你才明白母親是[/left]
精銳傭兵軍團的一員，[/left]
先當武器教官，後來成為戰鬥戰術專家。[/left]
父親的興趣完全不同：他是當地法師[/left]
公會極受尊敬的成員，精通各類魔法。[/left]
他發覺你是聰穎的學生，[/left]
很快你就能[/left]
[/left]
%q1。[/left]
你記得父母談論帝國[/left]
戰鬥法師賈加·薩恩，[/left]
在他們圈子裡人人知道他[/left]
篡奪了合法統治者的權力。[/left]
沒人敢反對他。[/left]
%q2。你二十歲那年的一天，[/left]
有訪客來到你家，[/left]
[/left]
帶來一位強大英雄殺死賈加·薩恩、[/left]
把被放逐的皇帝送回寶座的消息。[/left]
訪客也帶來帝國城將有盛大慶典的消息。[/left]
信使離開後，你問父母能否去參加。[/left]
父母討論許久，[/left]
才決定是時候讓你自己闖天下。[/left]
母親給你[/left]
%q4，父親給你一根非常奇特的法杖，[/left]
[/left]
然後送你上路前往帝國城參加慶典。[/left]
經過許多天旅行，[/left]
你接近帝國首都帝國城。[/left]
你注意到前方不遠處有一小隊旅人。[/left]
你加入他們時，[/left]
遭到埋伏在路邊樹林的盜匪襲擊。[/left]
一名盜匪舉起短劍要砍你。[/left]
出於自然反射，[/left]
你試圖用父親給的法杖格擋。[/left]
劍擊中法杖時，[/left]
一道巨大閃電從中爆發，[/left]
兩件武器都碎裂。[/left]
盜匪與旅人都停下來盯著你。[/left]
雷聲消退後，盜匪跑回樹林。[/left]
旅人圍住你連聲道謝。[/left]
他們告訴你，[/left]
他們是曾在鄉間造訪、[/left]
[/left]
正返回帝國城參加慶典的帝國家族成員。[/left]
他們堅持要你一起去皇宮覲見皇帝。[/left]
皇帝對你的勇敢印象深刻，[/left]
也感激你救了他的家人。[/left]
他正式邀請你參加慶典，[/left]
並贈你 %q5。節慶持續數週，[/left]
其間皇帝常召你非正式談話。不在覲見時，[/left]
你通常把時間花在[/left]
%q3。某夜你被召到皇帝面前，[/left]
那方式讓你知道事情嚴肅。[/left]
他在書房見你，說有件事要拜託你。[/left]
[/end]"
4118,"你的童年幾乎沒有什麼含蓄。[/left]
母親既美麗又嚴厲，若你惹她不悅，[/left]
怒火確實可怕。父親同樣令人生畏。[/left]
你從他們學會權力之道，[/left]
尤其是如何駕馭並使[/left]
用魔力的原始形態。[/left]
這些毀滅能量該不該用從來[/left]
不是問題——只問如何使用。[/left]
偶爾為了變化，你涉獵其他魔力學派，[/left]
學習如何[/left]
%q1 但毀滅學派才是你的專長。[/left]
[/left]
你記得父母談論帝國[/left]
戰鬥法師賈加·薩恩，[/left]
在他們圈子裡人人知道他篡奪了合[/left]
法統治者的權力。沒人敢反對他。[/left]
身為戰鬥法師，[/left]
你的父母嫉妒薩恩的成功。[/left]
%q2。你二十歲那年的一天，[/left]
有訪客來到你家，[/left]
帶來一位強大英雄殺死賈加·薩恩、[/left]
把被放逐的皇帝送回寶座的消息。[/left]
把權力轉移視為自然過程，[/left]
[/left]
父母對這消息只有輕微失望。[/left]
訪客也帶來帝國城將[/left]
有盛大慶典的消息。[/left]
信使離開後，你問父母能否去參加。[/left]
父母討論許久，[/left]
才決定是時候讓你自己闖天下。[/left]
母親給你[/left]
%q4，父親給你一根非常奇特的法杖，[/left]
[/left]
然後送你上路前往帝國城參加慶典。[/left]
經過許多天旅行，[/left]
你接近帝國首都帝國城。[/left]
你注意到前方不遠處有一小隊旅人。[/left]
你加入他們時，[/left]
遭到埋伏在路邊樹林的盜匪襲擊。[/left]
一名盜匪舉起短劍要砍你。[/left]
出於自然反射，[/left]
你試圖用父親給的法杖格擋。[/left]
劍擊中法杖時，[/left]
一道巨大閃電從中爆發，[/left]
兩件武器都碎裂。[/left]
盜匪與旅人都停下來盯著你。[/left]
雷聲消退後，盜匪跑回樹林。[/left]
旅人圍住你連聲道謝，[/left]
原來他們是曾在鄉間造訪、[/left]
正返回帝國城參加慶典的帝國家族成員。[/left]
[/left]
他們堅持要你一起去皇宮覲見皇帝。[/left]
皇帝對你的勇敢印象深刻，[/left]
也感激你救了他的家人。[/left]
他正式邀請你參加慶典，[/left]
並贈你 %q5。節慶持續數週，[/left]
其間皇帝常召你非正[/left]
式談話。不在覲見時，[/left]
你通常把時間花在[/left]
%q3。某夜你被召到皇帝面前，[/left]
那方式讓你知道事情嚴肅。[/left]
他在書房見你，說有件事要拜託你。[/left]
[/end]"
4119,"你的父母互補，[/left]
無論作為術士還是教育者。[/left]
母親最用心教你 %q1 的精微之處，[/left]
父親則用更戲劇性的方法。[/left]
隨著才能增長，母親教你法術，[/left]
父親則示範你必須如何[/left]
吸引並汲取宇宙的魔力，[/left]
才有力量施放那些法術。[/left]
他解釋你和他們一樣，[/left]
無法在體內自行再生魔力。[/left]
他常走進房間就對你施放閃電。[/left]
儘管可怕，[/left]
[/left]
汲取魔力時你仍感到振奮。[/left]
隨著你長大，[/left]
顯然你有異常強大的魔法力量。[/left]
很快你就能自己[/left]
%q1a。你記得父母談論[/left]
邪惡的戰鬥法師賈加·薩恩，[/left]
在他們圈子裡人人知道他篡奪了合[/left]
法統治者的權力。沒人敢反對他。[/left]
%q2。你二十歲那年的一天，[/left]
信使來到你家，[/left]
帶來一位強大英雄殺死賈加·薩恩、[/left]
[/left]
把合法皇帝送回寶座的消息。[/left]
連你粗獷的父親幾乎都喜極而泣。[/left]
信使也帶來消息：帝國城將有盛大慶典，[/left]
所有曾秘密致力推翻薩恩的人都受邀。[/left]
信使離開後，你問父母能否去參加。[/left]
父母神色擔憂，解釋三個人的旅費不夠。[/left]
你心情低落，試圖掩飾失望。[/left]
然而父親轉向你，[/left]
說是時候自己闖天下了。[/left]
他給你 %q4 和[/left]
一根非常奇特的法杖，[/left]
送你上路前往帝國城參加慶典。[/left]
[/left]
經過許多天旅行，[/left]
你接近帝國首都——帝國城。[/left]
你注意到前方不遠處有一小隊旅人。[/left]
正要打招呼時，[/left]
他們遭到埋伏在路邊樹林的盜匪襲擊。[/left]
你衝去幫忙時，[/left]
一名顯然是法師的盜[/left]
匪舉起法杖對你施法。[/left]
火焰箭擊中你時耳中轟鳴，[/left]
但你吸收了魔力，[/left]
放出非常強大的電擊。[/left]
閃電擊中那名盜匪法師時，[/left]
他爆成火柱，化為一堆灰燼。[/left]
盜匪與旅人都停下來盯著，盜匪跑回樹林。[/left]
旅人向你道謝，[/left]
自我介紹是返回帝國城參[/left]
[/left]
加慶典的帝國家族成員。[/left]
他們堅持要你一起去皇宮覲見皇帝。[/left]
皇帝對你的勇敢印象深刻，[/left]
也知道你的家族是帝國的忠誠支持者。[/left]
他贈你 %q5。慶典持續數週，[/left]
皇帝常召你非正式談話。不在覲見時，[/left]
你通常把時間花在[/left]
%q3。某夜你被召到皇帝面前，[/left]
那方式讓你知道事情嚴肅。[/left]
他在書房見你，說有件事要拜託你。[/end]"
4120,"你父親是 %hpw 深處、[/left]
%hpn 一座小村的治療師。[/left]
你對母親記憶不多，[/left]
她是美麗善良、教你魔法的女人。[/left]
你永遠記得她用把戲逗你數小時。[/left]
你最喜歡的是她的[/left]
%q1。奪走她性命的瘟疫太強，[/left]
她或你父親都無法對抗。[/left]
她的遺願是你接受恢復學派訓練，[/left]
而你在那展現超越父親的潛力。[/left]
[/left]
隨著你長大，[/left]
顯然你有異常強大的魔法力量。[/left]
很快你就能自己[/left]
%q1a。你記得父親談論[/left]
邪惡的戰鬥法師賈加·薩恩，[/left]
在他圈子裡人人知道他篡奪了合[/left]
法統治者的權力。沒人敢反對他。[/left]
%q2。你二十歲那年的一天，[/left]
信使來到你家，[/left]
帶來一位強大英雄殺死賈加·薩恩、[/left]
把合法皇帝送回寶座的消息。[/left]
[/left]
心軟的父親公開喜極而泣。[/left]
信使也帶來消息：帝[/left]
國城將有盛大慶典，[/left]
所有曾秘密致力推[/left]
翻薩恩的人都受邀。[/left]
信使離開後，你問父親能否去參加。[/left]
父親轉向你，說是時候自己闖天下了。[/left]
他給你 %q4 和[/left]
一根非常奇特的法杖，[/left]
[/left]
送你上路前往帝國城參加慶典。[/left]
經過許多天旅行，[/left]
你接近帝國首都帝國城。[/left]
你注意到前方不遠處有一小隊旅人。[/left]
正要打招呼時，[/left]
他們遭到埋伏在路邊樹林的盜匪襲擊。[/left]
你衝去幫助其他旅人。[/left]
接近時一名盜匪舉起短劍要砍你。[/left]
出於自然反射，[/left]
你試圖用父親給的法杖格擋。[/left]
劍擊中法杖時，[/left]
一道巨大閃電從中爆發，[/left]
兩件武器都碎裂。[/left]
盜匪與旅人都停下來盯著你。[/left]
雷聲消退後，盜匪跑回樹林。[/left]
旅人圍住你連聲道謝，[/left]
原來他們是曾在鄉間造訪、[/left]
正返回帝國城參加慶[/left]
[/left]
典的帝國家族成員。[/left]
他們堅持要你一起去皇宮覲見皇帝。[/left]
皇帝對你的勇敢印象深刻，[/left]
也知道你的家族是帝國的忠誠支持者。[/left]
他贈你 %q5。慶典持續數週，[/left]
皇帝常召你非正式談話。不在覲見時，[/left]
你通常把時間花在[/left]
%q2a。某夜你被召到皇帝面前，[/left]
那方式讓你知道事情嚴肅。[/left]
他在書房見你，說有件事要拜託你。[/left]
[/end]"
4121,"雖然你的童年與你認識的其他[/left]
%ra 孩子相似，[/left]
十歲時父親認為你已準[/left]
備好開始學習盜賊技能。[/left]
你在他的工坊度過許多快樂時光，[/left]
起初練習[/left]
%q1。你的技能起初進展緩慢，[/left]
[/left]
父親有時似乎得壓抑不耐。[/left]
你比以往更勤奮投入訓練。[/left]
你和父親漸漸明白，[/left]
假以時日你當然會成為稱職的盜賊，[/left]
但永遠達不到他的精通程度。[/left]
[/left]
當你和父親研習 %q3 技巧時，[/left]
母親開始以她安靜的方式教你使用魔力。[/left]
不久就確定你有明確潛力。[/left]
你發現可以把兩門學問合用，[/left]
用 %q3 與[/left]
%q4 訓練的紀律來加速[/left]
%q2 法術的發展。[/left]
母親介紹你認識一些不尋常的非人生物，[/left]
多半是 %q5。你不僅學會不害怕他們，[/left]
[/left]
還學會一些他們的語言。[/left]
其中一位名叫[/left]
%fn 的女性特別喜歡你，[/left]
在 %q6 法術上把你[/left]
訓練得遠超過母親所能。[/left]
某夜，父親神色嚴肅把你帶進工坊。[/left]
[/left]
他解釋皇帝本人的密使接觸了當[/left]
地盜賊公會與法師公會的首領。[/left]
密使說皇帝聽說一個 %q8 名叫[/left]
%bn，據說曾與帝國[/left]
叛徒賈加·薩恩結盟。[/left]
沒有適當證據證實其非法行為，[/left]
皇帝不敢對 %bn 採取行動。[/left]
父親建議，[/left]
你們倆作為搭檔正好適合這任務。[/left]
你既興奮有機會讓父親刮目相看，[/left]
也為皇帝的獎賞所動，立刻同意。[/left]
幾夜後，[/left]
你和父親闖入 %bn 的書房，[/left]
[/left]
開始搜尋共謀證據。[/left]
廳外一聲響幾乎讓你丟掉手中那疊文件。[/left]
按事先約定，[/left]
你迅速帶著[/left]
%bn 的材料走向逃生路線，[/left]
父親則去製造牽制。[/left]
他眨眨眼消失了。[/left]
你離開城堡，沿逃生路線回家。[/left]
在那裡，[/left]
[/left]
一名肥胖法師和一名帝國信使檢查材料，[/left]
從他們的反應看來，[/left]
證據足以定罪 %bn。你和母親坐著，[/left]
焦急等待父親回來。[/left]
數小時變成數日，[/left]
你麻木地明白再也見不到父親。[/left]
收到皇帝的獎賞，[/left]
[/left]
對你的損失似乎只是微小安慰。[/left]
數週後，一封蓋著帝國印璽的信來到你家。[/left]
你被立刻請到帝國城。[/left]
[/end]"
4122,"你年少時父母隨馬戲團旅行，[/left]
因此你見識過泰姆瑞爾最好與最壞的一面。[/left]
你從母親學會如何[/left]
%q1。從父親你學會許多事——如何[/left]
%q2，如何 %q3，以及[/left]
%q4 的入門。[/left]
這些既能用於防衛也能用於娛樂。[/left]
[/left]
十歲到二十歲之間是泰姆瑞[/left]
爾有史以來最糟的年歲之一。[/left]
馬戲團不再那麼快樂，境內移動受到嚴格限制。[/left]
皇帝的密探會在鄉間搜尋帝國的敵人，[/left]
對所有人盤問得相當無禮。[/left]
你一直希望會有這樣的逃亡者來到馬戲團，[/left]
然後有一天，真的來了。[/left]
當那個衣衫襤褸的年輕人被藏起來，[/left]
你有了捉弄帝國密探的機會。[/left]
你高興地說服一半密探你是他們的[/left]
指揮官喬裝，派他們去抓另一半，[/left]
堅稱那些人是雙面間諜。[/left]
結果這成了你最後一次惡作劇。[/left]
[/left]
不久你就以皇帝之敵的身分入獄。[/left]
當真正的皇帝從篡位者賈加·薩恩手中奪回寶座，[/left]
包括你在內的所有政治犯都從地牢獲釋。[/left]
只有你被沐浴、穿上華服，被引見給皇帝本人。[/left]
烏列爾皇帝告訴你，[/left]
你在馬戲團救下的年輕人是他自己的兒子，[/left]
王子 %imp。皇帝祝賀你魅惑、[/left]
迷惑與愚弄的本事，[/left]
並贈你 %q6 作為感謝的信物。[/left]
他也請你幫一個忙。[/left]
[/end]"
4123,"你出生在 %hpw 一座小村的農家，[/left]
位於 %hpn。父母[/left]
和兄長都是勤勞的人，[/left]
為自己的力氣與耐力自豪。[/left]
你唯一大的是食量。你生性好奇。[/left]
沒有櫥櫃、[/left]
壁櫥或抽屜能逃過你探查的眼與手。[/left]
你不留痕跡，[/left]
但被抓到時父親和兄長仍會打你。[/left]
到十一歲時，他們再也抓不到你。[/left]
母親教你 %q1 與[/left]
[/left]
%q2，但你沒受過其他教育，也不想受。[/left]
有一次，你爬上當地 %q3 的牆，[/left]
偷看年輕的 %q3a 練習。[/left]
他們的裝備隨處亂放時，你據為己有。[/left]
就這樣，[/left]
你得到一件[/left]
[/left]
%q3b。你也撿起一件主人脫下的外套，[/left]
得意地穿著在村裡走。[/left]
有一天，[/left]
你看見幾個村童對一名叫[/left]
%fn 的老婦人投石辱罵。[/left]
被一股自己也不明白的衝動驅使，[/left]
[/left]
你把石頭扔回去。[/left]
他們笑了，但你走近時他們轉身跑掉。[/left]
你回到 %fn 身邊，提議送她到家門口。[/left]
「進來，」%fn 說。「我有東西給你。[/left]
」她的小屋只有一間房，到處是貓和貓仔。[/left]
[/left]
「坐下，」她說，從凳子上抱走兩隻貓。[/left]
[/left]
「我要教你[/left]
%q4。」

「為什麼？」你問。[/left]
[/left]
「貓不需要 %q4 的訓練，[/left]
」%fn 說。[/left]
「你需要。或者將會需要。無所謂。[/left]
」

於是你的訓練開始了。[/left]
[/left]
她的手已不能做，但心智仍有效。[/left]
你和 %fn 成了朋友，也是師生。[/left]
十六歲生日那天，她告訴你必須離開。[/left]
[/left]
你的小村對你的才能來說太小了。[/left]
[/left]
「那你呢？」你問。[/left]
「我也必須繼續前行。[/left]
或許有一天你會到伊利亞[/left]
[/left]
克灣來看我？我會喜歡的。[/left]
在那之前，我有回憶和貓。[/left]
」

前往帝國城的路上，你在旅店停歇，[/left]
聽說皇帝翌日會經過。[/left]
你沒溜進房間，[/left]
而是在路邊樹上過了一夜。你想看看皇帝，[/left]
[/left]
以後總有機會[/left]
%q12。

隊伍確實非常華麗，[/left]
但附近一陣窸窣引起你注意。[/left]
一個黑衣人蹲在你下方十呎的枝上。[/left]
你來不及忍住，倒抽一口氣，[/left]
他轉身把弓對準你。[/left]
沒時間拔武器，你撲向他，[/left]
兩人一起砸在下方的人頭上，[/left]
[/left]
正值皇帝的馬車駛到旁邊。[/left]
手粗暴地抓住你。[/left]
你感到頭暈，左臂像有一道火在燒。[/left]
毒藥！然後一名白袍精靈對你唸咒。[/left]
手臂涼下來，頭也清醒了。[/left]
[/left]
皇帝本人向你道謝，[/left]
並贈你 %q5。

當地人請你喝酒吃飯，[/left]
還有你不習慣的稱讚。[/left]
後來你溜走，發現除了[/left]
%q5，皇帝還塞給你一張便條，[/left]
邀請你到帝國宮分享覲見。你立刻出發。[/left]
[/end]"
4124,"你在街上長大，是 %hpw 小村裡的流浪兒，[/left]
位於 %hpn。你不知道自己何時學[/left]
會 %q1 或 %q2，也不知道何時[/left]
%q3。你只知道，[/left]
在賈加·薩恩篡奪合法皇帝寶座的黑暗歲月裡，[/left]
是你的技能與哲學讓你活著、保持清醒。[/left]
薩恩的密探甚至搜到你的小村，[/left]
尋找政治異己和其他不受歡迎的人。[/left]
被他們找到的人永遠消失了。[/left]
為了大家好，[/left]
[/left]
你和所有從事可疑行當的村民結成不安的同盟。[/left]
某夜，你目睹一個衣衫襤褸的男[/left]
孩被十幾個黑衣薩恩密探追趕。[/left]
你抄巷子近道去接那男孩，[/left]
沒費多少力就說服他跟你跑。[/left]
你們溜進一間隱蔽地窖，等密探過去。[/left]
那男孩顯然不是本村人，你問他名字時，[/left]
他猶豫地告訴你：「%imp。[/left]
」你笑他這皇家氣派的名字，[/left]
他非常認真地說他是泰姆瑞爾合法統[/left]
治者的兒子，寶座上坐的是冒牌貨。[/left]
當時你遷就他孩子氣的想像。[/left]
現在，當然，你知道他說的是實話。[/left]
你告訴他離開村子最好的路，[/left]
避開黑衣人常出沒的區域，[/left]
他告訴你當他再見到父親，[/left]
你會為那善行得到適當感謝。[/left]
[/left]
數年後，你運氣用盡，因 %q4 的罪名入獄。[/left]
你坐了幾天牢，[/left]
才有一位全套帝國信使裝束的訪客。[/left]
他告訴你，[/left]
為了酬謝你對王子 %imp 的貢獻，[/left]
你獲完全赦免與[/left]
%q5 你還得到一封樸實無華的信，[/left]
邀請你到帝國城覲見皇帝。[/left]
反正你已把目光投向更大的池塘，於是你去了。[/left]
[/end]"
4125,"你在農場長大，[/left]
因為不斷圍捕走失的羊而變得相當敏捷。[/left]
某次商人節，隨家人去村子時，[/left]
你被一群流浪雜技者吸引，[/left]
決定自己也要成為雜技者。[/left]
在家你開始練習，儘管父母抱怨你荒廢職責。[/left]
終於，剛夠被稱為成人時，你離家出走。[/left]
你始終沒找到那馬戲團。[/left]
[/left]
你流浪到 %hpw 深處一座小村，[/left]
學會 %q1 以及 %q2 和[/left]
%q3。你知道，[/left]
在賈加·薩恩篡奪合法皇帝寶座的黑暗歲月裡，[/left]
是你的技能與哲學讓你活著、保持清醒。[/left]
薩恩的密探甚至搜到那小村，[/left]
尋找政治異己和其他不受歡迎的人。[/left]
被他們找到的人永遠消失了。[/left]
為了大家好，[/left]
你和所有從事可疑行當的村民結成不安的同盟。[/left]
[/left]
某夜，你目睹一個衣衫襤褸的男[/left]
孩被十幾個黑衣薩恩密探追趕。[/left]
你抄巷子近道去接那男孩，[/left]
沒費多少力就說服他跟你跑。[/left]
你們溜進一間隱蔽地窖，等密探過去。[/left]
那男孩顯然不是本村人，你問他名字時，[/left]
他猶豫地告訴你：「%imp。[/left]
」你笑他這皇家氣派的名字，[/left]
他非常認真地說他是泰姆瑞爾合法統[/left]
治者的兒子，寶座上坐的是冒牌貨。[/left]
當時你遷就他孩子氣的想像。[/left]
現在，當然，你知道他說的是實話。[/left]
你告訴他離開村子最好的路，[/left]
避開黑衣人常出沒的區域，[/left]
他告訴你當他再見到父親，[/left]
你會為那善行得到適當感謝。[/left]
數年後，你運氣用盡，[/left]
[/left]
因 %q4 的罪名入獄。[/left]
你坐了幾天牢，[/left]
才有一位全套帝國信使裝束的訪客。[/left]
他告訴你，[/left]
為了酬謝你對王子 %imp 的貢獻，[/left]
你獲完全赦免與[/left]
%q5 你還得到一封樸實無華的信，[/left]
邀請你到帝國城覲見皇帝。[/left]
反正你已把目光投向更大的池塘，於是你去了。[/left]
[/end]"
4126,"你本來可能永遠不會當盜賊，[/left]
因為你從小被養育訓練成為[/left]
%q1。直到那個命運之日，[/left]
你與師父 %mn 所乘的商隊遭獸人部落攔截，[/left]
你一直滿足於人生位置已定。[/left]
突然，你所相信的一切被證明是假的。[/left]
你寄託信任的奸詐[/left]
%q1a 為了逃過獸人而犧牲了你。[/left]
雖然你在獸人俘虜的新角色中設法活了下來，[/left]
你再也不會信任 %q1。

你在窮鄉僻壤[/left]
%hpw、%hpn 的迷信人群中長大，[/left]
[/left]
曾相信獸人是惡魔或迪德拉，卻發現這部落出奇文明。[/left]
他們需要一個[/left]
%ra 來解讀他們找到的關[/left]
於古老獸人首都奧辛紐姆的書。[/left]
你留下來學習他們的語言，[/left]
對他們原始卻高尚的抱負產生敬意。[/left]
儘管如此，[/left]
你知道自己需要其他 %ra 的社會，[/left]
於是機會一來便逃走了。[/left]
[/left]
%hpn 各地時勢艱難，[/left]
但你發現在獸人營地養成的 %q2 與[/left]
%q3 技能讓你成為相當成功的盜賊。[/left]
某夜，搜刮一名貴族的鎮宅時，[/left]
你發現他與前帝國戰鬥法師賈加·薩恩的通信。[/left]
你把這些賣給鎮上的一個門路，[/left]
換得比預期更多的金幣。[/left]
直到王子 %imp 來到你酒館房間拜訪，[/left]
你才明白它們的全部價值。[/left]
[/left]
他告訴你賈加·薩恩過去十[/left]
年一直用魔法假扮他的父親，[/left]
直到最近真正的皇帝才復位。[/left]
像你這樣的忠誠臣民很少見，皇帝希望親自感謝你。[/left]
你與王子 %imp 同行前往帝國城，[/left]
在那裡被引見給皇帝。[/left]
他確實非常感激你的貢獻，[/left]
贈你 %q4。他也請你幫一個忙。[/left]
[/end]"
4127,"你在街上長大，是 %hpw 小村裡的流浪兒，[/left]
位於 %hpn。你不知道自己何時學[/left]
會 %q1 或 %q2，也不知道何時[/left]
%q3。你只知道，[/left]
在賈加·薩恩篡奪合法皇帝寶座的黑暗歲月裡，[/left]
是你的技能與哲學讓你活著、保持清醒。[/left]
薩恩的密探甚至搜到你的小村，[/left]
尋找政治異己和其他不受歡迎的人。[/left]
被他們找到的人永遠消失了。[/left]
為了大家好，[/left]
[/left]
你和所有從事可疑行當的村民結成不安的同盟。[/left]
某夜，你目睹一個衣衫襤褸的男[/left]
孩被十幾個黑衣薩恩密探追趕。[/left]
你抄巷子近道去接那男孩，[/left]
沒費多少力就說服他跟你跑。[/left]
你們溜進一間隱蔽地窖，等密探過去。[/left]
那男孩顯然不是本村人，你問他名字時，[/left]
他猶豫地告訴你：「%imp。[/left]
」你笑他這皇家氣派的名字，[/left]
他非常認真地說他是泰姆瑞爾合法統[/left]
治者的兒子，寶座上坐的是冒牌貨。[/left]
當時你遷就他孩子氣的想像。[/left]
現在，當然，你知道他說的是實話。[/left]
你告訴他離開村子最好的路，[/left]
避開黑衣人常出沒的區域，[/left]
他告訴你當他再見到父親，[/left]
你會為那善行得到適當感謝。[/left]
[/left]
數年後，你運氣用盡，因 %q4 的罪名入獄。[/left]
你坐了幾天牢，[/left]
才有一位全套帝國信使裝束的訪客。[/left]
他告訴你，[/left]
為了酬謝你對王子 %imp 的貢獻，[/left]
你獲完全赦免與[/left]
%q5 你還得到一封樸實無華的信，[/left]
邀請你到帝國城覲見皇帝。[/left]
反正你已把目光投向更大的池塘，於是你去了。[/left]
[/end]"
4128,"你依稀記得曾與一對年輕男女住在城裡，[/left]
但童年大部分時間你住在密林邊緣的小屋。[/left]
在那裡，[/left]
你稱為「祖父」的老人履行非正式森林[/left]
看守的職責，也是附近地區的治安官。[/left]
你所謂的祖父其實年紀太大，[/left]
不可能是真正的祖孫關係，[/left]
但他以與外表粗獷不符的溫柔照顧你。[/left]
你記得早年是無盡的戶外日子，[/left]
只穿寬鬆衣服或祖父偏愛的簡袍。[/left]
他教你 %q1 以及如何 %q3 和[/left]
%q9。當沒有看守職責時，[/left]
總有武器練習；[/left]
祖父精通難以置信的各種武器，[/left]
堅持你熟悉每一種。[/left]
他常得應付造成地方問題的森[/left]
林掠食者，或過境的盜匪幫，[/left]
每當你能幫忙，你都感到驕傲。[/left]
正是這樣一幫亡命之徒[/left]
造成最終致命的戰鬥傷。[/left]
[/left]
你和他設法回到他的家，[/left]
起初他試圖裝作這不過是又[/left]
一道抓傷，讓它自然癒合。[/left]
但終於連他也面對年歲[/left]
與累積傷勢的不可避免，[/left]
仔細指示你如何處置他的所有物。[/left]
他也告訴你去一座由他老朋友經營的神殿，[/left]
繼續成長、維持你的 %q1 訓練，[/left]
並讓你繼續 %q3a。幾天後，[/left]
祖父以他一貫的安靜尊嚴去世。[/left]
你因失去唯一的朋友與家人而心碎，[/left]
但你收拾僅有的行李前往神殿，[/left]
尊重祖父的請求。[/left]
神殿的首席女祭司[/left]
%fn 是較年長的女人，[/left]
[/left]
但比你祖父年輕得多。[/left]
你與她分擔新近的哀傷。[/left]
然後你同意，[/left]
除了 %q1 與類似學問的一般訓練外，[/left]
你會忽略關於盔甲與盾牌的課程。[/left]
為了支付訓練，[/left]
你用森林技能為神殿廚房定期提供鮮肉。[/left]
數年後，在看似平常的一天，[/left]
你剛從為食材收集獵物回來，[/left]
[/left]
首席女祭司來見你。[/left]
她告訴你收到消息，[/left]
一輛帝國馬車在神殿附近遇襲，[/left]
重要的人與物資需要尋回。[/left]
你給自己一小時做祖父最喜歡的冥想，[/left]
然後帶著煥然與關於該往[/left]
何處搜尋強盜的洞察出發。[/left]
黃昏時冥想結出果實，[/left]
你悄悄接近一處幾乎就[/left]
在你預期之地的營地。[/left]
整夜你逐漸潛近並制服營地衛兵，[/left]
但隨後不得不殺死所有其他亡命之徒，[/left]
因為他們抗拒被捕。[/left]
早餐後不久你回到神殿，[/left]
只有一名女僕俘虜和一箱平凡[/left]
的政府文件，你為此感到羞愧。[/left]
[/left]
然而，前來認領成果的帝國代表找你，[/left]
祝賀你任務極為成功。[/left]
雖然你始終不確定是那女[/left]
僕還是某些文件有重要性，[/left]
後來收到帝國宮一封極有意思的信，[/left]
只是邀請你因緊急事務前[/left]
往皇宮時，你並不驚訝。[/left]
你立刻離開神殿前往帝國城。[/left]
[/end]"
4129,"三四歲時，你與父母走散好幾天。[/left]
你不太記得在[/left]
%hpw 迷路的那段時間，[/left]
只記得一群奇怪的生物把你從一幫[/left]
%q5 手中救下。[/left]
終於回到父母家時，你描述了救援者，[/left]
被告知他們是 %q6。直到今天，[/left]
你還記得他們語言的一些詞。[/left]
[/left]
到了年紀，[/left]
你加入當地民兵去看更多世界。[/left]
你在民兵給你的射箭訓練中出類拔萃。[/left]
你射箭的距離似乎沒有極限，[/left]
師父常把你當作較不熟練學生的模範。[/left]
幾年後，你自己成了大師。[/left]
然而改變你命運的那一箭是偏箭。[/left]
[/left]
你沒射中瞄準的樹，[/left]
擊中路對面樹上的枝條，[/left]
嚇到一名埋伏等待皇帝之子、[/left]
王子 %imp 商隊的刺客。[/left]
刺客被送交當局，[/left]
民兵首領渴望帝國獎賞，[/left]
把你這支射偏的箭說成[/left]
忠誠臣民的精準一擊。[/left]
你很快發現自己被邀入宮廷，[/left]
成為帝國衛隊一員。[/left]
[/left]
在皇帝的宮廷，你繼續練習射箭，[/left]
此外還從每日[/left]
%q1 練習中學會許多新技巧。[/left]
為了保持動力，[/left]
%q2 這給了你力量去應付[/left]
無盡的工作與武器操練的疲憊。[/left]
[/left]
當你接到皇帝有任務給你的消息——需要極[/left]
度圓滑與毫不動搖的忠誠——你欣喜若狂。[/left]
那夜你來到皇宮，[/left]
驚訝地發現皇帝並非被[/left]
往常的大批隨從圍繞，[/left]
只有首席顧問、帝國戰鬥法師奧卡托。[/left]
在那裡，你被告知匕首雨之事。[/left]
[/end]"
4130,"童年大部分時間你與母親在[/left]
%hpw 漫遊，[/left]
是她以關於他們的故事與傳說[/left]
激起你對 %q9 的著迷。[/left]
她甚至知道一些他們的詞語並教給你。[/left]
你發誓要找到一個，[/left]
於是勤奮學習母親關於[/left]
%hpw 之道及其眾多居民的課。[/left]
後來，經商的父親帶你去他的事務所讓你[/left]
熟悉他的工作，但你從未真正產生興趣。[/left]
你確實受益於父母提供的穩定家庭，[/left]
父親慈愛地提供金幣，[/left]
好讓你擴展 %q1 訓練。[/left]
你最大的快樂總是走進[/left]
%hpw，無論幾小時還是一週，[/left]
只帶些食物和你的[/left]
%q1a。你漫步 %hpw 小徑，[/left]
以追逐童年幻想——偵測並[/left]
[/left]
追蹤那些非凡生物——自娛。[/left]
大約在你幾乎完成所有 %q1 課程時，[/left]
你第一次注意到一組從未見過的足跡。[/left]
它們似乎從虛無開始，也在虛無結束。[/left]
約兩週後，你發現一些彎曲的樹枝，[/left]
引你找到另一組同樣無始無終的未知印跡。[/left]
次日清晨你在心中回顧足跡圖案，[/left]
向它們明顯的源頭四分搜索。[/left]
突然，一團毛髮、[/left]
[/left]
牙齒與利爪的噩夢從前方約十呎的灌木躍出。[/left]
你爬上一棵樹，[/left]
聽見那野人就在身後，高興地哼著。[/left]
你爬得更高時，聽見身下一根樹枝折斷，[/left]
轉身看見那人重重摔在地上。[/left]
認出機會，[/left]
你跳到他旁邊並[/left]
[/left]
%q1b。

你調查他出來的灌木，[/left]
發現一個洞穴，[/left]
食人魔留著幾名較不幸遊俠的骨頭。[/left]
你也發現一個被鎖鏈鎖住的衣衫襤褸小男孩，[/left]
顯然是你打斷的那頓飯。[/left]
你釋放他後，他告訴你他名叫[/left]
%imp，是皇帝烏列爾·塞普汀的兒子。[/left]
他身上有某種東西讓你相信他，[/left]
即使當他告訴你父親的顧[/left]
[/left]
問賈加·薩恩篡奪了寶座，[/left]
迫使 %imp 與兄弟們藏匿。[/left]
你把錢袋裡的金幣給那少年，祝他好運，[/left]
從未告訴任何人在 %hpw 與食人魔的事。[/left]
然而數月後，當你家收到皇帝本人的包裹，[/left]
邀請你到帝國城領賞時，全家人都感到困惑。[/left]
[/end]"
4131,"很小的時候，父母加入一群人，[/left]
遷到 %hpn 文明區的外緣，[/left]
在 %hpw 開闢新村。[/left]
你的童年用來幫忙這種事業[/left]
所需的平凡而累人的工作。[/left]
從父母繼承的體格強健在這方[/left]
面大有幫助，你很早就發育。[/left]
你在 %q1 上也展現一些本事，[/left]
並與村中一位長老相處，[/left]
他讓你練習[/left]
[/left]
%q3。

隨著戰士技能發展，[/left]
你的本領增長，[/left]
並有 %q1 的敏銳領悟作為支撐。[/left]
不幸的是，[/left]
你終於發現在[/left]
%hpw 能學的已經到頂，[/left]
於是有一天你不情願地去找父母。[/left]
經過許多討論與抗拒，[/left]
他們勉強支持你前往戰[/left]
鬥學校繼續訓練的請求，[/left]
告誡你這段時間必須養活自己。[/left]
雖然與父母兄弟分離令你難過，[/left]
[/left]
你對見到傳說中泰姆瑞[/left]
爾文明的前景感到興奮。[/left]
在戰鬥學校，你課後做各種零工。[/left]
包括守衛任務和當地旅店的保鑣，[/left]
兩者都額外提供磨練技能的機會。[/left]
你也與同學 %fn 成為朋友。[/left]
當 %fn 完成訓練，[/left]
你發誓會定期造訪帝國城。[/left]
然而，你第一次去帝國城[/left]
也包括第一次接觸某些居[/left]
民與宮廷成員對你的體格[/left]
與相對粗野舉止的厭惡。[/left]
唯一的補償是帝國衛隊許[/left]
多人表現出的現成友誼。[/left]
[/left]
第三次造訪帝國城時，你正在找[/left]
%fn，一名衛兵告[/left]
訴你一小群傭兵，包括[/left]
%fn，遭到疑似前帝[/left]
國篡位者賈加·薩恩支[/left]
持者的襲擊與俘虜。[/left]
不等增援，你立刻出發。[/left]
終於找到叛軍營地時，[/left]
因亡命之徒幫的規模你猶豫了。[/left]
你沒拖延太久。[/left]
你利用林地的天然掩護，[/left]
一個接一個潛近目標並[/left]
%q1a。幸運的是，[/left]
正當連你也開始疲倦時，[/left]
一些俘虜在 %fn 帶領下掙脫束縛，[/left]
[/left]
幫忙解決剩餘的人。[/left]
你們這群人回到帝國城，[/left]
你也享受許多衛兵的祝賀。[/left]
此後不久，你收到皇帝本人的訊息。[/left]
[/end]"
4132,"你最早的記憶是飢餓、寒冷與孤獨。[/left]
你始終沒能找出父母是誰，[/left]
或自己如何被留在城市街頭求生。[/left]
你只能回憶起童年少數幾個畫面。[/left]
較鮮明的之一是在巷子裡一具屍體上找到[/left]
%q10。童年大部分是每天掙扎求活、[/left]
保住僅有的所有物，[/left]
你清楚記得那時[/left]
%q2。隨著年紀增長，[/left]
只有少數人能穿透你在[/left]
較友善傾向外形成的殼。[/left]
其中最重要的是剛被城[/left]
衛接納的 %fn。起初[/left]
%fn 會帶食物給你，[/left]
提供一些武器練習與建議，[/left]
但最終她贊助你申請進入新手戰士學校，[/left]
並提供部分所需金幣。[/left]
然後，訓練完成後，[/left]
她幫你在縱橫泰姆瑞爾道路與行[/left]
省的眾多商隊之一找到守衛工作。[/left]
接下來兩年，你受僱於一連串商隊，[/left]
學到許多關於泰姆瑞爾及其居民的事。[/left]
你也在大陸較粗糙、[/left]
[/left]
較不安定的地區以實際戰鬥[/left]
經驗磨練 %q1 技能。[/left]
你發現很容易把早年自衛[/left]
的傾向轉移到整個商隊。[/left]
終於，你決定返回家鄉城市尋找朋友[/left]
%fn。然而你發現她同樣迅速晉升，[/left]
已被邀到帝國城加入帝國衛隊的一支。[/left]
前往首都耗盡你的資金，[/left]
於是你立刻在那裡找工作，[/left]
晚上在一家較喧鬧的旅店維持秩序。[/left]
你與旅店所有常客交朋友，[/left]
但你的同情被一個負責補貨、[/left]
緊張而啞巴的男孩贏去。[/left]
他看起來那麼害怕孤獨，[/left]
讓你想起自己孤獨的童年。[/left]
[/left]
當一名喝醉的常客打那男孩時，[/left]
你跳起來保護他。[/left]
男孩以那樣感激的眼神看你，[/left]
你的心幾乎碎了。[/left]
然後，幾天後，他消失了。[/left]
數月後，[/left]
你幫忙補地窖存貨時被叫[/left]
到前門，男孩又在那裡。[/left]
[/left]
這次他穿著帝國袍，[/left]
隨從中包括[/left]
%fn。那「啞巴」男孩以明白無[/left]
誤的貴族嗓音說：「我的名字是王子[/left]
%imp，泰姆瑞爾真正皇[/left]
帝烏列爾·塞普汀七世之子。[/left]
當我藏匿、[/left]
逃避篡位者賈加·薩恩的怒火時，[/left]
你善待我並救了我的命。[/left]
請接受皇帝能賜予的最[/left]
偉大禮物：他的感激。[/left]
[/left]
」

他也交給你皇帝本人的召喚，[/left]
顯然需要像你這樣的鬥士。[/left]
或許你的運氣終於開始轉變。[/left]
[/end]"
4133,"你最早的記憶是爐中熊熊[/left]
的火與加熱金屬的氣味。[/left]
你父親是極負盛名的鐵匠。[/left]
%hpn 全省的人都來求他的服務。[/left]
你一有能力，就學會在鐵匠鋪幫他。[/left]
他教你如何修理彎曲的金屬，[/left]
並保持刃口鋒利。[/left]
[/left]
到了年紀，你加入當地民兵去看更多世界。[/left]
你在民兵給你的[/left]
%q1 訓練中出類拔萃。[/left]
你的武器修理知識對資[/left]
金不足的民兵極為寶貴。[/left]
有一天一名穿全身板甲的訪客來到營房。[/left]
經治安官介紹，[/left]
你就這樣遇見 %mn 爵士。[/left]
騎士護送你到外面並[/left]
%q1a。一言不發，[/left]
他從腰帶提起釘頭錘，朝你頭部砸來。[/left]
你大吃一驚，勉強格擋。[/left]
又躲過幾擊後，騎士微笑了。[/left]
那就是你的考驗。[/left]
[/left]
你成了 %mn 爵士的侍從，遷到帝國城。[/left]
在皇帝的宮廷，[/left]
你從每日 %q1 練習中學會許多技巧。[/left]
為了保持動力，[/left]
%q2 這給了你力量去應付[/left]
[/left]
無盡的工作與武器操練的疲憊。[/left]
某晚你在讀一位偉大[/left]
%q1 大師的舊手稿，[/left]
廳裡一道影子引起你注意。[/left]
懷疑是同伴侍從在惡作劇，[/left]
你抓起木製練習劍，悄悄走進廳裡。[/left]
潛到影子背後，[/left]
[/left]
你輕易靠近到能把劍抵上影子的背。[/left]
儘管受過所有訓練，當影子對你嘶聲並轉身，[/left]
露出一個手持匕首、披斗篷的哥布林時，[/left]
你還是忍不住停住，震驚。[/left]
幾乎沒時間思考，本能接管，[/left]
手中木劍揮出，把哥布林打昏。[/left]
你仍在發抖，呼叫衛兵。[/left]
[/left]
早晨你被召到皇帝面前。[/left]
穿著借來的、不太合身的盔甲，[/left]
你走進被其規模比下去的王座廳。[/left]
向皇帝鞠躬，你立下騎士誓言，[/left]
被接納進入紋章行列。[/left]
此後不到兩天，[/left]
你接到皇帝有任務給你的消息——[/left]
需要極度圓滑與毫不動搖的忠誠。[/left]
那夜你來到皇宮，[/left]
驚訝地發現皇帝並非被往常的大批隨從圍繞，[/left]
只有首席顧問、帝國戰鬥法師奧卡托。[/left]
在那裡，你被告知匕首雨之事。[/end]"
4134,"莉亞·席爾曼是強大的附魔師，[/left]
帝國議會長老之一，[/left]
也是賈加·薩恩選擇退休時[/left]
帝國戰鬥法師的合格繼任者。[/left]
她也是你的朋友，你在帝國城的第一位導師。[/left]
當她消失，[/left]
你是第一個注意到並開始調查的人。[/left]
你一定越來越接近了，[/left]
因為你遭到皇帝密探伏擊，[/left]
被丟進下水道深處的牢房，[/left]
[/left]
沒有食物或水。[/left]
就在那裡，莉亞·席爾曼找到了你。[/left]
莉亞以幽靈之姿向你顯現，[/left]
因為她也被那人背叛——那人如今[/left]
厚顏無恥地假扮皇帝：賈加·薩恩，[/left]
她從前的主人。[/left]
真正的皇帝被薩恩的魔法囚禁。[/left]
[/left]
只有你能找到賈加·薩恩法術的破綻，[/left]
釋放皇帝，揭發叛徒戰鬥法師。[/left]
在莉亞的幫助下，你逃出牢房，[/left]
並在她的指引下開始尋找混沌之杖。[/left]
薩恩曾用這杖囚禁真正的皇帝，[/left]
然後把它打碎，[/left]
散落在帝國各處的安全地點。[/left]
近十年過去，薩恩鞏固權力，[/left]
莉亞的幽靈形態慢慢消散，[/left]
但你終於找到混沌之杖的所有碎片，[/left]
[/left]
把它們組合成真正皇帝監獄的鑰匙。[/left]
杖的最後一塊是藏在帝國宮本身的一顆寶石。[/left]
賈加·薩恩以一大群衛兵包圍自己，[/left]
有人也有其他東西。[/left]
當你終於抵達寶石，[/left]
你發現他們為何打得那麼拼命。[/left]
[/left]
寶石不僅釋放了皇帝，還摧毀了薩恩，[/left]
因為帝國戰鬥法師用自己的生命力為杖賦能。[/left]
當真正的皇帝再次登上寶座，[/left]
他認為自己大大虧欠於你。[/left]
你常被召去調查薩恩中斷的總計畫的證據，[/left]
雖然你發現的重大相關之事很少，[/left]
你仍得到豐厚獎賞。儘管如此，你不常在宮廷。[/left]
皇帝幾乎把你視為稀有而珍貴的武器，[/left]
[/left]
只在遠離他人目光時拔出。[/left]
當皇帝告訴你萊桑達斯國王作祟之事，[/left]
你的直覺告訴你皇帝沒有把整個故事告訴你。[/left]
然而，即使他確實視你為朋友，[/left]
皇帝的話就是法律，[/left]
你次日就登船前往匕首雨。[/left]
[/record]
"
4150,讓火焰與寒冰的火花在院子裡飛舞[/end]
4151,找到一隻受傷的蝴蝶，再讓它飛起來[/end]
4152,玩捉迷藏，雖然她總是隱形[/end]
4153,從屋頂跳下，然後像葉子一樣慢慢落下[/end]
4154,在附近湖面上行走，像走在地上一樣[/end]
4155,施放讓你無法說話的法術[/end]
4156,施放毀滅法術[/end]
4157,進行治療與治癒[/end]
4158,從人眼前消失[/end]
4159,改變你身體的重量[/end]
4160,在水面行走[/end]
4161,把聲音從空氣中驅散[/end]
4162,他能在經濟上毀掉任何反對他的人[/end]
4163,你渴望成為那個獲得廢黜他之榮譽的人[/end]
4164,你驚嘆薩恩必定積累的知識。[/end]
4165,若不是自殺，你會樂於與他作對[/end]
4166,你發誓要為薩恩對無辜村民的惡行復仇[/end]
4167,一袋 100 枚金幣[/end]
4168,一本奇妙的書[/end]
4169,一件胸甲[/end]
4170,一些精美絲袍[/end]
4171,一瓶聖水[/end]
4172,200 枚金幣[/end]
4173,一把烏木匕首[/end]
4174,一件稀有魔法物品[/end]
4175,一顆精美紅寶石[/end]
4176,一根銀杖[/end]
4177,一瓶聖水[/end]
4179,與新任帝國戰鬥法師練習毀滅法術[/end]
4180,與當地神殿祭司完善你的治療法術[/end]
4181,研習並練習變化學院的法術[/end]
4182,以奇術儀式強化感官之力[/end]
4183,研習異界之力，並學習運用其力量[/end]
4190,一面小圓盾[/end]
4191,一顆珍珠[/end]
4192,一枚護符[/end]
4193,一把武士刀[/end]
4194,一件胸甲[/end]
4195,一把精靈連枷[/end]
4196,一套盔甲[/end]
4200,"短刀兵器[/record]
短刃功夫[/record]
匕首戰鬥[/end]"
4201,"武術[/record]
徒手[/record]
拳擊[/end]"
4202,"斧戰[/record]
短斧兵器[/end]"
4203,"棍戰[/record]
棍戰[/record]
鈍器[/record]
杖戰[/end]"
4204,箭術[/end]
4205,"長刃[/record]
劍術[/record]
使劍[/end]"
4206,"毀滅[/record]
荒蕪[/record]
消滅[/end]"
4207,"治療[/record]
回春[/record]
恢復[/end]"
4208,"幻術[/record]
手法[/record]
欺騙[/end]"
4209,"變化[/record]
轉變[/record]
波動[/end]"
4210,"奇術[/record]
審美[/record]
感官[/end]"
4211,"神秘[/record]
隱秘[/record]
詭異[/end]"
4212,"宗教狂熱者[/record]
瘋狂祭司[/record]
宗教狂徒[/end]"
4213,"惡毒巫師[/record]
狂熱術士[/end]"
4214,"被誤導的農民[/record]
愚昧農民[/record]
半傻農夫[/end]"
4215,"腐敗騎士[/record]
壓迫的戰士[/record]
狂戰士士兵[/end]"
4216,"一點額外金幣[/record]
一百枚金幣[/end]"
4217,"一本迷人的書[/record]
一本引人入勝的書[/end]"
4218,"一件皮革胸甲[/record]
一點舊盔甲[/end]"
4219,"配得上貴族的衣裳[/record]
非常精美的衣裳[/end]"
4220,"一些聖水[/record]
一瓶聖水[/end]"
4221,"魔法研習[/record]
研習魔法[/end]"
4222,"武器研習[/record]
研習武器[/end]"
4223,"攀附上流[/record]
交際應酬[/record]
社交[/end]"
4224,"逛貧民區[/record]
都市冒險[/end]"
4225,"雜技[/record]
練習雜技[/record]
翻滾[/end]"
4226,"經濟學[/record]
砍價[/record]
研習經濟學[/end]"
4227,"完善偽裝[/record]
製作偽裝[/record]
化妝、戲服[/end]"
4228,游泳[/end]
4229,"對打[/record]
拳擊[/end]"
4230,把東西炸開[/end]
4231,醫治病人[/end]
4232,製造幻象[/end]
4233,"轉變物體[/record]
質變[/end]"
4234,"行神蹟[/record]
看見此現實之外[/end]"
4235,探索未知[/end]
4236,"匕首[/record]
短刀[/record]
短劍[/end]"
4237,"拳擊[/record]
對打[/record]
打鬥[/end]"
4238,"戰斧[/record]
戰用斧[/record]
斧[/end]"
4239,"連枷[/record]
釘頭錘[/record]
戰錘[/record]
法杖[/end]"
4240,"箭術[/record]
長弓[/record]
短弓[/end]"
4241,"闊劍[/record]
軍刀[/record]
武士刀[/record]
雙手闊劍[/end]"
4242,火花法術[/end]
4243,魔力海綿法術[/end]
4244,光明法術[/end]
4245,改變魔力法術[/end]
4246,偵測敵人道法術[/end]
4247,驅散魔力法術[/end]
4250,治療你其他法術造成的傷害[/end]
4251,隱形以躲避父母[/end]
4252,以更微妙的方式改變現實的織體[/end]
4253,磨利你自然與非自然的感官[/end]
4254,感知其他世界更微妙的能量[/end]
4255,你也嫉妒他帝國國庫的黃金[/end]
4256,但你憐憫薩恩，因為他必須隱姓埋名行動[/end]
4257,你也嫉妒薩恩那驚人的知識[/end]
4258,在你看來通往權力的路很少有樂趣[/end]
4259,你暗自覺得薩恩和他的殘忍令人作嘔[/end]
4260,學習如何對貴族說他們想聽的話[/end]
4261,學習如何對帝都當地人說狠話[/end]
4262,為防禦而鍛鍊或練習雜技技巧[/end]
4263,與帝都商人交談砍價[/end]
4264,為情報與娛樂冒充某些貴族[/end]
4265,在卡勒登河混濁的黑水裡游泳[/end]
4266,與下班的帝國衛隊成員對打[/end]
4300,"施放攻擊法術[/record]
毀滅學派[/end]"
4301,施放火花法術[/end]
4302,"施放恢復法術[/record]
恢復學派[/end]"
4303,施放輕度治療法術[/end]
4304,"施放幻術法術[/record]
幻術學派[/end]"
4305,使自己隱形[/end]
4306,"施放變化法術[/record]
變化學派[/end]"
4307,從幾乎任何高度落下[/end]
4308,"施放奇術法術[/record]
奇術學派[/end]"
4309,強化你天生的感官[/end]
4310,"施放神秘法術[/record]
神秘學派[/end]"
4311,操控奧術之力[/end]
4400,"閃避技巧[/record]
防禦戰鬥技巧[/end]"
4401,"無聲移動的技藝[/record]
潛行移動的技能[/end]"
4402,"巧妙背刺的技巧[/record]
刺向活目標的背[/end]"
4403,"偽裝的無數用途[/record]
化妝、戲服與其他偽裝[/end]"
4404,"開鎖技能[/record]
用他各式撬鎖器與鎖[/end]"
4405,"扒竊技巧[/record]
讓每個口袋都可觸及的方法[/end]"
4406,"磨練攀牆能力[/record]
攀爬各式牆壁的方法[/end]"
4407,"古老的暗殺技藝[/record]
使任何一擊致命的方法[/end]"
4408,"提升你的速度[/record]
讓自己跑得更快[/end]"
4409,"練習跳得又高又遠[/record]
發展你的跳躍能力[/end]"
4410,毀滅的[/end]
4411,恢復的[/end]
4412,幻術的[/end]
4413,千變的[/end]
4414,奇術的[/end]
4415,神秘的[/end]
4416,短刃[/end]
4417,徒手[/end]
4418,斧戰[/end]
4419,鈍器[/end]
4420,"弓箭[/record]
箭術[/end]"
4421,跳躍[/end]
4422,游泳[/end]
4423,賽跑[/end]
4424,打鬥[/end]
4425,攀爬[/end]
4426,林地來的野精靈[/end]
4427,鬧鬼谷地來的妖精[/end]
4428,島上來的野鷹身女妖[/end]
4429,附近山上來的巨人[/end]
4430,與巨龍有親緣的小龍[/end]
4431,附近湖裡害羞的寧芙[/end]
4432,來自湮滅位面的迪德拉[/end]
4433,林地來的奇異樹精[/end]
4434,半人半馬的半人馬[/end]
4435,湮滅裡淘氣的小惡魔[/end]
4436,毀滅[/end]
4437,治療[/end]
4438,幻術[/end]
4439,變化[/end]
4440,奇術[/end]
4441,神秘[/end]
4442,祭司[/end]
4443,"巫師[/record]
術士[/end]"
4444,"革命者[/record]
無政府主義者[/end]"
4445,"軍閥[/record]
強盜領主[/end]"
4446,刺客[/end]
4450,跳得高[/end]
4451,跑得快[/end]
4452,打得陰[/end]
4453,什麼都爬[/end]
4454,用匕首打[/end]
4455,"拳擊[/record]
踢打與拳擊[/end]"
4456,用斧打[/end]
4457,用棍[/end]
4458,射箭[/end]
4459,"劍術[/record]
用刃戰鬥[/end]"
4500,醫術[/end]
4501,"禮儀[/record]
規矩[/record]
禮節[/record]
好體統[/end]"
4502,"威嚇[/record]
街頭之道[/record]
欺凌[/end]"
4503,"砍價[/record]
談判[/record]
講價[/end]"
4504,刀戰[/end]
4505,"賽跑[/record]
奔跑[/end]"
4506,"潛行[/record]
隱蔽[/end]"
4507,"攀爬[/record]
爬牆[/end]"
4508,游泳[/end]
4509,"拳鬥[/record]
拳擊[/record]
鬥毆[/end]"
4510,"宮殿[/record]
城堡[/record]
宅邸[/end]"
4511,"侍從[/record]
小兔崽子[/record]
貴族[/end]"
4512,"短劍[/record]
精美的刃[/end]"
4513,法師公會[/end]
4514,"學徒[/record]
學生[/record]
新手[/record]
學者[/end]"
4515,書[/end]
4516,"神殿[/record]
詠唱堂[/record]
修道院[/record]
大修道院[/end]"
4517,"門徒[/record]
初修士[/end]"
4518,一瓶聖水[/end]
4519,"學院[/record]
學校[/record]
訓練場[/end]"
4520,"學生[/record]
小兔崽子[/record]
侍從[/end]"
4521,"匕首與短刀[/record]
短刀與匕首[/record]
各式刃器[/end]"
4522,"鎖[/record]
鎖與撬鎖器[/end]"
4523,"扒口袋[/record]
扒竊[/end]"
4524,"隱蔽[/record]
藏在陰影裡[/record]
閃避[/record]
詭計[/end]"
4525,"閃避[/record]
閃避[/end]"
4526,"攀爬[/record]
攀爬[/record]
爬牆[/end]"
4527,"背刺[/record]
陰招[/record]
陰險打鬥[/end]"
4528,"一袋裝滿金幣的袋子[/record]
一袋 200 枚金幣[/record]
裝滿金幣的錢袋[/end]"
4529,"一把烏木匕首[/record]
一把烏木打造的匕首[/end]"
4530,"一本極美妙的書[/record]
一本有見地的書[/record]
一本迷人的典籍[/end]"
4531,"一顆極美的紅寶石[/record]
一顆精緻的紅寶石[/end]"
4532,"一根銀鑄法杖[/record]
一根閃亮的銀杖[/end]"
4533,"一瓶聖水[/record]
一瓶聖水[/end]"
4534,"闖進某個商人的房子[/record]
看看這一帶有什麼好撈[/record]
看看當地人有沒有鎖窗[/end]"
4535,"揍幾個看起來有錢的當地人[/record]
把一個闊佬誘進附近巷子[/end]"
4536,"看看當地人口袋裡有什麼[/record]
看看當地口袋能提供什麼[/record]
做一點扒竊練習[/end]"
4537,"讓一些當地人與財物分手[/record]
看看當地民眾有多蠢[/record]
為錢散播一點錯誤資訊[/end]"
4538,"看看有什麼走私機會[/record]
賣幾件黑市貨圖利[/record]
看看商人想要卻得不到什麼[/end]"
4539,"查看當地銀行的保全[/record]
開始研究當地銀行的布局[/record]
開始若無其事地打聽當地銀行[/end]"
4550,閃避[/end]
4551,潛行[/end]
4552,背刺[/end]
4553,偽裝自己[/end]
4554,開鎖[/end]
4555,扒口袋[/end]
4556,"攀爬[/record]
爬牆[/end]"
4557,致命一擊[/end]
4558,"跑[/record]
跑得快[/end]"
4559,"跳[/record]
跳得高[/end]"
4560,你決定除了金幣什麼都不重要[/end]
4561,你意識到自己前方有偉大的命運[/end]
4562,你開始訓練心智以容納偉大的知識[/end]
4563,你培養了幽默感與玩樂之心[/end]
4564,你發展出一套榮譽體系，賦予生命意義[/end]
4565,非法侵入。還有偷竊[/end]
4566,為金幣揍幾個闊佬[/end]
4567,在村子裡扒竊[/end]
4568,騙幾個傻瓜的金幣[/end]
4569,把一些埃格羅塔特走私進村子[/end]
4570,在銀行做一筆非法提款[/end]
4650,"一位祭司[/record]
一位神職人員[/end]"
4651,"祭司[/record]
神職人員[/end]"
4652,"一位巫師[/record]
一位法師[/end]"
4653,法師[/end]
4654,"一位騎士[/record]
一位貴族[/end]"
4655,"貴族[/record]
領主[/record]
紳士[/end]"
4656,"一位商人[/record]
一位投機者[/record]
一位金融家[/end]"
4657,商人[/end]
4700,"商人[/record]
立法者[/record]
政客[/end]"
4701,"把細劍刺進他的心[/record]
用匕首割開他的喉[/end]"
4702,"用另一隻手扭斷他的脖子[/record]
就地勒死他[/end]"
4703,"把斧頭埋進他的胸膛[/record]
用斧把他砍成碎片[/end]"
4704,"用釘頭錘砸碎他的頭骨[/record]
用連枷把他打死[/end]"
4705,把箭射穿他的頭骨[/end]
4706,"用順手的武士刀剖開他[/record]
用雙手闊劍砍下他的頭[/end]"
4707,"在靈性上[/record]
在世俗上[/end]"
4708,"以魔法[/record]
以神秘之道[/end]"
4709,"在社交上[/record]
在武事上[/record]
在軍事上[/end]"
4710,"在政治上[/record]
在經濟上[/end]"
4711,"眾神的報應[/record]
對所有異端的審判[/end]"
4712,"召喚迪德拉[/record]
編織一場大災[/end]"
4713,"公開內戰爆發[/record]
同盟的毀滅[/record]
軍閥農奴的叛亂[/end]"
4714,"一場使經濟癱瘓的戰爭[/record]
額外的政治陰謀[/end]"
4750,游泳[/end]
4751,"治療簡單傷口[/record]
治療你自己[/record]
不用魔法治療[/end]"
4752,"表現迷人[/record]
微笑取勝[/record]
遵守禮儀[/end]"
4753,"堅持己見[/record]
博得尊重[/end]"
4754,"與捕獸人砍價[/record]
自訂價錢[/end]"
4755,阿凱[/end]
4756,諾托戈[/end]
4757,瑪拉[/end]
4758,埃芬[/end]
4759,朱利安諾斯[/end]
4760,阿卡托什[/end]
4761,盜匪之神[/end]
4762,與野精靈交談[/end]
4763,與妖精溝通[/end]
4764,說鷹身女妖的話[/end]
4765,與巨人交談[/end]
4766,跟龍說上幾句（一點點！）[/end]
4767,與寧芙略通言語[/end]
4768,說一些迪德拉語[/end]
4769,與樹精交談[/end]
4770,與半人馬交談[/end]
4771,跟小惡魔說上幾句（一點點！）[/end]
4773,弓[/end]
4900,"遞給你一把匕首[/record]
丟給你一把短刀[/end]"
4901,向你鞠躬[/end]
4902,"把他的斧給你[/record]
遞給你一把斧[/end]"
4903,"給你一把釘頭錘[/record]
遞給你一把釘頭錘[/end]"
4904,從你手上拿走弓。[/end]
4905,"遞給你一把劍[/record]
給你一把刃[/end]"
5100,"你的房間還租了 %dwr 小時。[/center]
你還要再租幾天？[/center]
[/input] [/center]
[/end]"
5101,"心之日快樂，%ra。依傳統，你[/center]
今天有免費房間。若想租更久，[/center]
請明天再來。[/center]
[/end]"
5102,"日安，%ra。你需要房間[/center]
幾天？[/center]
[/input] [/center]
[/end]"
5221,"你和訓練師練習了 3 小時。訓練師[/center]
告訴你反思所學，[/center]
看看能否好好派上用場。[/center]
[/end]"
5225,"好啦小鬼，聽著，我不會[/center]
再說一遍。既然你現在是我們的人，[/center]
只是個 %lev，但還是，[/center]
我會告訴你當地有個地城[/center]
你或許能用來補補庫存。[/center]
讓我在你地圖上標。就是那，[/center]
%dng。別說[/center]
我從沒為你做過什麼。[/center]
[/record]

"
5226,"恭喜，小鬼，你現在可以自稱[/center]
盜賊公會的 %lev 了。[/center]
我們現在是你的官方銷贓人，[/center]
如果你要的話。我們這兒有個老鼠[/center]
會買你的贓貨，還用別人撈來的貨[/center]
給你真正的折扣。我說，[/center]
這讓日子好過一點。[/center]
[/end]"
5227,"幹得好，好手。我們覺得你準備好當[/center]
盜賊公會正式的 %lev 了。[/center]
從現在起，若想知道最新消息，[/center]
去跟我們的間諜頭目談。[/center]
我們到處都有耳朵，現在你是[/center]
%lev，你也有了。[/center]
[/end]"
5228,"聽著，%pcf，我想你會有興趣聽聽[/center]
%reg 這兒一個叫 %dng 的小坑。[/center]
還沒被動過的寶庫，就等著被拆光。[/center]
讓我在你地圖上標。畢竟，[/center]
作為盜賊公會最新的 %lev，[/center]
你得把收入維持住，對吧，%pcf？[/center]
[/end]"
5229,"盜賊公會又給你升了，[/center]
%pcf，你怎麼想？[/center]
現在你是 %lev，[/center]
該讓你看看我自己最愛的[/center]
秘密寶坑了。地圖上就是這兒。[/center]
他們叫它 %dng。[/center]
恭喜升職，小鬼，[/center]
好好享受戰利品。[/center]
[/end]"
5230,"請容我第一個毫不保留地恭喜你[/center]
在法師公會這滑溜階級裡光榮晉升。[/center]
現在你已達到 %lev，[/center]
可以使用公會圖書館。我還記得[/center]
自己第一次被認為配得這榮譽。[/center]
我的眼睛三整天沒離開印刷頁。[/center]
我的建議是盡快善用這機會。[/center]
再次，幹得漂亮，%pcf。[/center]
[/end]"
5231,"法師公會毫不猶豫地決定[/center]
將你在公會的地位與階級提升為[/center]
%lev。你現在有幸使用公會檔案——[/center]
%reg 最大的魔法秘典收藏。[/center]
幾乎所有物品都可購買，我們的保管人[/center]
永遠在尋找新物品，並為此提供慷慨報酬。[/center]
希望你覺得這榮譽有用。再次，[/center]
我恭敬地獻上恭喜。[/center]
[/end]"
5232,"%pcn，大法師已批准你晉升為[/center]
法師公會的 %lev。作為[/center]
%lev，你從此有權依需要使用公會的附魔。[/center]
我們的法匠會榮幸協助你為任何想要的物品附魔。[/center]
若我可以大膽一點，向你個人恭喜，[/center]
%lev %pcn。[/center]
[/end]"
5233,"今日，經大法師與議會近乎一致的投票，[/center]
你在公會的頭銜是 %lev。作為[/center]
%lev，你被認為足夠負責可信，[/center]
得以使用迪德拉召喚室。不必我說，[/center]
召喚迪德拉只有在認真考慮後才能進行。[/center]
若依你之見有此需要，公會召喚師會協助你。[/center]
自然，為了公會整體安全，迪德拉領主[/center]
只能在某些特定日子召喚。這是沉重的特權，[/center]
%pcn，公會認為你配得。[/center]
[/end]"
5234,"%pcn，我榮幸授予你 %lev 之階。[/center]
以行為與言語，你已證明自己是配得法師公會[/center]
所承認之次高職位的傑出成員。作為正式的[/center]
%lev，你可召喚旅者聯盟的服務，[/center]
他們守護公會最珍視的密室——傳送室。[/center]
從那裡，你可在眨眼間前往灣區任何其他聚落。[/center]
由於你的時間最寶貴，此室應能助你。[/center]
再次容我恭喜你獲此大榮，%lev。[/center]
[/end]"
5235,"就這點而言，你現在可以自稱[/center]
%lev 了，%pcf。因功績之類[/center]
Blah blah blah 的階級變更。[/center]
讓你知道一下。[/center]
[/record]
你幹得不錯，%pcf。弟兄們決定[/center]
你已贏得公會 %lev 之階。[/center]
表示他們在注意你。[/center]
[/record]
嘿小鬼，若你開始聽見我們叫你[/center]
%lev，那是因為你升了。[/center]
看來公會大師不覺得你完全是個窩囊廢。[/center]
[/record]
最近很多人在談你，小鬼。[/center]
事實上，公會大師說你現在可以當正式的[/center]
%lev 了。說實話沒多大意思，[/center]
只表示你做對了什麼。[/center]
[/end]"
5236,"奉伊利亞克灣大法師與 %cn 法師公會[/center]
議會之令，%ra %pcn 從此晉升為[/center]
%lev 之階與頭銜。你的虔誠與勇武[/center]
因而被記下。永遠向前。[/center]
[/record]
恭喜，%lev %pcn。[/center]
議會與大法師今天才投票授予你新階級。[/center]
[/end]"
5237,"因功績與對 %fon 理想毫不動搖的忠誠，[/center]
你被授予騎士團內 %lev 的頭銜。[/center]
作為同僚騎士評價的象徵，我們決定贈你[/center]
一件新盔甲。恭喜，[/center]
%lev %pcn。[/center]
[/end]"
5238,"因功績與對 %fon 理想毫不動搖的忠誠，[/center]
你被授予騎士團內 %lev 的頭銜。[/center]
作為同僚騎士評價的象徵，我們決定贈你[/center]
一件新盔甲。此外，憑你的新頭銜，[/center]
你可在每間旅店要求免費住宿，[/center]
不僅在 %reg，而是整個灣區。[/center]
恭喜，%lev[/center]
%pcn。[/center]
[/end]"
5239,"因功績與對 %fon 理想毫不動搖的忠誠，[/center]
你被授予騎士團內 %lev 的頭銜。[/center]
作為同僚騎士評價的象徵，我們決定贈你[/center]
一件新盔甲。你也可使用為騎士團保留的船隻，[/center]
從此不必再為渡灣付費。我向你個人恭喜，[/center]
%lev[/center]
%pcn。[/center]
[/end]"
5240,"%pcn，憑無與倫比的虔誠與傳奇的個人勇武，[/center]
我們 %fon 榮幸授予你 %fon 的[/center]
%lev 頭銜。除了我們傳統贈予的武裝，[/center]
騎士團與 %reg 的人民希望贈你一棟房屋的地契，[/center]
好讓你把 %reg 視為家園也視為職責。[/center]
%lev 是 %fon 承認的最高榮譽，[/center]
但我們對你的驕傲沒有界限。對我們許多人而言，[/center]
你是我們嚮往的典範，[/center]
%lev %pcn。[/center]
[/end]"
5241,"%pcn，憑無與倫比的虔誠與傳奇的個人勇武，[/center]
我們 %fon 榮幸授予你 %fon 的[/center]
%lev 頭銜。%lev 是 %fon 承認的最高榮譽，[/center]
但我們對你的驕傲沒有界限。對我們許多人而言，[/center]
你是我們嚮往的典範，[/center]
%lev %pcn。[/center]
[/end]"
5242,"阿凱教團，表彰你為 %reg 與整個伊利亞克灣[/center]
帶來和諧與秩序的不懈努力，[/center]
特此正式承認你為教團的[/center]
%lev。[/center]
容我恭喜，[/center]
%lev %pcn。[/center]
[/end]"
5243,"澤尼薩爾決議所，經共同議會投票，[/center]
特此立即將你，%ra %pcn，[/center]
晉升為決議所內的 %lev。[/center]
你是勤懇誠實勞動價值的證明。[/center]
[/end]"
5244,"你該驕傲，%pcf。[/center]
瑪拉仁愛堂已決定，鑑於你為神殿帶來的榮譽，[/center]
你配得升為 %lev。恭喜，[/center]
我的朋友。[/center]
[/end]"
5245,"阿卡托什詠唱堂，經過相對短暫的審議，[/center]
已決定提升你在神殿內的階級。從此直到[/center]
另行通知，你在神殿內將以 %lev[/center]
頭銜被稱呼。[/center]
[/end]"
5246,"啊，帶著純粹的福樂，我們朱利安諾斯學院，[/center]
認識到你一切輔助性的、啊、努力與增長的、[/center]
恕我說辛辣的博學，啊，將頭銜與尊稱 %lev[/center]
贈予你，%ra %pcn。[/center]
朋友，這沒多大意思，但這是個挺好的象徵，對吧？[/center]
[/end]"
5247,"你該非常驕傲，%pcf。[/center]
迪貝拉之家已選擇以新頭銜 %lev 表彰你。[/center]
你努力與成就之美並未被忽視。[/center]
[/end]"
5248,"%pcn，我榮幸[/center]
告知你，斯丹達爾神殿[/center]
已選擇授予你神殿內的新頭銜，[/center]
即 %lev。[/center]
我們已看見你謙遜地努力[/center]
把和平帶到伊利亞克灣各處。[/center]
請繼續追求慈悲與[/center]
正義，%lev %pcf。[/center]
對斯丹達爾而言，沒有比這更重大的職責。[/center]
[/end]"
5249,"凱娜瑞斯透過她在凡界的代理人，[/center]
已見你配得晉升。因你以凱娜瑞斯神殿之名[/center]
的成就，你的階級與頭銜從此是 %lev。[/center]
恭喜，我的朋友。[/center]
[/record]

"
5287,"那麼就這麼決定了。你特此被授予[/center]
阿凱教團的 %lev。若你願意，[/center]
可與我們的訓練師交談。我們的治療師與草藥師[/center]
隨時願意協助你，不過草藥師必須依疾病[/center]
向你收取所需草藥的費用。[/center]
[/end]"
5288,"那麼，歡迎，%pcn。[/center]
作為決議所的 %lev，[/center]
你可以使用我們的訓練師。若你覺得他們有用，[/center]
我們會感謝捐獻。當然，你能舒適負擔的即可。[/center]
[/end]"
5289,"我很高興你與我們在一起，我的孩子。[/center]
你最初的階級將是 %lev，[/center]
不過我毫不懷疑你很快就會證明自己配得晉升。[/center]
我們的訓練師現在可供你使用。[/center]
[/end]"
5290,"那麼，歡迎，我的孩子。你現在可以[/center]
自視為 %lev。我們的訓練師可供你使用。[/center]
至於神殿的其他福利，保持耐心、努力工作，[/center]
它們就會來到你身邊。[/center]
[/end]"
5291,"那麼就當你已躋身[/center]
驕傲的 %fon 行列。你[/center]
將以 %lev 起步。雖[/center]
你在 %fon 的階級尚低，[/center]
在 %reg，我們的名聲會[/center]
跟隨你。別驚訝當你發現[/center]
%reg 沒有旅店老闆[/center]
會向你收取房費。這是[/center]
對所有 %fon 的榮譽。[/center]
[/end]"
5292,"好決定，年輕的 %pcf。[/center]
從這一刻起，你的暗語將是[/center]
%dbp。你現在被視為[/center]
%lev，可充分使用我們的[/center]
訓練師。身為黑暗兄弟的其他福利，[/center]
將在你證明實際[/center]
價值後才會開放。對了，若你還沒[/center]
去過 %dng，你[/center]
該去一趟。那是座可愛的小墓園，[/center]
有許多藏寶的墓穴，若[/center]
你覺得盜墓能改善[/center]
眼下的財政，[/center]
不妨一試。[/center]
[/end]"
5293,"那麼從此你將被稱為[/center]
%pcn，法師公會的[/center]
%lev。要享用公會提供的[/center]
一切，需要耐心與[/center]
苦功，我的孩子，但我現在就能[/center]
讓你使用訓練師與[/center]
法術製作器。權力來得太快，[/center]
已摧毀過無數男女。[/center]
法師公會若有什麼，[/center]
就是審慎。[/center]
[/end]"
5400,Action type twelve. (do not translate)[/end]
5404,"問候，%pcn。[/center]
你膽敢闖入此地，未免太過。[/center]
不過，我會容你繼續前行，[/center]
只要你能證明自己如傳聞[/center]
那般敏銳。[/center]
你或許知道我精通[/center]
刀劍。但我另一件鍾愛的[/center]
武器是什麼？[/center]
答對了，再武裝自己。[/center]
[/end]"
5406,"一人為我發言。[/center]
兩人侍奉於我。[/center]
六人護衛於我。[/center]
有幾人違抗於我？[/center]
[/end]"
5423,"我守護此道。只說出我的名字，[/center]
我便准你通行。[/center]
[/end]"
5424,"命令我，入口便是你的。[/center]
[/end]"
5464,"此時人人皆可向殿下請願。[/center]
除非獲王室准許，否則不得離開[/center]
覲見廳。[/center]
對國王與王后須始終禮敬，[/center]
最要緊的是，在這些牆壁之內[/center]
不得施法。你可同意這些條件？[/center]
[/end]"
5656,Answers start here. (do not translate)[/end]
5660,"""弓,弓箭,十字弓,弩,bow,bow and arrow,crossbow,bows,crossbows""[/end]"
5662,"""一,1,壹,One""[/end]"
5679,"""恩人,Benefactor,the Benefactor""[/end]"
5680,"""閉嘴,住口,shut up,shutup,shaddup""[/end]"
5720,"""是,好,同意,確定,行,可以,Yes,OK,I agree,Y,agreed,done,fine,okay,sure,yep""[/end]"
6100,"山[/record]
山[/record]
山[/record]
山[/record]
山[/record]
山[/record]
山[/record]
山[/record]
群山[/record]
群山[/record]
群山[/record]
群山[/record]
群山[/record]
群山[/record]
峰[/record]
群峰[/record]
山嶽[/record]
峭壁[/record]
岬[/record]
嶺[/record]
群嶺[/record]
高地[/record]
高地[/record]
高地[/record]
高地[/record]
丘[/record]
孤丘[/record]
孤丘[/record]
崖[/record]
群崖[/record]
懸崖[/record]
頂[/record]
龍尾山脈[/record]
魔岩[/record]
龍牙山脈[/record]
羅斯加里安山脈[/end]"
6101,"林[/record]
樹林[/record]
樹林[/record]
樹林[/record]
樹林[/record]
森林[/record]
森林[/record]
森林[/record]
森林[/record]
森林[/record]
森林[/record]
森林[/record]
林木[/record]
林地[/record]
林地[/record]
樹叢[/record]
小樹叢[/record]
灌叢[/record]
萌生林[/record]
小叢林[/record]
拉文尼安森林[/record]
斯凱芬頓林[/record]
格倫角山麓[/end]"
6102,"地[/record]
河床[/record]
峽谷[/record]
沖溝[/record]
土壤[/record]
表土[/record]
草皮[/record]
岩[/record]
石[/record]
礫[/record]
塵[/end]"
6103,"岸[/record]
海岸[/record]
海濱[/record]
湖岸[/record]
灘[/record]
海灘[/record]
岸[/record]
海邊[/record]
海濱[/record]
潮地[/record]
岸線[/record]
水濱[/record]
沙[/record]
岸[/record]
阿利克爾[/end]"
6104,"花[/record]
花[/record]
花[/record]
群花[/record]
群花[/record]
群花[/record]
綻放[/record]
綻放[/record]
花開[/record]
花開[/record]
花束[/record]
花束[/record]
花瓣[/record]
花束[/record]
藤[/record]
植物[/record]
植物[/record]
花卉[/record]
枝[/end]"
6105,"母牛[/record]
母牛[/record]
母牛[/record]
母牛[/record]
母牛[/record]
牛犢[/record]
牛犢[/record]
小母牛[/record]
小母牛[/record]
公牛[/record]
公牛[/record]
牛[/end]"
6106,"母牛群[/record]
母牛群[/record]
母牛群[/record]
牛犢群[/record]
小母牛群[/record]
公牛群[/record]
牛群[/record]
牛隻[/record]
牛群[/record]
牛群[/record]
牛群[/end]"
6107,"島[/record]
島[/record]
島[/record]
島[/record]
島[/record]
島嶼[/record]
珊瑚島[/record]
沙洲島[/record]
環礁[/record]
巴爾費拉[/record]
貝托尼[/record]
賈加達[/record]
西比亞德斯[/record]
斯卡普岩[/end]"
6108,"[/record]
雲[/record]
雲[/record]
雲[/record]
雲[/record]
雲群[/record]
雲群[/record]
雲群[/record]
雲群[/record]
天空[/record]
天空[/record]
天空[/record]
天空[/record]
雨雲[/record]
雷雲[/record]
霧[/record]
薄霧[/record]
以太[/record]
霾[/end]"
6109,"沙漠[/record]
沙漠[/record]
沙漠[/record]
沙漠[/record]
荒地[/record]
荒原[/record]
沙丘[/record]
沙丘[/record]
草原[/record]
草原[/record]
阿利克爾[/record]
草原[/record]
米勒圖斯[/record]
阿利克爾沙漠[/end]"
6110,"水[/record]
水[/record]
水[/record]
水[/record]
水[/record]
海[/record]
海[/record]
海[/record]
海[/record]
海[/record]
泉[/record]
洪水[/record]
氾濫[/record]
洋[/record]
巨浪[/record]
浪[/record]
潮[/record]
湖[/record]
潟湖[/record]
池[/record]
水潭[/record]
湖沼[/record]
井[/record]
浪花[/record]
漩渦[/record]
浴[/record]
伊利亞克灣[/record]
阿貝西安海[/end]"
6111,"蘭[/record]
蘭[/record]
蘭[/record]
蘭群[/record]
蘭群[/record]
百合[/record]
百合[/record]
百合[/record]
百合群[/record]
百合群[/record]
花[/record]
花[/record]
群花[/record]
群花[/record]
綻放[/record]
綻放[/record]
花開[/record]
花開[/record]
花束[/record]
花束[/record]
花瓣[/record]
花束[/record]
藤[/record]
植物[/record]
植物[/record]
花卉[/record]
枝[/end]"
6112,"馬[/record]
馬[/record]
馬[/record]
馬群[/record]
馬群[/record]
馬群[/record]
馬屬[/record]
種馬[/record]
牝馬[/record]
小雄馬[/record]
小雌馬[/record]
馬駒[/record]
騸馬[/record]
坐騎[/record]
駑馬[/record]
小馬[/end]"
6113,"集結[/record]
一套[/record]
收藏[/record]
簇[/record]
布置[/end]"
6114,"田[/record]
田[/record]
田[/record]
田[/record]
田野[/record]
田野[/record]
林中空地[/record]
草地[/record]
牧場[/record]
農場[/record]
農莊[/record]
田莊[/end]"
6115,"廢墟[/record]
廢墟[/record]
廢墟[/record]
廢墟[/record]
遺骸[/record]
遺物[/record]
殘餘[/record]
殘跡[/end]"
6116,"園[/record]
園[/record]
園[/record]
園[/record]
花園[/record]
花園[/record]
花園[/record]
花園群[/record]
花園群[/record]
花園群[/record]
村綠地[/record]
公地[/record]
公地[/end]"
6117,裸像[/end]
6118,"女人[/record]
女人[/record]
女人[/record]
夫人[/record]
%fn[/record]
%fn[/record]
%fn夫人[/record]
女孩[/record]
女士[/record]
%fn女士[/record]
情婦[/record]
%fn情婦[/record]
妻子[/end]"
6119,"男人[/record]
男人[/record]
男人[/record]
男人[/record]
紳士[/record]
%mn[/record]
%mn[/record]
%mn[/record]
%mn大師[/record]
%mn領主[/record]
騎士[/end]"
6120,"宮廷[/record]
宮廷[/record]
宮廷[/record]
宮廷[/record]
宮殿[/record]
大廳[/record]
城堡[/record]
莊園[/record]
莊園宅[/end]"
6121,"鎮[/record]
鎮[/record]
鎮[/record]
鎮[/record]
小村[/record]
小村[/record]
村莊[/record]
村莊[/record]
村莊[/record]
市區[/record]
德溫嫩[/record]
科維奇[/record]
圖倫[/record]
峭壁堡[/record]
波爾自治市[/end]"
6201,"雄偉的[/record]
高貴的[/record]
威嚴的[/record]
莊嚴的[/record]
堂皇的[/record]
宏大的[/record]
驕傲的[/record]
自負的[/record]
崇高的[/record]
燦爛的[/end]"
6202,"綠的[/record]
綠的[/record]
綠的[/record]
翠綠的[/end]"
6203,"白的[/record]
白的[/record]
白的[/record]
蒼白的[/record]
象牙色的[/end]"
6204,"野的[/record]
野的[/record]
野的[/record]
野蠻的[/record]
未馴的[/record]
未開化的[/record]
凶猛的[/record]
暴風雨的[/record]
狂暴的[/record]
魯莽的[/record]
輕率的[/end]"
6205,"斑駁的[/record]
有斑點的[/record]
雜色的[/record]
混雜的[/record]
撒點的[/record]
點綴的[/record]
斑點的[/record]
有斑的[/record]
雀斑的[/record]
鑲嵌的[/record]
斑紋的[/record]
塊斑的[/end]"
6206,"棕的[/record]
棕的[/record]
棕的[/record]
栗色的[/record]
赤褐的[/record]
青銅的[/record]
銅色的[/record]
赤褐的[/record]
可可色的[/record]
咖啡色的[/record]
土褐的[/record]
棕褐的[/end]"
6207,"年輕的[/record]
年輕的[/record]
年輕的[/record]
年輕的[/record]
青春的[/record]
青春的[/record]
嬰兒的[/record]
孩童的[/end]"
6208,"鄉村的[/record]
質樸的[/record]
外省的[/record]
鄉間的[/record]
田園的[/record]
牧歌的[/record]
農耕的[/end]"
6209,"平靜的[/record]
寧靜的[/record]
安詳的[/record]
不受擾的[/record]
恬靜的[/record]
靜止的[/record]
和平的[/record]
平和的[/record]
Sleeping[/record]
Slumbering[/record]
Reposing[/record]
Restful[/record]
Resting[/end]"
6210,"黃的[/record]
黃的[/record]
黃的[/record]
金的[/record]
金的[/record]
金色的[/record]
金色的[/record]
蠟黃的[/record]
Lemon[/record]
Amber[/end]"
6211,"暗的[/record]
暗的[/record]
暗的[/record]
陰暗的[/record]
昏暗的[/record]
烏木色的[/record]
幽暗的[/record]
陰沉的[/record]
Black[/record]
Lurid[/record]
Gloomy[/record]
Murky[/record]
Shady[/record]
Night[/end]"
6212,"藍的[/record]
藍的[/record]
藍的[/record]
藍的[/record]
藍的[/record]
藍的[/record]
靛的[/record]
藍寶石的[/record]
Turquoise[/record]
Azure[/record]
Cerulean[/end]"
6213,"孤獨的[/record]
悲傷的[/record]
寂寞的[/record]
獨居的[/record]
孤單的[/record]
荒涼的[/record]
隱僻的[/record]
遙遠的[/record]
Abandoned[/end]"
6214,"熾熱的[/record]
燃燒的[/record]
白熾的[/record]
灼熱的[/record]
發光的[/record]
燃燒的[/end]"
6215,"文明的[/record]
有教養的[/record]
精緻的[/record]
時髦的[/record]
美好的[/record]
文雅的[/record]
大都會的[/record]
豪俠的[/record]
Cordial[/record]
Gracious[/end]"
6301,"以下者之寓言：[/record]
以下者之故事：[/record]
以下者之寓言：[/record]
以下者之傳說：[/record]
以下者之神話：[/record]
以下者之歷史：[/record]
以下者之傳奇：[/end]"
6302,"肖像：[/record]
肖像：[/record]
肖像：[/record]
習作：[/record]
解剖：[/record]
畫作：[/end]"
6303,"以下者之戰役：[/record]
以下者之戰役：[/record]
以下者之戰役：[/record]
以下者之戰役：[/record]
以下者之戰役：[/record]
以下者之戰爭：[/record]
以下者之搏殺：[/record]
以下者之強襲：[/record]
以下者之進攻：[/record]
以下者之衝鋒：[/record]
以下者之入侵：[/record]
以下者之突襲：[/record]
以下者之入侵：[/record]
以下者之圍困：[/record]
以下者之圍城：[/end]"
6304,"以下者之慶典：[/record]
以下者之舞：[/record]
以下者之節慶：[/record]
以下者之歡宴：[/record]
以下者之作樂：[/record]
以下者之歡騰：[/record]
以下者之儀式：[/record]
以下者之盛會：[/record]
以下者之派對：[/record]
以下者之狂宴：[/end]"
6305,"以下者之風暴：[/record]
以下者之風暴：[/record]
以下者之風暴：[/record]
以下者之風暴：[/record]
以下者之狂飆：[/record]
以下者之爆發：[/record]
以下者之怒火：[/end]"
6306,"以下者之死：[/record]
以下者之死：[/record]
以下者之死：[/record]
以下者之死：[/record]
以下者之死：[/record]
以下者之臨終：[/record]
以下者之遺言：[/record]
以下者之殞落：[/record]
以下者之安息：[/record]
以下者之苦痛：[/record]
以下者之最後一息：[/record]
以下者之自盡：[/end]"
6307,"以下者之夢：[/record]
以下者之夢：[/record]
以下者之夢：[/record]
以下者之夢：[/record]
以下者之預兆：[/record]
以下者之噩夢：[/record]
以下者之異象：[/record]
以下者之冥想：[/record]
以下者之幻想：[/record]
以下者之妄念：[/record]
以下者之預言：[/end]"
6308,"向以下者致敬：[/record]
向以下者致敬：[/record]
向以下者致敬：[/record]
向以下者致敬：[/record]
向以下者致意：[/record]
向以下者問候：[/record]
向以下者崇敬：[/record]
向以下者榮譽：[/record]
向以下者敬重：[/record]
向以下者膜拜：[/record]
向以下者欽慕：[/record]
向以下者獻身：[/end]"
6309,"風景，與[/record]
風景，與[/record]
風景，與[/record]
風景，與[/record]
風景，與[/record]
風景，與[/record]
景色：[/record]
鄉野，與[/record]
遠景：[/record]
景象：[/record]
全景：[/end]"
6310,"靜物，與[/record]
靜物，與[/record]
靜物，與[/record]
靜物，與[/end]"
6401,"之%mn2[/record]
之%mn2[/record]
之%mn2[/record]
之%mn2領主[/record]
之%mn2領主[/record]
之一位紳士[/record]
之國王[/record]
之皇帝[/record]
之術士[/record]
之巫師[/end]"
6402,"之%fn2。[/record]
之%fn2夫人。[/record]
之一位夫人[/record]
之女王[/record]
之女皇[/record]
之女術士[/end]"
6403,"於夏季[/record]
於夏日[/record]
於夏潮[/record]
當夏季[/record]
當夏潮[/record]
於夏[/record]
於夏[/record]
於夏[/record]
於夏[/record]
於夏[/record]
in Second Seed[/record]
in Mid Year[/record]
in Sun's Height[/end]"
6404,"於秋季[/record]
於秋天[/record]
在秋季[/record]
在秋天[/record]
於末種[/record]
於爐火[/record]
於霜降[/record]
在收穫時[/record]
於收穫時節[/record]
在收穫期間[/end]"
6405,"於冬季[/record]
在冬天[/record]
於日暮[/record]
於晚星[/record]
於晨星[/record]
在冬日[/record]
於冬日[/record]
在冬季[/record]
在冬潮[/end]"
6406,"於春季[/record]
在春天[/record]
於春潮[/record]
於春日[/record]
在春季[/record]
於日出[/record]
於首種[/record]
於雨手[/record]
在播種時[/end]"
6407,"於早晨[/record]
在晨間[/record]
在清晨[/record]
於清晨[/record]
在晨潮[/record]
於午前[/record]
在黎明[/record]
在破曉[/record]
在日出時[/end]"
6408,"於午後[/record]
在正午[/record]
在中午[/record]
在日中[/record]
於日中[/record]
在晌午[/end]"
6409,"於傍晚[/record]
在夜間[/record]
在黃昏[/record]
在夜裡[/record]
在入夜[/record]
在晚潮[/record]
在暮光[/record]
在日落[/record]
在夕陽[/end]"
6410,"高岩之作[/record]
布萊頓人之作[/end]"
6411,"落錘省之作[/record]
紅守衛之作[/record]
沙漠之作[/end]"
6412,"與孩童[/record]
與孩童[/record]
與孩童[/record]
與孩童[/record]
與嬰兒[/record]
與幼嬰[/end]"
6600,"恭喜，%pcn。因[/center]
你為更大榮耀所做的一切努力，[/center]
%god，我們已將你晉升為[/center]
%lev。隨此[/center]
頭銜變更，你也可使用我們的[/center]
藥釜，化學師在此為神殿調配藥劑。[/center]
你不必再奔波[/center]
到法師公會才能購買[/center]
所需藥劑。[/center]
[/end]"
6601,"你無疑聽過我們著名的[/center]
圖書館。如今你將能[/center]
使用它們，因為大祭司已[/center]
認定你配得晉升。[/center]
從此你是 %lev，[/center]
圖書館任你探索。[/center]
恭喜，%pcf。[/center]
[/end]"
6602,"你的忠誠與技能並未被[/center]
忽視，%pcf。事實上，我榮幸[/center]
告知你，神殿長老已決定[/center]
授予你新頭銜，即[/center]
%lev。這不只是[/center]
頭銜。隨之而來的是神殿內的[/center]
新特權——使用我們的[/center]
藥劑製作器。若不信，去跟調劑師談。[/center]
恭喜。[/center]
[/end]"
6603,"我們神殿並非沒有秘密，[/center]
其中有些確實非常黑暗。如今你[/center]
已證明足夠可信，[/center]
長老已將你晉升至[/center]
下一階級，%lev。若你[/center]
願意，%lev %pcn，你[/center]
可從事靈魂石的買賣。[/center]
這做法有爭議，[/center]
但附魔師可用靈魂石[/center]
製造獨特魔法物品。我建議[/center]
向靈魂調達者詢問更多[/center]
細節。是否涉入[/center]
當然由你決定。[/center]
無論你如何選擇，我都要[/center]
恭喜你獲此[/center]
新頭銜。[/center]
[/end]"
6604,"你已不再是新生，%pcf。[/center]
議會已投票將你晉升為[/center]
%lev，神殿內極受[/center]
尊榮的職位。因此[/center]
你獲賜一項可怕的特權——[/center]
召喚迪德拉之權。顯然，[/center]
單是神學意涵就該讓人[/center]
停步，但若以你的智慧決定[/center]
召喚湮滅親王，我們會[/center]
協助你。召喚師[/center]
顯然能告訴你更多。[/center]
無論你決定什麼都會是明智的。[/center]
畢竟，你現在是 %lev。[/center]
[/end]"
6605,"恭喜，%pcf。議會[/center]
再次選擇以晉升[/center]
表彰你。你的[/center]
忠誠與才能為你贏得[/center]
不小敬意，也換來[/center]
新頭銜，%lev。從[/center]
這一刻起，若你需要治療傷勢，[/center]
來找我或其他[/center]
神職人員。我們樂意盡力[/center]
免費協助。再次[/center]
恭喜。這是你[/center]
掙來的。[/center]
[/end]"
6606,"啊，恭喜，%pcf，或者[/center]
我該稱你為 %lev？議會[/center]
幾乎一致投票[/center]
在神殿內晉升你，我的朋友。[/center]
最好的消息是，這不是[/center]
空頭敬意。你現在可以[/center]
使用神殿的法術書。[/center]
可向書記購買[/center]
法術，不必大費周章跑到[/center]
法師公會。你[/center]
升得很快，我看得出。[/center]
[/end]"
6607,"日安，%lev。還是你還沒聽說[/center]
議會今天才投票授予你[/center]
神殿內的新階級？而且不是普通[/center]
頭銜，我的朋友，而是讓你[/center]
有權使用神殿法術製作器的階級。[/center]
那裝置極其複雜，[/center]
卻也極其有用。若你[/center]
還沒在比方說法師公會用過，[/center]
真該試試。如今你是[/center]
%lev，可以用了。[/center]
[/end]"
6608,"容我獻上最誠摯[/center]
由衷的恭喜。議會[/center]
以可觀多數決定，[/center]
從此以新頭銜稱呼你：[/center]
%lev。若這還不夠[/center]
盛大，實際面是你[/center]
現在可以翻找神殿囤積的[/center]
秘術、儀器、雜寶[/center]
與幻奇之物——都以非常[/center]
合理的價格出售。去吧，問問魔法[/center]
檔案員……%lev。[/center]
[/end]"
6609,"據我所知，這已十分正式。即刻[/center]
生效，你的階級與最[/center]
重要的特權，依長老[/center]
神職之令，提升為 %lev。這[/center]
實際而言不只是[/center]
更多尊敬，還能接觸神殿[/center]
最寶貴的人物之一：附魔師。[/center]
附魔師能把你最平凡的[/center]
物品變成超凡力量。[/center]
過程比這更複雜些，但[/center]
無論如何，確是榮譽。恭喜[/center]
你這向上的螺旋。[/center]
[/end]"
6610,"啊，極有見地的判斷，我的孩子。[/center]
那麼，你最初的頭銜將是[/center]
%lev，但不必為階級煩惱。[/center]
重要的是你現在可以使用神殿卓越的[/center]
圖書館與訓練師。保持耐心，你會看見[/center]
勞動的果實。學習吧，%lev。[/center]
閱讀，[/center]
學習。[/center]
[/end]"
6611,"看來黑暗兄弟會招募你這樣的人[/center]
確是明智。我們對你的信心[/center]
已增長，理應給予你[/center]
兄弟會內的晉升。[/center]
從今天起，視自己為正式的[/center]
%lev。我們的化學師已[/center]
受命准你購買他們的[/center]
藥劑與毒藥，因此你[/center]
不必再去法師公會。我[/center]
也想告訴你另一座你真該[/center]
認識的墓園，[/center]
%dng。[/center]
就在你的地圖上。再次[/center]
恭喜，%lev。[/center]
[/end]"
6612,"到目前為止，你已證明自己不只是[/center]
普通打手，%pcf。我們[/center]
已決定在黑暗兄弟會內晉升你。[/center]
從今天起你的階級是[/center]
%lev。如今除了[/center]
我們提供的一般訓練，你也可[/center]
使用我們的藥釜。那桶裡出過不少[/center]
非常巧妙的毒藥。最後，讓我告訴你[/center]
另一座你或許會感興趣的[/center]
墓園，[/center]
%dng。[/center]
我會標在你的地圖上。恭喜，[/center]
%lev。到目前為止，壞得很漂亮。[/center]
[/end]"
6613,"我想是時候依你對黑暗兄弟會的[/center]
價值提升階級了。別人也同意，[/center]
因此你現在可披上黑暗兄弟會[/center]
%lev 的顯赫外衣。作為[/center]
%lev，你獲准[/center]
與靈魂調達者交易靈魂石。[/center]
這是讓懲罰更有利潤的[/center]
好方法——受害者的靈魂，在那些想把[/center]
靈體綁進附魔儀式的人當中，能賣到[/center]
不錯的價錢。當然，[/center]
你也可以向調達者[/center]
買靈魂石，而不只是賣。我還[/center]
想讓你看看一座新墓園，在[/center]
%reg，%dng。[/center]
我想你會覺得非常有趣，[/center]
真的，[/center]
%lev。[/center]
[/end]"
6614,"%pcf，你對人命冷酷無視，[/center]
對受金殺人滿不在乎，令人作嘔。[/center]
我們再高興不過。兄弟會已再次選擇[/center]
晉升你。你現在是[/center]
%lev %pcn。這[/center]
不只是頭銜。這意味著你現在可以[/center]
與我們的間諜長交談，此人隨時掌握[/center]
伊利亞克灣地區最新、最[/center]
重要的情勢。[/center]
我自己也能給你一則傳聞。有座[/center]
墓園叫 %dng，[/center]
藏著最美妙的寶藏與[/center]
驚喜。我知道你會愛上它。來，[/center]
我標在地圖上，%pcf。[/center]
或者該說，[/center]
%lev %pcf。[/center]
[/end]"
7200,"想找點樂子？[/record]
親愛的，要人陪嗎？[/record]
有興趣來點下流的快活嗎？[/end]"
7201,"給你免費怎樣？[/record]
看在舊情分上，免費怎樣？[/end]"
7202,"人生高潮，%a 金幣。[/record]
特價，%a 金幣。[/record]
%a 金幣，你覺得呢？[/end]"
7203,"我可不是慈善事業，親愛的。[/record]
沒錢就沒快活，甜心。[/end]"
7204,你無法與那東西交談。[/end]
7205,沒有回應。[/end]
7206,"現在又想怎樣，%pcf？[/record]
最好有要緊事。我很忙。[/record]
好吧，%pcf。你有我一分鐘。[/record]
%oth，是你。什麼事？[/record]
你到底想怎樣，%pcf？[/record]
%oth，真是時候。什麼？[/end]"
7207,"陌生人，我能幫你什麼？[/record]
陌生人，需要什麼？[/record]
嗯？[/record]
你需要什麼？[/record]
你好。[/record]
日安。[/record]
什麼事？[/record]
你想要什麼？[/end]"
7208,"日安，%pcf。[/record]
我能幫你什麼，%pcf？[/record]
啊，我的朋友。今天可好？[/record]
很高興見到你，%pcf。我能幫你什麼？[/record]
哦，你好，%pcf。[/record]
日安，%pcf。[/record]
你好，我的朋友。[/end]"
7209,"熱誠問候你，好 %pcf。[/record]
見到你我心裡暖和，%pcf。[/record]
啊，絕佳同伴。日安，親愛的朋友。[/record]
%oth！很高興見到你，%pcf。[/record]
日安，%pcf。[/record]
見到你真好，%pcf。[/record]
很高興見到你，%pcf。[/record]
啊，%pcf，你好。總是愉快。[/end]"
7210,這則評語已抄進筆記本。[/end]
7211,"工作機會[/record]
還算正當的差事[/record]
賺錢的機會[/record]
有利可圖的生意[/record]
有報酬的工作[/record]
就業[/record]
一點勞苦差事[/end]"
7212,"%1com。若可以，我想聽聽 %key。[/record]
%1com。若能告知 %key 的消息，我會感激。[/record]
%1com。任何關於 %key 的資訊我都感謝。[/record]
%1com。希望你對 %key 有所了解。[/record]
%1com。請就 %key 指點我。[/record]
%1com。請告知 %key 的情勢。[/record]
%1com。想來你對 %key 有所了解。[/end]"
7213,"%1com。關於 %key，你能告訴我什麼？[/record]
%1com。我在尋找關於 %key 的資訊。[/record]
%1com。你對 %key 知道些什麼？[/record]
%1com。我需要知道 %key。[/record]
%1com。你對 %key 有了解嗎？[/record]
%1com。%key 對你意味著什麼？[/record]
%1com。跟我談談 %key。[/record]
%1com。你一定對 %key 有所了解。[/end]"
7214,"%1com。關於 %key 有什麼最新消息？[/record]
%1com。有 %key 的新聞嗎？[/record]
%1com。%key 是怎麼回事？[/record]
%1com。我想打聽 %key 的內幕。[/record]
%1com。知道 %key 嗎？[/record]
%1com。有 %key 的熱門消息嗎？[/record]
%1com。%key。那才是我真正想知道的。[/record]
%1com。跟我說說 %key。[/record]
%1com。給我點 %key 的內情。[/record]
%1com。聽過 %key 嗎？[/record]
%1com。這附近的 %key？[/end]"
7215,"向你致敬[/record]
願你有美好的一天[/record]
致敬，%n[/record]
致敬，好 %n[/record]
問候，%n[/end]"
7216,"日安，%n[/record]
問候，好 %n[/record]
向你問候[/record]
你好嗎，%n[/record]
近來可好，%n[/record]
你好[/end]"
7217,"嗨[/record]
嘿[/record]
喂，%n[/record]
聽著[/end]"
7218,"確實[/record]
的確[/record]
啊，明白了[/record]
好[/record]
有意思[/record]
說得好[/record]
說得真漂亮[/end]"
7219,"嗯[/record]
明白[/record]
真的[/record]
啊[/record]
唔[/end]"
7220,"是啊，隨便[/record]
好吧[/record]
聽著[/record]
行[/record]
所以……[/end]"
7221,"朋友[/record]
陌生人[/end]"
7222,"陌生人[/record]
夥伴[/end]"
7223,"老兄[/record]
兄弟[/record]
夥伴[/end]"
7224,以及 %key2[/end]
7225,"%1com。能告訴我哪裡能找到 %key 嗎？[/record]
%1com。希望你能指點我去 %key。[/record]
%1com。或許你能指引我前往 %key？[/record]
%1com。若能指路到 %key，我會感謝。[/record]
%1com。你熟悉 %key 的下落嗎？[/end]"
7226,"%1com。我在哪裡能找到 %key？[/record]
%1com。我正設法前往 %key。[/record]
%1com。你知道 %key 在哪嗎？[/record]
%1com。我需要找到 %key。[/record]
%1com。去 %key 最好的路是哪條？[/end]"
7227,"%1com。指給我 %key 的方向。[/record]
%1com。怎麼去 %key？[/record]
%1com。%key 到底在哪？[/record]
%1com。我得去 %key。[/record]
%1com。%key 在哪？[/end]"
7228,"%1com。或許你已經知道 %key？[/record]
%1com。你可知道 %key？[/record]
%1com。我只是想告訴你 %key。[/record]
%1com。你或許會有興趣知道 %key。[/end]"
7229,"%1com。你可知道 %key？[/record]
%1com。有人告訴過你 %key 嗎？[/record]
%1com。你該知道 %key。[/record]
%1com。你可知道這件事：%key？[/end]"
7230,"%1com。你知不知道 %key？[/record]
%1com。聽著，%key。[/record]
%1com。我知道 %key。[/record]
%1com。讓我告訴你——%key。[/end]"
7231,"%1com。請透露一點消息，好嗎？[/record]
%1com。若願意，跟我聊點閒話。[/record]
%1com。你最近沒聽到什麼有趣的事嗎？[/record]
%1com。上流圈子最近都在談什麼？[/record]
%1com。能否請你讓我跟上外界的消息？[/end]"
7232,"%1com。你最近聽到什麼有趣的事嗎？[/record]
%1com。人們現在都在談什麼？[/record]
%1com。有什麼有趣的傳聞嗎？[/record]
%1com。最近發生了什麼？[/end]"
7233,"%1com。有什麼新鮮事？[/record]
%1com。鎮上在傳什麼？[/record]
%1com。風聲如何？[/record]
%1com。然後呢？[/record]
%1com。繼續說。[/end]"
7234,"想跟我做愛嗎？[/record]
告訴我你像我要你一樣要我。[/record]
想胡鬧一下嗎？[/record]
你要的話，我就是你的。[/record]
想溜去做愛嗎？[/record]
我不想說話。我們做愛吧。[/record]
來吧，甜心。做吧。[/record]
若我說我想要你，會冒犯你嗎？[/record]
別再談了。我要你。[/record]
我想把你的身體緊緊擁住。[/record]
你不想做點比說話更進一步的事嗎？[/record]
吻我，%pcf，我是你的。[/record]
把我擁到天亮。[/record]
來做點我們會羞愧的事。[/record]
別再說了，吻我。[/end]"
7235,"%oth！問了也不怪我。[/record]
哦。真尷尬。當我沒問。[/record]
抱歉。我以為你也有感覺。[/record]
好吧，或許以後。[/record]
唉，我總能做夢。[/record]
%oth，只談正事，沒樂趣。[/end]"
7250,"你在浪費時間，%pcf。我對 %key 一無所知。[/record]
我對 %key 什麼都不知道。就算知道也不會告訴你。[/record]
就算我知道，你覺得我會告訴一個 %ra 嗎？[/record]
去問別人，%pcf。關於 %key 我幫不了你。[/record]
你是 %pcn。憑什麼覺得我知道或會告訴你任何關於 %key 的事？[/record]
我真的不知道你在泰姆瑞爾說什麼。[/record]
你顯然把我當成會在乎的人了。[/record]
那你要我怎麼辦？[/record]
那對我毫無意義。[/record]
我大概能幫你。但我不打算幫。[/record]
%oth，別浪費我時間。我什麼都不說。滾。[/end]"
7251,"%key？就算我知道點什麼，也不會告訴一個 %ra。[/record]
我對 %key 什麼都不知道，也不再多說。[/record]
你是 %pcn。就算我知道 %key，也不會告訴你。[/record]
去找朋友或知情的人。我兩樣都不是。[/record]
我憑什麼要幫你？[/record]
恐怕那對我毫無意義，%pcf。[/record]
我不懂。那該對我有意義嗎？[/record]
老實說，我一點也不在乎。抱歉。[/record]
去問別人。沒看見我在忙嗎？[/record]
抱歉，我不知道，而且我得走了。[/record]
我也剛到 %cn。請原諒。[/record]
我得走了。[/record]
去問別人，%pcf。我自己也趕時間。[/record]
%oth，我哪知道。去問別人。[/record]
我可不想當你的跑腿，%pcf。快走吧。[/record]
這談話越來越無聊。離開我，%pcf。[/record]
失陪，%pcf。我還有日子要過。[/record]
去問在乎的人。[/record]
我既不知道，也不怎麼在乎。[/record]
恐怕我毫無頭緒。那麼，失陪……[/end]"
7252,"你就是那個可惡的 %pcn。我對 %key 一無所知。滾。[/record]
或許你以為我精通 %key。真好笑！[/record]
%key？你的問題預設我對你有情誼，但我沒有。[/record]
這些問題在耗我時間，就算我知道 %key。請就近離開。[/record]
若 %ra 識字，你可以自己找答案。我可沒時間去查。[/record]
那絕不關你的事。離開我，%pcf。[/record]
我憑什麼告訴你？去煩別人，%pcf。[/end]"
7253,"真滑稽。我只幫有頭銜有地產的重要人物。走開。[/record]
我是 %t %rn 的私交，不跟你這種人鬼混。還 %key 呢。[/record]
我怎麼會知道？嘿！你就是那個可憎的 %pcn。我幹嘛跟你說話？[/record]
我一點也不在乎 %key。把你的賤民腳步帶離我高貴的人。[/record]
%key？提醒你，我是貴族，你是 %ra 渣滓。走開。[/end]"
7304,"從沒聽過 %key，小鬼。趁我還沒把刀插你背上就滾。[/record]
我殺過一個 %ra，就因為問了關於 %key 的蠢問題。[/record]
我不知道。但我知道你再在我身邊發臭，我就把劍捅進你肚子。[/record]
你是 %pcn。我該給你再劃一張嘴。但我人很好，只告訴你我不知道。[/record]
你名聲很壞，%pcn。我對 %key 一無所知，但你再靠近，我就揍你。[/end]"
7255,"你想知道是嗎？[/record]
%key？那可不是稀罕情報。去問別人 %key。[/record]
你不知道 %key 在哪？哈哈哈！活該，%pcn，看你做過的事。[/record]
要是我更喜歡 %ra，或許會告訴你。[/record]
人人都知道 %key 在哪。所以你不知道才更好玩。[/record]
不，我不想再跟你說話了，%pcf。滾。[/record]
我知道什麼？我知道我不想再跟你說話，怎樣？[/end]"
7256,"你是 %pcn。我不想告訴你哪裡能找到 %key。[/record]
恕我直言，這問題蠢到我不該回答。[/record]
我想再多晃晃會讓你的禮貌大有長進。[/record]
我當然知道 %key 在哪。但不想告訴你這種人。[/record]
該死的 %ra。老是求我們普通人幫忙。你最近為我做過什麼？[/record]
泰姆瑞爾上我憑什麼要你知道，%pcf？[/record]
我到底為什麼要給你指路，%pcf？[/record]
聽著，我沒時間。你何不滾遠點，%pcf？[/record]
不知道，不在乎，也不想再跟你說話。再見。[/record]
何不像正常人那樣問我？[/record]
聽著，我不會給那樣跟我說話的人指路。[/end]"
7257,"你們 %ra 毫不尊重智識。我選擇不透露 %key 的位置。[/record]
你不是 %pcn 嗎？我有比給你指路到 %key 更要緊的事。[/record]
我知道 %key。若你沒那麼無禮，或許會告訴你。[/record]
我是學者。沒時間回答關於 %key 的無聊問題。[/record]
像我這樣的學者有這種知識。可惜你的態度冒犯了我。[/record]
夠了。我已經夠有禮貌。走開，別煩我。[/record]
我不管你去哪。去湮滅也行。只要走開。[/end]"
7258,"去問平民。回答顯而易見的問題是浪費我寶貴時間。[/record]
誰准你跟我說話？我知道哪裡能找到 %key，但現在不想告訴你。[/record]
我聽過你，%pcn。你該更懂分寸。貴族不是路標。[/record]
你逾越身分了，%ra。我該叫人鞭你，但我讓你逃。[/record]
真有趣。這個……%ra 賤民在找 %key。我才不會屈尊回答。[/end]"
7259,"上一個問怎麼去 %key 的傢伙已經死了。[/record]
想肚子挨一刀嗎？我想也是。[/record]
你在找 %key？浪費我時間，我該踹你一頓。[/record]
你就是那個差勁的 %pcn。離 %key 遠點。否則我割你喉嚨。[/record]
我恨 %ra 渣滓。滾。否則我用你的血裝滿杯子。[/end]"
7260,"我聽過你，%pcn。我不會告訴你任何關於 %key 的事。[/record]
%key？我知道很多。但不會告訴你這種人。[/record]
%ra 狗東西。我絕不會幫你打聽 %key。[/record]
我知道 %key 不關你的該死事。[/record]
老實說，我不信任你，%pcn。[/record]
你想知道是嗎？[/record]
你方向對了，%pcf。現在去找信任你的人談。[/record]
聽著，就算我想，也不能跟你談這個。[/record]
你以為你是誰，那樣跟我說話？[/record]
聽著，我不喜歡你的口氣。[/record]
我不確定該不該跟相對陌生的人談 %key。[/record]
我當然知道 %key。但不會跟隨便什麼人談。[/end]"
7261,"我什麼都不會告訴你關於 %key。[/record]
%key？我另有去處。[/record]
你就是那個邪惡的 %pcn！告訴你就像告訴克拉維庫斯·維爾本人。[/record]
%key？%key！我誰都不跟談 %key。[/record]
我憑什麼告訴某個 %ra 關於 %key？你想知道是嗎？[/record]
哦，或許我知道……一點。但我不該談。[/record]
無意冒犯，但我憑什麼告訴你任何事？[/record]
不關你的該死事。[/end]"
7262,"%key 的知識是特權，尤其對你而言。[/record]
%key 很難打聽到。我會享受看你不安與無知。[/record]
你從哪聽說 %key 的？我不會再告訴某個外來的 %ra 任何關於 %key 的事。[/record]
我絕不會洩露關於 %key 的資訊。[/record]
%key？對 %pcn？這一定是低俗笑話。聽著，你顯然不忙，但我忙。滾，%pcf。[/record]
這不會有結果，%pcf。我回去過我的日子，你過你的。[/record]
我沒興趣告訴你任何事。快走吧，%pcf。[/record]
你當我是旅客諮詢處嗎？別煩我。[/end]"
7263,"沒人信任你，%pcn。我憑什麼？[/record]
我准你俯伏求饒。還 %key 呢。[/record]
一個 %ra 想知道 %key。真滑稽。我一向認為賤民該被蒙在鼓裡。[/record]
我當然對 %key 瞭若指掌。問題是我不喜歡你。[/record]
貴族不該與賤民來往。離開我。[/record]
我不喜歡你的口氣，%pcf。[/record]
聽著，我不跟那樣跟我說話的人交談。[/record]
以為我會給你任何資訊，真放肆。再見。[/record]
聽著，我有日子要過。建議你也去過一個。再見，%pcf。[/end]"
7264,"%key？我給你看刀刃吧！滾。[/record]
再靠近我就割你喉嚨，%pcf。[/record]
你想死嗎？那就繼續打聽 %key。[/record]
一個 %ra。好奇你的血是什麼顏色。過來讓我看看。[/record]
我對 %key 瞭若指掌。但若告訴你，就得殺你。[/record]
或許我知道，或許不知道。但我不想再談了，%pcf。[/record]
我不想跟你討論那個或任何事。再見。[/end]"
7265,"恐怕幫不了你，%pcf。[/record]
抱歉，%pcf。我對 %key 一無所知。[/record]
抱歉，朋友。能幫就幫了。[/record]
恐怕我就是不知道。[/record]
%oth，真希望能幫你，%pcf。[/record]
真的很抱歉，%pcf。真希望我知道那件事。[/record]
請原諒我的無知，%pcf。我對那幾乎一無所知。[/record]
老實說，我對那一無所知，%pcf。非常抱歉。[/record]
什麼？%key？完全沒概念。[/record]
你該問別人。我毫無頭緒。[/end]"
7266,"真希望我知道，%pcf。哪都有可能。[/record]
那名字我好像聽過，但完全不知道在哪。[/record]
抱歉。我毫無頭緒。[/record]
總得在這附近某處吧。[/record]
我聽過你，%pcn。能幫就幫了。[/record]
真希望能幫你，%pcf，但對那一無所知。[/record]
抱歉，朋友。那我幫不了。[/record]
再問問別人，朋友。總有人知道。[/record]
不，我毫無頭緒。[/record]
沒理由那樣瞧不起我。反正我也幫不了你。[/end]"
7267,"真是難題。我完全困惑。[/record]
你是第一個問的人。可惜我依然無知。[/record]
北？不……南？萬分抱歉。我想不起任何關於 %key 的事。[/record]
我曾經有過一個，但輪子掉了。你能按著我的腳，讓我去喝口空氣嗎？[/record]
再沒有比這更晦澀的題目。看來不會有答案。[/record]
抱歉問一句，你為什麼覺得我會在乎？[/record]
拜託，%pcf，你比誰都清楚我不會在乎那個！[/record]
等等。那聽起來像我會插手的事嗎，%pcf？真的。[/end]"
7268,"你至少掌握了最低限度的禮儀，但我就是不知道。[/record]
真清新。一個有禮貌的 %ra。可惜我對 %key 一無所知。[/record]
啊，%reg 真正的僕人。你可以吻我的戒指，但對 %key 我一無所知。[/record]
%pcn？嗯。我記得有廷臣稱讚你。可惜關於 %key 我幫不了。[/record]
%key？聽起來不熟。[/record]
抱歉，%pcf。那我幫不了。[/record]
你絕對問錯人了，%pcf。[/end]"
7269,"%key？沒聽過。沒印象。若是熱門的事，走公會。[/record]
%key 是麻煩嗎？我認識能處理麻煩的人。[/record]
%key 跟 %fn 有關嗎？沒有？那我幫不了你，%pcf。[/record]
你在街上名聲不錯，%pcn。抱歉我對 %key 一無所知。[/end]"
7270,"當然。%key 在 %hnt。[/record]
那是 %hnt。[/record]
我想告訴你也無妨。是 %hnt。[/record]
你會找到 %key %hnt。[/record]
你該去 %hnt。[/record]
哦，那是 %hnt。[/record]
嗯，是 %hnt。[/record]
你會在 %hnt 找到它。下次客氣點問。[/record]
若關你的事，你會在 %hnt 找到它。[/end]"
7271,"嗯。試試 %hnt。[/record]
我想可以告訴你是 %hnt。[/record]
你得去 %hnt。[/record]
%key 在 %hnt 某處。[/record]
往北……不，東……不，%hnt。[/record]
簡單，%pcf。是 %hnt。[/record]
我上次看是 %hnt。[/record]
當然幫你。只要去 %hnt。[/record]
真的很簡單。你該去 %hnt。[/record]
最好的路是去 %hnt。[/record]
你該做的是去 %hnt。[/record]
你問對人了。就在 %hnt 找。[/record]
簡單。你會在 %hnt 找到它。[/record]
那是 %hnt。[/record]
你會在 %hnt 找到它。[/end]"
7272,"我們的地圖顯示 %key 在 %hnt。[/record]
嗯。我記得有人教過 %key 在 %hnt。[/record]
是 %pcn 嗎？我不介意透露 %key 在 %hnt。[/record]
方向感不好嗎，%pcf？試試 %hnt。[/record]
去 %hnt。[/end]"
7273,"親愛的朋友，試試 %hnt。[/record]
下等人總是容易迷路。去 %hnt。[/record]
讓我想想，宮殿在那邊……%key 在 %hnt。[/record]
我的私人書記向我保證 %key 在 %hnt。[/record]
試試 %hnt。我的車夫就是那樣走。[/end]"
7274,"我知道一條去 %key 的巷弄捷徑。試試 %hnt。[/record]
你這個 %ra 還行。去 %hnt。[/record]
我在 %key 附近偷過金幣。去 %hnt。[/record]
我昨天在那砍過人。是 %hnt。[/record]
%key？想去摸點錢，是嗎？不是？嗯，是 %hnt。[/end]"
7275,"哦嗬！%hnt[/record]
%fn 告訴我這個。%hnt[/record]
你人不錯，%pcf。%hnt[/record]
%hnt[/record]
人人都聽過這個。%hnt2[/record]
%hnt[/record]
我就知道這些。%hnt[/record]
我能幫你。%hnt2[/record]
哦，那簡單。%hnt[/record]
啊，%key。%hnt[/record]
嗯，好像你還不知道似的。%hnt[/record]
若你非知道不可，我就告訴你。%hnt[/record]
我不覺得關你的事。%hnt[/end]"
7276,"他們是這麼說的。%hnt[/record]
這故事不錯。%hnt[/record]
%hnt[/record]
我不想被叫長舌，但是……%hnt[/record]
誰想得到。%hnt[/record]
%hnt 真希望能告訴你更多。[/record]
%hnt 恐怕我就知道這些。[/record]
哦是的。%hnt[/record]
%hnt 但你或許已經知道了。[/record]
什麼？%hnt 我就知道這些。[/record]
嗯，你大概已經知道了。%hnt[/end]"
7277,"典籍寫得很明確。%hnt[/record]
我的占卜很少錯。%hnt[/record]
有些來源不同意，但我確定。%hnt2[/record]
我想這無妨。%hnt2[/record]
問我對你有益。知道的人很少。%hnt2[/record]
%key？%hnt[/record]
%hnt 你肯定已經知道了。[/record]
%hnt2 我想這是我能告訴你的最好內容。[/record]
%hnt 但人人都知道。[/record]
%hnt[/record]
%hnt 你說的是這個嗎？[/end]"
7278,"親愛的 %pcf。%hnt 你不知道嗎？[/record]
宮廷閒話挺有趣。%hnt[/record]
我的間諜告訴我這個。%hnt2[/record]
%hnt[/record]
我的消息來源無可挑剔。%hnt2[/record]
%hnt 或許還有下文。[/record]
%hnt 別人可能知道完整故事。[/end]"
7279,"%hnt 至少街上是這麼傳的。[/record]
%oth。你不知道嗎？%hnt[/record]
這才是實情。%hnt2[/record]
這情報是我從人身上打出來的。%hnt2[/record]
我有門路。%hnt2[/record]
我不是最適合問的人。%hnt 我就知道這些。[/record]
去問別人，%pcf。%hnt。誰都能告訴你。[/end]"
7280,"%pcn！真希望能幫。我真的對 %key 一無所知。[/record]
我願意為你賣掉地底之王的內衣，%pcf，但原諒我。我就是不知道。[/record]
承認這點讓我痛苦，尤其對你，但我毫無頭緒。[/record]
請別見怪，我就是沒有答案。[/record]
看你為我們做過的事，%pcf，我很想告訴你 %key。可惜我不知道。[/end]"
7281,"%hnr，若我知道，一定告訴你。[/record]
你知道可以靠我，%pcf。但說到 %key，我就是不知道。[/record]
我不知道，%hnr。請別因此看輕我。[/record]
我多想知道 %key。抱歉，%hnr。[/record]
%oth。這麼簡單的問題，我卻不知道。求你原諒，%hnr。[/end]"
7282,"我忠實的贊助人，承認對 %key 無知令我悲痛。[/record]
我是資訊的泉源，%pcf。可惜對 %key 毫無資料。[/record]
你知道若能回答我一定會答。%key 對我是謎。[/record]
你是我忠實的同志，但這些典籍裡沒有 %key 的記載。[/record]
儘管你是我深信的盟友，我卻不知道答案。[/end]"
7283,"儘管你對我的忠誠無可指摘，我就是不知道 %key。[/record]
作為我最忠誠的支持者之一，若我知道一定告訴你。[/record]
%key？我毫無頭緒，親愛的 %pcf。[/record]
我聽過一次 %key，但忘了是什麼。[/record]
我完全信任你，所以希望你理解，我就是不知道。[/end]"
7284,"你像兄弟一樣，%pcf。但我不能告訴你我不知道的事。[/record]
%key？從沒聽過 %key。[/record]
嘿，巷子裡我都放心把背交給你，但對 %key 一無所知。你從沒告過我，%pcf。但不知道就是不知道。[/record]
%key 有點耳熟……算了。你知道我幾乎什麼都願告訴你，但我想不起來。[/end]"
7285,"為 %hnr %pcf 做任何事。是 %hnt。[/record]
樂意之至，%hnr。去 %hnt。[/record]
不勝榮幸。試試 %hnt。[/record]
我很想親自帶你去，但這裡需要我。是 %hnt。[/record]
能幫 %hnr %pcf 是我的陽光。去 %hnt。[/record]
等一下。那是 %hnt。[/record]
你該試試在 %hnt 找。[/end]"
7286,"是的，%hnr。樂意之至。去 %hnt。[/record]
為可敬的 %pcn，帶你去 %hnt。[/record]
你一向對我與我的人好，%hnr %pcf。是 %hnt。[/record]
我喜歡幫你忙，%pcf。試試 %hnt。[/record]
榮幸之至，%hnr %pcf。是 %hnt。[/record]
你會找到 %key %hnt。[/record]
是的，我知道那位置。是 %hnt。[/record]
讓我想想……%key 在 %hnt。[/record]
我明白了……%key 在 %hnt。[/end]"
7287,"立刻樂意照辦。是 %hnt。[/record]
為你，當然。去 %hnt。[/record]
最簡單的差事。試試 %hnt。[/record]
樂意之至，%hnr。是 %hnt。[/record]
微不足道的請求。去 %hnt。[/end]"
7288,"以你的忠誠，當然。是 %hnt。[/record]
對忠誠臣民我不能少做。去 %hnt。[/record]
簡單至極。試試 %hnt。[/record]
你一向幫我，現在我能回報。是 %hnt。[/record]
當然。我們不是一直都是朋友嗎？去 %hnt[/record]
。[/end]"
7289,"你不必問第二次。是 %hnt。[/record]
為你？小意思。去 %hnt。[/record]
這不太為人所知，但試試 %hnt。[/record]
既然不說就得割你喉嚨（眨眼輕笑），是 %hnt。[/record]
去 %hnt。小心背後，%pcf。[/end]"
7290,"我信任你。%hnt[/record]
多數人已經知道這個。%hnt[/record]
我其實不該告訴你這個。%hnt2[/record]
%hnt2 我知道你會做對的事，%pcf。[/record]
你是少數我會告訴這個的人。%hnt2[/record]
事實上，我碰巧知道一點。%hnt2[/record]
你問對人了。%hnt2[/end]"
7291,"恕我直言，%hnr %pcf，多數人已經知道這個。%hnt[/record]
總是樂意幫你，%pcf。%hnt[/record]
我表親告訴我一點。%hnt[/record]
我偷聽到一些。%hnt2 有幫助嗎？[/record]
這點消息我留給你，%hnr %pcf。%hnt2[/record]
不確定你已經知道多少。%hnt[/record]
嗯，你大概已經知道了。%hnt[/end]"
7292,"%hnt 眾所周知 %hnt。[/record]
私下說，這是我的研究所示。%hnt2[/record]
信任換信任。%hnt2[/record]
我的占卜揭示許多。%hnt2[/record]
一次私下占卜能看見許多事。%hnt2[/record]
啊是的，不是人人知道這個。%hnt2[/record]
你或許會有興趣知道這個。%hnt[/record]
嗯……%hnt。有幫助嗎？[/record]
想知道更多？%hnt2 我猜是。[/end]"
7293,"你對 %t 的忠誠有了回報。%hnt[/record]
你一向忠誠於我。%hnt[/record]
你運氣好問到我。宮廷閒話有其好處。%hnt2[/record]
我總是樂意幫你，%pcf。%hnt2[/record]
你的忠實服務就足以讓我告訴你。%hnt2[/end]"
7294,"你隨時可以靠我，%pcf。%hnt[/record]
你磨利了我的刃，現在我磨利你的。%hnt2[/record]
為我的酒友，當然。%hnt2[/record]
%hnt2 至少盜賊公會是這麼說的。[/record]
%hnt2 黑暗兄弟會裡傳遍了。[/end]"
7332,"……讓我把 %loc 標在你的地圖上[/record]
……最簡單的是我把 %loc 標在你的地圖上[/record]
……等一下，讓我在地圖上指出 %loc[/record]
……就在這裡。你能在地圖上看到 %loc[/record]
非常近。來，我在地圖上指出 %loc[/record]
近得很。最好我把 %loc 標在你的地圖上[/record]
就在那兒（指向你地圖上的 %loc）[/end]"
7333,"這裡的 %di[/record]
我們站的地方的 %di[/record]
那邊，繼續往 %di[/record]
那邊，%di[/record]
離這裡 %di 一段路[/record]
往 %di 不太遠，若你不介意走路[/record]
這裡的 %di，除非我記錯[/record]
這裡的 %di，我想[/record]
%di，再走一段[/end]"
7700,Start inserting action type 99 here... (do not translate)[/end]
7701,"一名無聊的衛兵說：「只有城堡人員與[/center]
受信任的賓客可通過那些門。」[/center]
[/end]"
7702,"一名無聊的衛兵說：「只有城堡人員與[/center]
受信任的賓客可通過那些門。」[/center]
[/end]"
7703,"一名無聊的衛兵說：「只有城堡人員與[/center]
受信任的賓客可通過那些門。」[/center]
[/end]"
7704,"一名無聊的衛兵說：「只有城堡人員與[/center]
受信任的賓客可通過那些門。」[/center]
[/end]"
7705,"一名無聊的衛兵說：「只有城堡人員與[/center]
受信任的賓客可通過那些門。」[/center]
[/end]"
7717,大廳後方傳來強悍的獸人嗓音，咆哮道：「凡進入者，必須面對武力試煉。」[/end]
7764,"門縫底下滲出詠唱與奇異、異界的聲響。[/left]
硫磺與惡毒藥劑的氣味[/left]
侵襲你的鼻腔。[/left]
[/end]"
7765,"門後壓著不自然的寂靜，[/left]
連小蟲的唧唧都沒有。[/left]
你聽見波普達克斯說：「我們的儲藏室[/left]
只對我信任的人開放。」[/left]
[/end]"
7766,"門把上方一枚小小的紋章[/left]
清楚標明這是王室成員的[/left]
私人寢室。[/left]
[/end]"
7767,"門後迴盪大膽張揚的男聲。[/left]
隱約可聞金屬碰撞，顯然是穿甲的[/left]
男人在走動。[/left]
[/end]"
7768,"金屬相擊的節奏鏗鏘穿過[/left]
門扉。門本身觸手[/left]
微溫。[/left]
[/end]"
7769,"衛兵開口：「小心點，侍從。[/left]
那扇門通往地牢。只有[/left]
獲准的人才能進去。」門後隱約的[/left]
嚎叫與低沉不祥的咆哮[/left]
令你脊背發涼。[/left]
[/end]"
7770,"鍋碗碰撞與新鮮麵包的香氣[/left]
從這扇門飄出來。[/left]
[/end]"
8050,"你，%pcn，被控犯下[/center]
%cri。若你否認有罪[/center]
卻被判有罪，你將面對[/center]
%pen。認罪將[/center]
求得法庭慈悲，你的[/center]
刑罰會輕得多。你如何答辯？[/center]
[/end]"
8052,"你的金幣不夠，%pcn。你將再[/center]
多坐 %pdg 天牢。[/center]
[/end]"
8053,"你願意等待 %dip 天[/center]
直到獲釋嗎？[/center]
[/end]"
8055,"你已被判有罪，並被判處[/center]
監禁 %dip 天。從今天起算。[/center]
[/end]"
8057,"你已被判有罪，並被判處立即[/center]
繳納罰金 %gtp 枚金幣。[/center]
[/end]"
8058,"你已被判有罪，須繳納罰金[/center]
%gtp 枚金幣。此外，你還要[/center]
服刑 %dip 天。到此為止。[/center]
[/end]"
8060,"%pcn，你因對 %cn 人民的罪行[/center]
將被處死。你被判[/center]
封入 %prn，[/center]
面對其中的惡魔，永不獲釋。[/center]
[/end]"
8062,"%pcn，本庭裁定你無罪。[/center]
你可以走了。[/center]
[/end]"
8063,"%pcn，本庭裁定你有罪，[/center]
因你的罪行，你將被放逐出[/center]
%cn，永不返回。[/center]
[/end]"
8064,"你要如何試圖說服[/center]
法庭相信你的清白？[/center]
[/end]"
8075,"我想不出有什麼工作適合你這種 %ra。[/record]
泰姆瑞爾上我憑什麼給你這種 %ra 工作？[/record]
或許你該去學門手藝，比如補鞋。[/record]
工作？你該找點別的事做。[/record]
啊，飲酒階層的詛咒。我幫不了你。[/record]
失業了？恐怕還會失業一陣子。[/record]
我沒聽說有任何工作，沒有。[/record]
一個真想工作的 %ra！驚人。[/record]
或許你該去別的社區問問。[/record]
恐怕我不知道有任何工作。[/record]
你或許可以去問……實際上沒人浮上來。[/end]"
8076,"%pqn 或許有工作。你能找到 %g2，在 %pqp。[/record]
去問 %pqn——%g 通常在 %pqp 有差事。[/record]
我不知道酬勞多少，但 %pqn 在 %pqp 有事要做。[/record]
%pqn 託我找像你這樣的人。去找 %g2，在 %pqp。[/record]
你很適合 %pqn 需要完成的工作。你會找到 %g2，在 %pqp。[/record]
你該去 %pqp。找一個叫 %pqn 的人。[/end]"
8077,"你會是 %pqn 的救星。你能找到 %g2，在 %pqp。[/record]
去 %pqp 找 %pqn。你很適合 %g3 那種工作。[/record]
這話不是我說的，但去找一個叫 %pqn 的人，在 %pqp。[/record]
%pqn 或許有事給你做，在 %pqp。[/record]
事實上，%pqn 託我把失業傭兵指到 %pqp。[/record]
你或許該去問 %pqn，在 %pqp。[/record]
你是說任務？我會去問 %pqn——%g 通常在 %pqp。[/record]
你該這樣做。去一個叫 %pqp 的地方，跟一個叫 %pqn 的人談。[/end]"
8078,"完全沒有工作可做。[/record]
恐怕這些日子人人都在找工作。[/record]
恐怕現在不是失業的好時候。[/end]"
8100,"%n 巢穴[/record]
%n 之廳[/record]
%n 的收容所[/record]
%n 之洞[/record]
%n 的洞穴[/record]
%n 之坑[/record]
%n 的出沒處[/record]
%n 之淵[/record]
%n 的深坑[/record]
%n 的監獄[/record]
%n 之獄[/record]
%n 之籠[/record]
%n 之地城[/record]
%n 的地城[/record]
%n 的據點[/record]
%n 之寨[/record]
%n 之礦[/record]
%n 的洞窟[/record]
%n 之窟[/end]"
8200,"%vn 的金庫[/record]
%vn 的墓穴[/record]
%vn 之墓[/record]
%vn 的陵墓[/record]
%vn 之墳[/record]
%vn 的陵寢[/record]
%vn 的石棺堂[/record]
%vn 的墳塚[/record]
%vn 之塚[/record]
%vn 的石堆墓[/record]
%vn 的梯形墓[/end]"
8201,%on[/end]
8202,"%mn 的要塞[/record]
城堡 %mn[/record]
城堡 %mn[/record]
%mn 的堡壘[/record]
%mn 的據點[/record]
%mn 之寨[/record]
%mn 的城堡[/record]
塔樓 %mn[/record]
%mn 塔[/record]
%mn 之塔[/record]
%mn 的守衛[/record]
%mn 廳[/end]"
8203,"%mn 之地城[/record]
%mn 的監獄[/record]
%mn 監獄[/record]
%mn 的牢房[/record]
%mn 的牢房[/record]
%mn 的感化院[/record]
%mn 感化所[/record]
%mn 矯正所[/record]
%mn 收容所[/record]
%mn 的收容所[/end]"
8204,"%dn 神殿[/record]
%dn 大教堂[/record]
%dn 修道院[/record]
%dn 的修道院[/record]
%dn 座堂[/record]
%dn 的大修院[/record]
%dn 宅邸[/record]
%dn 牧師宅[/record]
%dn 的女修院[/record]
%dn 迴廊[/record]
%dn 的修士院[/record]
%dn 的神龕[/record]
%dn 神龕[/record]
%dn 隱修處[/record]
%dn 的隱修處[/end]"
8205,"%mn 之礦[/record]
%mn 礦坑[/record]
%mn 礦脈[/record]
%mn 礦井[/record]
%mn 採石場[/record]
%mn 的採石場[/record]
%mn 開採場[/record]
%mn 隧道[/record]
%mn 挖掘場[/end]"
8206,"%dn 洞窟[/record]
%dn 洞穴[/record]
%dn 之洞[/record]
%dn 之窟[/record]
%dn 的岩穴[/record]
%dn 岩穴[/record]
%dn 的巢穴[/record]
%dn 之坑[/record]
%dn 深坑[/record]
%dn 窪地[/record]
%dn 之淵[/record]
%dn 的巢窟[/end]"
8207,"%fn 女巫集會[/record]
%fn 的集會[/record]
%fn 的教派[/record]
%fn 祭儀[/record]
%fn 的秘社[/record]
%fn 秘社[/record]
%fn 傳統[/record]
%fn 的暗影堂[/end]"
8208,"%vn 的出沒處[/record]
%vn 之家[/record]
城堡 %vn[/record]
%vn 廳[/record]
%vn 的出沒處[/record]
%vn 之家[/record]
城堡 %vn[/record]
%vn 廳[/record]
%vn 的出沒處[/record]
%vn 之家[/record]
城堡 %vn[/record]
%vn 廳[/record]
%vn 廄舍[/end]"
8209,"%mn 實驗室[/record]
%mn 實驗室[/record]
%mn 實驗室[/record]
%mn 的實驗室[/record]
%mn 學院[/record]
%mn 學校[/end]"
8210,"%on 的巢[/record]
%on 的巢[/record]
%on 高巢[/record]
%on 高巢[/record]
%on 鳥舍[/record]
%on 巢[/record]
%on 籠舍[/record]
%on 的棲處[/record]
%on 的禽舍[/record]
%on 的棲處[/record]
%on 的禽舍[/record]
%on 禽舍[/record]
%on 禽舍[/end]"
8211,"城堡 %ln[/record]
%ln 的城堡[/record]
%ln 的堡壘[/record]
%ln 的據點[/record]
%ln 之寨[/record]
%ln 的城堡[/record]
塔樓 %ln[/record]
%ln 之塔[/record]
%ln 的守衛[/record]
%ln 廳[/record]
%ln 之家[/record]
%ln 遺跡[/record]
%ln 殘址[/end]"
8212,"%on 的巢[/record]
%on 之巢[/record]
%on 巢[/record]
%on 之網[/record]
%on 的蛛網[/record]
%on 之網[/record]
%on 的蛛網[/record]
%on 蛛網[/record]
%on 蛛網[/record]
%on 的巢穴[/record]
%on 巢穴[/end]"
8213,%on[/end]
8214,"%dn 的巢窟[/record]
%mn 的巢穴[/record]
%mn 的巢窟[/record]
%mn 的廳室[/end]"
8215,"%fn 的聚會[/record]
%fn 的集會[/record]
%fn 集會[/record]
%fn 的召會[/record]
%fn 議會[/record]
%fn 的祕會[/record]
%fn 的聚合[/record]
%fn 的社群[/record]
%fn 的圈子[/record]
%fn 圈子[/end]"
8350,"今天 %cn 的人民正在舉[/center]
行新生命節，慶祝新的一年。[/center]
皇帝在新生命演說中又下[/center]
令增稅，為此怨聲四起。[/center]
儘管財政困難，[/center]
新生命傳統——免費麥酒在[/center]
%ct 所有酒館——依然持續。[/center]
%cn 的人民確實懂[/center]
得如何辦一場慶典……[/center]
[/end]"
8351,"清掃日是多數高岩村莊在[/center]
新生命翌日舉行的慶典。[/center]
它曾是新生命後的打掃日，[/center]
如今已自成一場派對。[/center]
[/end]"
8352,"奧萬卡是阿利克爾沙漠[/center]
人民向斯丹達爾祈禱，[/center]
盼望溫和慈悲一年的日子。被視為極其神聖。[/center]
[/end]"
8353,"晨星月十五日是一個在%cn 被極嚴[/center]
肅對待的節日，他們稱之為南風祈禱，[/center]
是泰姆瑞爾所有宗教為[/center]
好播種季發出的懇求。[/center]
身患泰姆瑞爾各種病痛的市[/center]
民湧向%ct 神殿的禮拜，[/center]
因為神職人員這天以免費治療聞名。[/center]
只有少數人會被判定配得此服務，[/center]
但很少人負擔得起神殿平常的價錢……[/center]
[/end]"
8354,"燈火日被伊利亞克灣落錘[/center]
省多數村莊當作聖日慶祝。[/center]
這是為農漁豐年的祈禱，[/center]
人們極為認真。[/center]
[/end]"
8355,"約爾斯墓原的人民發明了甦醒日，[/center]
在史前為漫長寒冬後喚醒自然之靈。[/center]
它已演變成某種慶[/center]
祝冬去的放縱慶典。[/center]
[/end]"
8356,"瘋佩拉吉烏斯是高岩一個滑稽小傳統，[/center]
嘲諷紀念佩拉吉烏斯·塞普汀二世，[/center]
近代最瘋的皇帝之一。[/center]
他約在三百五十年前去世，[/center]
此後的塞普汀家族都以好脾氣看待。[/center]
[/end]"
8357,"德溫南人民大辦派對慶祝奧斯洛克潮，[/center]
那是奧斯洛克男爵從白鬼沼之戰中占領[/center]
該地的不死大軍手中[/center]
奪回德溫南的日子。[/center]
[/end]"
8358,"格倫努布拉沼地的人民或許是[/center]
唯一還記得或在乎艾登·迪倫[/center]
尼與阿萊西亞軍在第一紀之戰的人。[/center]
他們在解放日熱烈慶祝。[/center]
[/end]"
8359,"今天是日出月十六日，[/center]
全泰姆瑞爾慶祝的心之日。[/center]
似乎家家戶戶都在為年[/center]
輕一代歌唱戀人之傳奇。[/center]
為紀念這對戀人波利多爾與埃洛伊莎，[/center]
%ct 的旅店為訪客提供免費客房。[/center]
據說若當初有人如此善待那對戀人，[/center]
世上就會永遠是春天。[/center]
[/end]"
8360,"堅忍日在伊卡隆是場大派對。[/center]
它原是為紀念抵抗卡莫蘭篡位者戰死之[/center]
人的肅穆紀念日，[/center]
後來變成喧鬧的節慶。[/center]
[/end]"
8361,"班薩的村莊在阿杜羅斯瑙慶[/center]
祝春潮帶來的更原始衝動。[/center]
傳統村村不同，[/center]
但沒有一項適合過於貞潔的人。[/center]
[/end]"
8362,"每年首種月七日，[/center]
%cn 的人民慶祝初種，[/center]
象徵性地播下秋穫的種子。[/center]
這是嶄新開始的節日，[/center]
無論對作物還是對%ct 的男女。[/center]
鄰里化解爭端，立下決心，[/center]
改掉惡習，疾病得癒。[/center]
神殿神職整天開設免費診療，[/center]
治療中毒、各種疾病、麻痺，[/center]
以及泰姆瑞爾世上其他禍患。[/center]
[/end]"
8363,"等待日是龍尾山脈某些[/center]
聚落非常古老的聖日。[/center]
每年那時，[/center]
據說一條龍會從沙漠出來吞噬惡人，[/center]
於是人人把自己鎖在屋裡。[/center]
[/end]"
8364,"花日是高岩又一場輕浮慶典。[/center]
孩子們採摘春天的新花，[/center]
而被關了一整個冬天的年長布[/center]
萊頓人則出來以歌舞迎接季節。[/center]
[/end]"
8365,"在刀刃節期間，[/center]
阿利克爾沙漠的人民慶祝首位[/center]
紅守衛戰勝巨人哥布林一族。[/center]
多數學者視此為神話，[/center]
但這節日在沙漠依然非常受歡迎。[/center]
[/end]"
8366,"園藝潮這天，[/center]
塔馬里林角的人民舉行節[/center]
日紀念舊日花神德魯阿加。[/center]
對女神的崇拜幾乎已死，但慶典總是極為成功。[/center]
[/end]"
8367,"亡者之日是匕首雨較[/center]
為奇特的節日之一。[/center]
迷信的人說死者會在這[/center]
天升起，向活人復仇。[/center]
事實是萊桑達斯國王的幽靈正是在第[/center]
三紀元404年的亡者之日開始作祟。[/center]
[/end]"
8368,"沿著落錘省海邊，[/center]
恥辱之日無人離開屋子。[/center]
據說數百年前滿載被拒絕收容的克納哈[/center]
滕瘟疫患者的猩紅之船，[/center]
會在這天歸來。[/center]
[/end]"
8369,"當心，今天是[/center]
%ct 的[/center]
%cn 愚人日，[/center]
惡作劇從鎮這頭設到那頭。[/center]
彷彿有法術籠罩全城，[/center]
連最沉默莊重的議員都可[/center]
能對他的 %t 惡作劇。[/center]
盜賊公會特別受關注，[/center]
因為人人都在找扒手。[/center]
[/end]"
8370,"次種的慶祝這天正值全盛。[/center]
這節日傳統類似初種，[/center]
象徵性地改進第一次播種，[/center]
也暗示改進靈魂。[/center]
神殿免費診療今年第二[/center]
次也是最後一次開放，[/center]
為任何疾病或病痛患者提供治療。[/center]
因為此時強調和平而非衝突，[/center]
戰鬥傷勢只以全價治療。[/center]
[/end]"
8371,"馬魯克之日只有斯凱[/center]
芬頓林某些社群遵守。[/center]
藉由把自己比作美德先知馬魯克，[/center]
斯凱芬頓林的人民祈求抵抗誘惑的力量。[/center]
[/end]"
8372,"北沼的火節是高岩參[/center]
與最踴躍的慶典之一。[/center]
它始於遠古炫耀魔法與軍力的浮誇展示，[/center]
如今已成相當熱鬧的節日。[/center]
[/end]"
8373,"釣魚日是靠伊利亞克灣物產[/center]
為生的布萊頓人的大慶典。[/center]
他們通常並不張揚，[/center]
但在釣魚日喧鬧到[/center]
魚群會被嚇跑數週。[/center]
[/end]"
8374,"德里格·爾津布節在阿比邦[/center]
－戈拉一年最熱之時舉行，[/center]
是為太陽戴貝特本身而辦的歡慶。[/center]
學者不知這節日已有多久，[/center]
但紅守衛可能在第一紀[/center]
元到來時就把它帶來了。[/center]
[/end]"
8375,"今天是年中月十六日，[/center]
傳統的年中慶典。[/center]
或許為了緩解皇帝每年最新增稅的消息，[/center]
%ct 神殿只收取平常[/center]
建議捐獻的一半來賜福。[/center]
許多受福之人自信到尚未準備[/center]
充分就進入 %lp 地城，[/center]
因此這歡樂節日常常突[/center]
然變成挫敗與悲劇之日。[/center]
[/end]"
8376,"舞蹈日是匕首雨由來已久的節日。[/center]
始創者成疑，[/center]
但紅王子阿特里克在第二紀元將它發揚。[/center]
這是從貴族到平民全體匕首[/center]
雨人民極盡鋪張歡樂的場合。[/center]
[/end]"
8377,"提貝德薩在中泰姆瑞爾語意為「泰伯之日」。[/center]
阿爾凱爾領主領以盛大派對慶祝[/center]
其最著名的鄉人並不令人意外。[/center]
歷史上，[/center]
泰伯·塞普汀從未再回到他摯愛的出生地。[/center]
[/end]"
8378,"已知世界的撿便宜者今[/center]
天傾巢而出，不足為奇，[/center]
因為日高月十日是商人節。[/center]
每個市集與裝備店都[/center]
把價格至少降到一半。[/center]
今天唯一沒人光顧的店是[/center]
法師公會，價錢照舊昂貴。[/center]
多數需要魔法物品的[/center]
市民會再等兩個月，[/center]
到故事與脂燭慶典價錢才會合理……[/center]
[/end]"
8379,"在迪瓦特·埃特普特期間，[/center]
安提菲洛斯的人民哀悼早期最偉大的紅守衛英雄[/center]
之一迪瓦特之死，[/center]
他是赫爾安塞的弗蘭達爾之子。[/center]
史家質疑他的事蹟，[/center]
但他在安提菲洛斯的陵墓幾乎可以確定是真的。[/center]
[/end]"
8380,"若你打算購買任何裝備，[/center]
得等到明天，[/center]
因為所有商店為遵守日憩而關閉。[/center]
當然，%ct 的神殿、[/center]
酒館與法師公會仍按常規時間開放，[/center]
但多數市民選擇把這天獻給休息，[/center]
而非商業或祈禱。[/center]
這安排並非人人方便，[/center]
但商人公會對繼續營業的店[/center]
課以重罰，於是人人遵守。[/center]
[/end]"
8381,"除了阿利克爾沙漠的土著，[/center]
很少人會在一年最熱之[/center]
日——熾夜——外出。[/center]
這是一場意義失落於遠古的熱鬧慶典。[/center]
[/end]"
8382,"在少女卡特里卡之日，[/center]
阿亞索菲亞的人民[/center]
以一年最大的派對，[/center]
向拯救他們郡的戰士表達感謝。[/center]
[/end]"
8383,"庫穆·阿萊澤里在古紅守衛[/center]
語中只是「我們承認」之意，[/center]
這在哨兵城已是數千年傳統。[/center]
無論收成如何，[/center]
哨兵城人民都肅穆感謝眾神的恩賜，[/center]
並祈求配得眾神的恩典。[/center]
[/record]
"
8384,"班薩雨林的虎宴與其他[/center]
讚美豐收的節日相似。[/center]
然而它不是內省[/center]
感恩的肅穆場合，[/center]
而是村村相連的盛大慶典。[/center]
[/end]"
8385,"安提克萊爾的感恩日是當地[/center]
人民為豐收感恩的古老節日。[/center]
被視為神聖而沉思之日，[/center]
獻給安提克萊爾[/center]
的守護女神瑪拉。[/center]
[/end]"
8386,"或許沒有別的節[/center]
日比今天舉行的收[/center]
穫終更能點燃 %cn 的精神。[/center]
一年的播種、耕作與收割已結束。[/center]
現在是慶祝並享受[/center]
收穫果實的時候，[/center]
連 %reg 的訪[/center]
客也被邀請加入農人。[/center]
酒館整天提供免費飲料，[/center]
這是寒冬經濟到來前的揮霍。[/center]
吃撐後在廣場嘔吐的瘦弱農工，[/center]
是收穫終最常見的景象。[/center]
[/end]"
8387,"沒有別的節日像爐火月三日[/center]
這樣分裂 %cn 的人民。[/center]
少數最年長、更迷信的男女整天不說話，[/center]
生怕死者的邪靈進入身體。[/center]
多數市民享受這節日，[/center]
稱之為故事與脂燭，[/center]
但連最輕快的人也避開[/center]
%cn 的黑暗街道，[/center]
因為人人知道死者今夜行走。[/center]
只有法師公會這天完全興旺。[/center]
為慶祝最古老的魔法科學——死靈術，[/center]
所有魔法物品今日半價。[/center]
[/end]"
8388,"沃斯加里安山脈每個城[/center]
鎮與團體都慶祝庫拉特，[/center]
那是最優秀的年輕學者[/center]
被各種神職接納之日。[/center]
即使沒有適齡孩子的人也[/center]
去祈求神職的智慧與仁善。[/center]
[/end]"
8389,"瑞格拉梅薩每年爐火月[/center]
十二日在萊恩林慶祝，[/center]
紀念萊恩林的諸多祝福。[/center]
有以格萊瓦伊為題[/center]
的巡遊：萊恩林的迪[/center]
德拉崇拜者因褻瀆而被變成鷹身女妖。[/center]
[/end]"
8390,"貝托尼的兒童日是場[/center]
有陰暗歷史的歡慶。[/center]
人人皆知卻少有人願回想：兒童日[/center]
始於紀念某夜被吸[/center]
血鬼從家中擄走、[/center]
再也沒被看見的數十名貝托尼兒童。[/center]
那是一百多年前的事，[/center]
這節日此後已變成青春的慶典。[/center]
[/end]"
8391,"霜降月五日標誌阿利克爾沙[/center]
漠人民的迪里吉·特雷爾。[/center]
這是紀念弗蘭達爾·亨德的聖日，[/center]
他是在第一紀元帶領紅守衛[/center]
前往落錘省的傳統精神領袖。[/center]
人們誦讀亨德的《圓環之書》，[/center]
該地區神殿座無虛席。[/center]
[/end]"
8392,"今天是霜降月十三日，[/center]
全泰姆瑞爾稱為女巫節，[/center]
巫術與宗教之力衝突。[/center]
法師公會生意最好，[/center]
因為武器與物品免費評估神秘潛能，[/center]
法術只要平常半價。[/center]
惡魔學者、召喚師、拉米亞、[/center]
術士與奇術師在 %cn 外的荒野集會，[/center]
在那創造或召喚的生物[/center]
可能禍害泰姆瑞爾萬世。[/center]
多數智者選擇今夜不出門。[/center]
[/end]"
8393,"第一紀121年霜降月二十三日，[/center]
女皇金泰拉·塞普汀二世[/center]
在格倫波因特的帝國地牢，[/center]
依其堂兄兼篡位者塞[/center]
弗魯斯一世之令遇害。[/center]
她的死在格倫波因特被記為碎鑽之日。[/center]
這是為泰姆瑞爾帝國家族[/center]
的智慧與仁善默禱之日。[/center]
[/end]"
8394,"霜降月三十日皇帝誕辰曾[/center]
是一年最受歡迎的節日。[/center]
大型巡迴嘉年華娛樂大眾，[/center]
而 %cn 的貴族享受一年一度的騎[/center]
馬哥布林追逐。[/center]
近來這些傳統已遭冷落。[/center]
%cn 已數十年沒有大型嘉年華，[/center]
更久沒有 %t 的[/center]
%ct 贊助哥布林追逐。[/center]
[/end]"
8395,"薩塔卡拉姆的蛇舞或許始於[/center]
獻給蛇神的嚴肅宗教節日，[/center]
但在今日，[/center]
它是一場盛大街頭慶典的理由。[/center]
[/end]"
8396,"日暮月八日，[/center]
格倫努布拉沼地的布萊頓人舉行月亮節，[/center]
這是紀念月神塞昆達的歡樂節日。[/center]
儘管女神已無活躍崇拜者，[/center]
傳統慶典仍歷代延續，[/center]
成為宴飲作樂之時。[/center]
[/end]"
8397,"赫爾安塞拉克在古紅守衛語[/center]
中意為「與劍之聖者相通」，[/center]
是波薩戈人民最嚴肅的聖日。[/center]
現代紅守衛已不再實踐[/center]
古老的赫爾安塞之道，[/center]
但其豐富遺產在這天被記念與尊榮。[/center]
[/end]"
8398,"今天是日暮月二十日，[/center]
%cn 的戰士節。[/center]
幾乎所有本地戰士、[/center]
法劍士與流氓都來到裝備店與鐵匠鋪，[/center]
那裡所有武器半價。[/center]
不幸的是，[/center]
低價也誘使許多未受訓[/center]
的男孩買下第一把劍，[/center]
平常安靜的 %cn 街道迴盪業餘衝突。[/center]
%t 過去多赦免這些無賴，[/center]
但已承諾今年不會再那麼慈悲。[/center]
[/end]"
8399,"今天是晚星月十五日，[/center]
神殿虔敬遵守的北風祈禱。[/center]
這是為好收成與溫和冬天向眾神感恩。[/center]
有些年份，像今年，[/center]
%cn 收成並不特別好，[/center]
冬天也異常嚴酷，[/center]
但正如 %t 愛說的[/center]
：「本來還可能更糟。[/center]
」神殿所有服務——賜福、解毒、[/center]
治療——只收取平常捐獻的一半。[/center]
[/end]"
8400,"巴蘭斯·多在晚星月[/center]
十八日由阿利克爾沙漠[/center]
的紅守衛慶祝。[/center]
其意為「告別舊年之獸」。[/center]
以惡魔形象扮演舊年的巡遊很受歡迎，[/center]
處處都有迎接新年的歡鬧。[/center]
[/end]"
8401,"奇拉是凱魯男爵領的新年祝福，[/center]
既是聖日也是節日。[/center]
大祭司與女男爵各自在肅[/center]
穆儀式中聖化舊年的灰燼，[/center]
然後街頭遊行、[/center]
舞會與比武為活動作結。[/center]
[/end]"
8402,"新生命節在途歇城提早幾天到來，[/center]
薩圖拉利亞傳統上在[/center]
晚星月二十五日舉行。[/center]
它原是獻給一位久被遺[/center]
忘的放蕩之神的節日，[/center]
如今已變成贈禮、[/center]
派對與遊行的時光。訪客被鼓勵參與。[/center]
[/end]"
8403,"在一年最後一天，[/center]
帝國慶祝稱為舊生命的節日。[/center]
許多人去神殿反思過去。[/center]
有些人去不只為此，[/center]
因為傳聞祭司會作[/center]
為一年最後的舉動，[/center]
為摯愛親友免費復活，不收平常費用。[/center]
信徒心知不該指望這份善心，[/center]
卻仍帶著新近亡者，[/center]
排成陰森行列到來。[/center]
[/end]"
8525,"那時泰姆瑞爾所有城市的酒館麥酒免費流淌。[/record]
一年最大的派對！[/record]
一場我實在不贊成的巨大醉酒狂歡。[/record]
那時人人發狂，因為到處飲料免費。[/record]
免費飲料把所有人趕到街上的時候。[/end]"
8526,"那時神殿偶爾會進行免費治療。[/record]
人人為好播種季祈禱的時候。[/record]
這裡 %cn 的重大宗教節日。[/record]
那時我或許能免費治好腳上這潰爛的瘡！[/record]
在神殿舉行，神職人員有時免費為病人治療。[/record]
"
8527,"那時全泰姆瑞爾酒館客房當晚免費。[/record]
那時我家聚在一起唱《戀人之傳奇》。[/record]
在 %nt 免費拿到好房間的大好時機！[/record]
為紀念波利多爾與埃洛伊莎，任何旅店都可免費住宿。[/record]
紀念戀人波利多爾與埃洛伊莎的慶典。[/end]"
8528,"那時我或許能免費治好我的……社交病。[/record]
鄰里爭端被釐清的節日。理論上當然。[/record]
去神殿的好時機。那時他們免費治療各種疾病。[/record]
神殿神職不會為治療向你要捐獻的兩次之一。[/record]
人人立下從不打算遵守的決心之時。[/end]"
8529,"那時你真得提防扒手。[/record]
若你是盜賊，待在 %cn 的大好時機。[/record]
比我習慣的狂歡多了一點。[/record]
那時人人都是弄臣，也是盜賊。[/record]
依我看，一個粗俗到難以置信的節日。[/end]"
8530,"那時你會看見每個生病的 %ra 在 %cn 趕去神殿免費治療。[/record]
若你中毒或生病，去見神殿神職的好時機。[/record]
我今年最後一次能在神殿免費治疥瘡。[/record]
直到明年。在神殿免費治病的完美時機。[/record]
那時人人理當認清自己的限度，據說如此。[/end]"
8531,"那時皇帝大概又要宣布增稅。那時神殿半價賜福。[/record]
那時皇帝的傳令官走遍泰姆瑞爾，[/record]
多半是宣布新稅。[/record]
若你不介意排隊，去神殿的好時機，賜福半價。[/record]
那時神殿賜福所求的捐獻是平常一半。[/end]"
8532,"那時 %cn 人人去搶一年最好的便宜貨。[/record]
買齊你可能需要的裝備與補給的最佳時機。[/record]
那時泰姆瑞爾幾乎各地補給半價，依公會之令。[/record]
一年最忙碌的購物日，絕無僅有。[/record]
值得把存下的錢花光的一天，相信我。[/end]"
8533,"那時 %cn 所有商店，或許全泰姆瑞爾，都關門。[/record]
值得記住的一天，因為那時你什麼都買不到。[/record]
那時人人發狂，因為 %cn 沒有一家店開門。[/record]
那時人若想買東西，得跑到鄉下去。[/record]
那日 %cn 商業區看起來徹底荒廢。[/end]"
8534,"那時 %cn 人人，連沒錢的人，[/record]
都去酒館大吃大喝。全泰姆瑞爾鼓勵暴食之日。[/record]
在 %cn 每家酒館免費試酒的絕佳時機！[/record]
那時泰姆瑞爾幾乎每家旅店食物與飲料都免費。[/record]
慶祝豐收的食物節，哪怕收成一點也不豐。[/end]"
8535,"那時法師公會的魔法物品半價。[/record]
那日 %cn 所有神殿不對公眾開放，好讓神職為亡者祈禱。[/record]
那時不死者走在 %cn 街上。[/record]
在法師公會便宜買到魔法物品的最佳日子。[/record]
生病的壞時機，因為全泰姆瑞爾神殿都關門祈禱。[/end]"
8536,"那日神殿與法師公會爭奪注意。[/record]
猜我站哪邊？那時你可以在法師公會免費評估任何物品的神秘潛能。[/record]
那時這座 %ct 擠滿法師、夜刃與法劍士。[/record]
若你早到，在法師公會買便宜法術卷軸的好日子。[/record]
那時泰姆瑞爾每座神殿整夜開放以對抗邪惡。[/end]"
8537,"那時我們有遊行與狩獵……在美好的往日。[/record]
那日 %cn 的貴族往日會舉行騎馬哥布林追逐。[/record]
不是皇帝真正的生日——都是象徵，[/record]
你知道的。那時人人在酒館慶祝。[/record]
為紀念皇帝在泰姆瑞爾四十來歲的那一年。[/end]"
8538,"在裝備店便宜買到劍或隨便什麼的好時機。[/record]
那時所有裝備店的所有武器半價。[/record]
那日 %cn 的戰士考驗膽色，不幸是在街上。[/record]
一場真正野蠻的戰爭慶典。[/record]
買下你平常買不起的武器的完美時機。[/end]"
8539,"依我看，一年最神聖之日。[/record]
那時你可以在神殿以半價獲得賜福、治療、[/record]
癒合，全套。感恩之日。[/record]
那時神殿任何服務只要求平常一半的捐獻。[/record]
以合理捐獻讓神殿把你修好的頗佳時機。[/end]"
8540,"那時人人為真正的派對——翌日的新生命——做準備。[/record]
我們為舊罪求饒、再犯新罪之前的那一天。[/record]
新生命這場大派對前的休息日。[/record]
去你選擇的神殿的好時機。[/record]
那時連 %cn 不受歡迎的神殿都擠滿人。[/end]"
8550,"是的，%hnr。我也是 %fpc 的成員，聽候差遣。[/center]
[/record]
我是 %fpc 的忠實成員。尊貴的 %hnr，有何吩咐？[/center]
[/record]
作為 %fpc 的成員，我聽候你的命令，%hnr。[/center]
[/record]
我總是樂意幫忙。[/center]
[/end]"
8551,"總是很高興遇見另一位 %fnpc 的成員。[/center]
[/record]
%fnpc 成員？我就知道。樂意幫忙。[/center]
[/record]
%fnpc 的同伴必須互相扶持。[/center]
[/record]
我能為你做什麼？[/center]
[/end]"
8552,"我聽過你，%pcn。作為同為[/center]
%fnpc 的成員，被人看見與你在一起令我難堪。[/center]
令我難堪。[/center]
[/record]
我不在乎你是否在 %fnpc。我不會[/center]
幫你這種人。[/center]
[/record]
就算你也在 %fnpc，並不表示[/center]
我必須幫你。[/center]
[/record]
我沒時間。我有地方要去。[/center]
[/end]"
8553,"為 %fpc 尊榮的成員，我樂意幫忙。[/center]
[/record]
是的，%hnr。我在 %fnpc，感謝有機會協助你。[/center]
[/record]
%fnpc 與 %fpc 本是一體，%hnr。你需要什麼？[/center]
[/end]"
8554,"我們 %fnpc 總是願意幫助 %fpc 的成員。畢竟，我們同屬 %fpa。[/center]
[/record]
我在 %fnpc，你在 %fpc，我們都在 %fpa。[/center]
[/record]
任何 %fpa 的成員都值得我協助。[/center]
[/record]
你好。[/center]
[/end]"
8555,"我知道 %fnpc 與 %fpc 同屬 %fpa，[/center]
但那並不迫使我幫你。[/center]
[/record]
我才不管我們是否同在 %fpa 之下，[/center]
我不信任你。滾。[/center]
[/record]
被 %fpa 壓在腳下並不表示[/center]
我必須幫你。[/center]
[/record]
走開。你煩我。[/center]
[/end]"
8556,"我認識你！%fpc 對你評價很高。[/center]
[/record]
作為 %fnpc 的成員，我理應幫助像你這樣受敬重的 %fpc 成員。[/center]
[/record]
你就是人人談論的那個 %ra，在 %fpc。我在 %fnpc。[/center]
[/record]
天氣不錯，對吧？[/center]
[/end]"
8557,"%fnpc 與 %fpc 是盟友。我當然會幫你。[/center]
[/record]
%fpc？我在 %fnpc！[/center]
[/record]
%fpc 一向十分尊重 %fnpc。我樂意幫忙。[/center]
[/record]
那你需要……？[/center]
[/end]"
8558,"我知道 %fnpc 與 %fpc 結盟，但我不[/center]
喜歡你的態度。[/center]
[/record]
我們的派系或許結盟，但我聽過[/center]
你，%pcn。別以為那讓你有權[/center]
得到我的幫助。[/center]
[/record]
%fpc？%fnpc 裡其他笨蛋或許喜歡他們，[/center]
但我不喜歡。把你的醜臉帶到別處去。[/center]
[/record]
我有比站在這裡回答你愚蠢問題更要緊的事。[/center]
回答你愚蠢的問題。[/center]
[/end]"
8559,"嗯……%fnpc 與 %fpc 是敵人，但你極受敬重。[/center]
[/record]
我在 %fnpc。我們通常不與 %fpc 的人來往，但我知道他們對你評價很高。[/center]
[/record]
若我這樣做，你欠我一次。儘管我不喜歡 %fpc，我還是會幫。[/center]
[/record]
我總是樂意幫忙。[/center]
[/end]"
8560,"你說服我了。儘管我不喜歡 %fpc，我還是會幫。[/center]
[/record]
%fnpc 與 %fpc 是敵人，但我一向覺得 %fpc 還算正派。[/center]
[/record]
儘管 %fnpc 與 %fpc 對立，禮儀要求我幫你。[/center]
[/record]
什麼事？[/center]
[/end]"
8561,"骯髒的 %fpc。沒有忠誠的 %fnpc 會幫你們這種人。[/center]
[/record]
%fpc？我連過馬路都不會幫你。[/center]
[/record]
我在 %fnpc。我們恨 %fpc。滾。[/center]
[/record]
我憑什麼？現在讓開。[/center]
[/end]"
8562,"%fpc 與 %fnpc 都是 %fe 的敵人。我能幫你什麼？[/center]
[/record]
我鄙視 %fe，%fpc 也是。當然幫你。[/center]
[/record]
任何 %fe 的敵人都是我的朋友。[/center]
[/record]
嗨。[/center]
[/end]"
8563,"我不在乎你我都恨[/center]
%fe。我不會幫你。[/center]
[/record]
%fnpc 或許不喜歡 %fe，但我喜歡他們。[/center]
%fpc 在迫害他們，所以我不會[/center]
幫你。[/center]
[/record]
%fpc 與 %fnpc[/center]
都在對付 %fe。我不會[/center]
夾在中間。[/center]
當你從沒見過我。[/center]
[/record]
白痴。我對你這種人沒有耐心。[/center]
[/end]"
8564,"我是 %fnpc 的成員。%fa 的朋友就是我的朋友。[/center]
[/record]
你在 %fpc？我在 %fnpc！我們都與 %fa 結盟！總之，我總是樂意幫忙。[/center]
[/record]
%fpc 跟 %fa 稱兄道弟。當然幫你。[/center]
[/record]
你看起來眼熟。需要什麼？[/center]
[/end]"
8565,"%fpc 與 %fnpc[/center]
或許都與 %fa 結盟，[/center]
但我不是你的朋友。[/center]
[/record]
聽著，%fnpc 喜歡 %fa，[/center]
但我不喜歡。%fpc 也跟他們[/center]
很親密。現在你知道我為什麼連時間都不給你。[/center]
[/record]
真俗氣。我無聊了。[/center]
[/end]"
8566,"儘管你與 %fae 結盟，而 %fnpc 如我這樣的成員並不喜歡他們，我想我能幫你。[/center]
[/record]
我其實不喜歡 %fae 的朋友，但對你破例。[/center]
[/record]
作為 %fnpc 的忠實成員，我實在不該幫 %fae 的任何朋友。但你把我說動了。[/center]
[/record]
我猜你想要我幫忙？[/center]
[/end]"
8567,"你不是 %fpc 的成員嗎？[/center]
他們與 %fae 結盟，[/center]
而他們是 %fnpc 的敵人。[/center]
我不會幫你這種人。[/center]
[/record]
我恨 %fae，也恨他們的朋友。[/center]
滾開。[/center]
[/record]
%fpc 不是跟[/center]
%fae 很親密嗎？我屬 %fnpc。[/center]
我受不了 %fae。[/center]
滾出去。[/center]
[/record]
就算我想幫你也幫不了，[/center]
而我也不想。[/center]
[/end]"
8568,"聽著，別告訴我 %fnpc 的同伴我幫了你。%fpc 是 %fea 的敵人，而我們是他們的朋友。[/center]
[/record]
我對 %fea 沒有好感，哪怕 %fnpc 跟他們一鼻孔出氣。我會幫你，但別傳出去。[/center]
[/record]
我實在不該幫 %fea 的敵人。畢竟他們是 %fnpc 的朋友。但對你破例。[/center]
[/record]
日安。[/center]
[/end]"
8569,"我們 %fnpc 與[/center]
%fea 結盟。%fpc 是[/center]
它的敵人。我憑什麼幫你？[/center]
[/record]
我不幫 %fpc 的人。[/center]
至少直到他們停止與我[/center]
%fea 的朋友爭吵。[/center]
[/record]
我最好的朋友在 %fea。你們 %fpc 恨[/center]
他們，所以離我遠點！[/center]
[/record]
你口臭。離我遠點。[/center]
[/end]"
8570,"幸会，陌生人。[/center]
[/end]"
8571,"我憑什麼幫一個完全陌生的人，[/center]
尤其是你這種名聲？[/center]
[/record]
我鄙視你這種人。走開。[/record]
我聽過你。當然沒好事。滾。[/record]
我沒時間給你這種人。[/record]
我？幫你？哈哈哈！[/end]"
8600,Insert action type 11 here... (do not translate)[/end]
8604,"一個熟悉的聲音嘲弄地笑著，[/center]
「怎麼，%pcn，終於來好好[/center]
致敬了嗎？」[/center]
[/end]"
8605,"聽我說：[/center]
盲眼之神是嫉妒之神。[/center]
讓祂真正的僕人舉目仰望[/center]
祂，道路便會容易。[/center]
聽我說！[/center]
[/end]"
8607,"啊，終於！我開始以為你[/center]
走不到這裡。陰鬱的地方，你不[/center]
覺得嗎？還由一個自負的暴發戶看守——[/center]
他不比我更像神。好吧，繼續。[/center]
我們很快會再見面，除非你並不像看起來[/center]
那麼魯莽。[/center]
[/end]"
8609,"此處安息著恩人的靈魂，[/center]
儘管他的身體仍守護著道路。[/center]
[/end]"
8616,"門旁的衛兵以無聊的聲調誦道：[/center]
「凡與阿科里西女王有事者，[/center]
從大廳後方的門通過。」[/center]
[/end]"
8617,"門旁的衛兵以無聊的聲調誦道：[/center]
「凡與阿科里西女王有事者，[/center]
從大廳後方右側的門[/center]
通過。」[/center]
[/end]"
8690,"遊戲提示！[/center]
[/center]
取回失去生命最簡單的方法[/center]
是休息。然而，若附近有怪物，[/center]
遊戲不會讓你休息。殺掉這扇門後的[/center]
怪物，以及大廳下一間房裡的那一隻。[/center]
然後你就能休息，[/center]
恢復失去的生命。[/center]
[/end]"
8691,"遊戲提示！[/center]
[/center]
這個角落是休息的好地方。別太靠近[/center]
樓梯，否則會吵醒一隻[/center]
怪物！[/center]
[/end]"
8692,"遊戲提示！[/center]
[/center]
若你難以跳上平台，[/center]
試著用 J 鍵跳躍。當時你必須正在[/center]
向前移動。移動越快，[/center]
跳得越遠。[/center]
[/end]"
8693,"遊戲提示！[/center]
[/center]
你現在該找出口了。[/center]
那是一座高而窄的拱門，可見樓梯[/center]
通向黑暗。看見它時，點擊[/center]
它以離開地城。[/center]
[/end]"
8700,"（僅施法者）一向[/left]
[/left]
愛虛榮的克拉維庫斯[/left]
·維爾做了一副適[/left]
合自己個性的假面。[/left]
持有假面者更容易得到泰[/left]
姆瑞爾人民的正面回應。[/left]
魅力越高，加值越大。[/left]
最著名的假面故事[/left]
講述貴族阿瓦萊亞。[/left]
少女時她被怨毒[/left]
的僕人嚴重毀容。[/left]
阿瓦萊亞與克拉維庫斯·維[/left]
爾做了黑暗交易，換得假面。[/left]
假面並未改變她的容貌，[/left]
但她突然得到人[/left]
人的尊敬與欽慕。[/left]
她嫁給一位人脈廣闊[/left]
的男爵一年零一日後，[/left]
克拉維庫斯收回假面。[/left]
儘管已懷有他的孩子，[/left]
阿瓦萊亞仍被逐出男爵家。[/left]
二十一年零一日後，[/left]
阿瓦萊亞的女兒殺死[/left]
[/left]
男爵報了仇。法術：無[/left]
[/end]"
8701,"（1個目標，[/left]
[/left]
對抗魔法豁免）黑暗兄弟會數[/left]
代以來都覬覦這把烏木匕首。[/left]
這件神話神器能瞬[/left]
間殺死任何生物。[/left]
剃刀的受害者必須對抗[/left]
魔法豁免，否則即死。[/left]
歷史沒有記錄任何梅[/left]
魯涅斯剃刀的持有者。[/left]
然而八十年前黑暗兄弟會因殘[/left]
酷的內部權力鬥爭而幾乎毀滅。[/left]
[/left]
人們懷疑剃刀牽涉其中。法術：無[/left]
[/end]"
8702,"（1個目標，[/left]
[/left]
對抗魔法豁免）莫拉格·[/left]
巴爾之錘也稱吸血鬼之錘，[/left]
會吸取受害者的法[/left]
術點數給予持有者。[/left]
若受害者沒有法術點數，則吸取力量，[/left]
同樣轉移給持用者。[/left]
使用莫拉格·巴爾之[/left]
錘實際上能讓持有者[/left]
擁有比充分休息時更[/left]
多的法術點數或力量。[/left]
然而這些加值是暫時的。[/left]
莫拉格·巴爾對他的神器相當慷慨。[/left]
關於這把錘有許多傳說。[/left]
它似乎特別受用於擊[/left]
[/left]
敗瘋狂巫師。法術：無[/left]
[/end]"
8703,"（僅施法者）獸化[/left]
[/left]
症的詛咒有其優點。[/left]
獸化生物驚人的力量、[/left]
速度與凶猛使其[/left]
成為可畏對手。[/left]
當然也有缺點。[/left]
赫辛戒指的持有者可以選擇[/left]
何時成為獸化者、何時不是。[/left]
本質上這讓他擁[/left]
有幾乎所有優點，[/left]
[/left]
卻少有負面。法術：無[/left]
[/end]"
8704,"（僅施法者）桑吉恩玫瑰[/left]
[/left]
不是多數人想擁有的神器。[/left]
它為使用者召喚[/left]
一頭次等迪德拉。[/left]
這迪德拉會攻擊區域內任何[/left]
其他生物，除了玫瑰持有者。[/left]
玫瑰與尋常玫瑰一樣會枯萎。[/left]
使用的力量越多，[/left]
枯得越厲害。[/left]
最終花瓣全部掉落，[/left]
失去力量。[/left]
湮滅某處會開出一朵新玫瑰，[/left]
由桑吉恩親自摘下，[/left]
[/left]
賜給新的鬥士。法術：無[/left]
[/end]"
8705,"（僅施法者）奧格瑪[/left]
[/left]
無限古卷是無齡者、[/left]
巫師賢者克薩塞斯[/left]
所寫的知識典籍。[/left]
所有閱讀此書者都[/left]
會充滿神器的能量，[/left]
可被操縱以將能力提[/left]
升到近乎半神的程度。[/left]
傳說一旦使用，[/left]
古卷就會從持用者身邊消失。[/left]
它留下 30 點加值，[/left]
可依自己意願分配到[/left]
[/left]
角色屬性上。法術：無[/left]
[/end]"
8706,"（1個目標，[/left]
[/left]
對抗魔法豁免）瘋狂與[/left]
混沌是謝古拉特的標記。[/left]
瓦巴傑克體現同樣特質。[/left]
對生物使用此神器會[/left]
把它變成別的東西。[/left]
該生物可能變成以下任何[/left]
怪物：老鼠、小鬼、樹精、[/left]
巨蝠、灰熊、蜘蛛、寧芙、[/left]
鷹身女妖、骷髏戰士、[/left]
巨人、殭屍、巨蠍、[/left]
鐵阿特羅納赫、肉阿特羅納赫、[/left]
冰阿特羅納赫、火阿特羅納赫、[/left]
巫妖。問題是持有者無法控制變化。[/left]
他可能把巨蝠變成巫妖，[/left]
[/left]
或把火阿特羅納赫變成老鼠。法術：無[/left]
[/end]"
8707,"（僅施法者）納[/left]
[/left]
米拉與自然較黑[/left]
暗的一面結盟，她的戒指也是。[/left]
戴著戒指時，[/left]
持有者受到的任何傷[/left]
害也由攻擊者承受。[/left]
法術與遠程攻擊被忽略。[/left]
攻擊者受到多少傷[/left]
害取決於其本質。[/left]
動物與樹精不受傷害，[/left]
因為他們是自然生物。[/left]
迪德拉存在只受一半傷害，[/left]
因為他們是超自然生物。[/left]
類人與怪物受全額傷害。[/left]
不死者受雙倍傷害，[/left]
[/left]
因為他們完全不自然。[/left]
法術：無施法消耗：等[/left]
於對對手造成的傷害。[/left]
[/end]"
8708,"（1個目標，[/left]
[/left]
對抗魔法豁免）對對手使用腐[/left]
化顱骨會創造受害者的複製品。[/left]
然而這個複製品[/left]
會攻擊原本的人，[/left]
而非顱骨持用者。[/left]
有個關於盜賊公會[/left]
大師與顱骨的故事，[/left]
大概是虛構的，但非常有趣。[/left]
大師對敵人使用顱骨，[/left]
造出一個分身去戰鬥。[/left]
擊敗原本之後，[/left]
狡猾的複製品從大師手中[/left]
搶走顱骨並用在她身上。[/left]
雖然複製的敵人不[/left]
能直接攻擊大師，[/left]
卻能用顱骨創造大師的複製品。[/left]
兩個分身共同統治盜[/left]
[/left]
賊公會多年。法術：無[/left]
[/end]"
8709,"（1個目標，[/left]
[/left]
對抗魔法豁免）很少凡[/left]
人有胃口做靈魂買賣。[/left]
黑暗兄弟會這麼做，[/left]
法師公會內某些團體也是。[/left]
對這些殘忍之人，[/left]
阿祖拉之星特別有吸引力。[/left]
此星充當可重複使用的靈魂石。[/left]
任何被星之持有者殺死的[/left]
生物靈魂都會被困在其中。[/left]
若星中已有靈魂，則什麼也不發生。[/left]
使用阿祖拉之星會清空它，[/left]
釋放被困靈魂前往湮滅。[/left]
阿祖拉之星可以一次又一次地[/left]
[/left]
用來製造魔法物品。法術：無[/left]
[/end]"
8710,"（接觸1個目標，[/left]
[/left]
對抗魔法豁免）力量之錘沃倫鄧瑞格[/left]
據說由如今已廢棄[/left]
的魯爾肯氏族矮人，[/left]
在他們從泰姆瑞爾世[/left]
界消失前數百年所造。[/left]
它能賜予持用者生命，[/left]
但最為人知的是對敵人施放[/left]
時的麻痺與吸取力量效果。[/left]
就像創造它的矮人，[/left]
沃倫鄧瑞格容易突然消失，[/left]
有時數日後重現，[/left]
有時數個紀元之後。[/left]
[/left]
法術：麻痺與吸血鬼之觸[/left]
[/end]"
8711,"（僅施法者）大法師西拉貝恩的術士戒[/left]
[/left]
指是神話與傳說中最[/left]
受歡迎的遺物之一。[/left]
在泰姆瑞爾遠古歷史中，[/left]
西拉貝恩憑審慎使用[/left]
戒指拯救了整個大陸，[/left]
此後它也幫助目標沒[/left]
那麼崇高的冒險者。[/left]
它最為人知的是能反射[/left]
對穿戴者施放的法術，[/left]
並提升速度與生命，[/left]
儘管它可能還有額外力量。[/left]
沒有冒險者能長久戴著術士戒指，[/left]
因為據說這戒指只聽[/left]
西拉貝恩一人差遣。[/left]
[/left]
法術：沙利多之鏡、治療，[/left]
以及諾托戈之足[/left]
[/end]"
8712,"（遠程1個目標，[/left]
[/left]
對抗魔法豁免）奧瑞爾之弓看[/left]
起來像一把謙遜的精靈長弓，[/left]
卻是泰姆瑞爾歷史[/left]
上最強大的弓之一。[/left]
據稱與它的姊妹[/left]
奧瑞爾之盾一樣，[/left]
由偉大的精靈半神創造並使用，[/left]
此弓能把任何箭變成[/left]
死亡與毀滅的飛彈。[/left]
然而若沒有奧瑞爾的力量在後，[/left]
弓會動用自身儲存的能量。[/left]
能量耗盡後，[/left]
弓會消失並在機緣所至之處重現。[/left]
它最近的出現已成為[/left]
數百年來的閒談話題。[/left]
[/left]
法術：閃電、睡眠之手，[/left]
以及魔力吸取[/left]
[/end]"
8713,"（僅施法者）傳奇[/left]
[/left]
的死靈法師護符，[/left]
瘋狂術士曼尼馬科[/left]
最後倖存的遺物，[/left]
賜予任何佩戴[/left]
它的施法者從傷[/left]
害中再生並吸收魔力的能力。[/left]
持有者也變得智慧遠超年歲。[/left]
這件神器在法師間很受歡迎。[/left]
護符的一個缺陷是[/left]
它在此世不穩定，[/left]
注定永遠淡入淡出存在，[/left]
在遠離消失之處重現。[/left]
[/left]
法術：巨魔之血與智慧[/left]
[/end]"
8714,"（僅施法者）克里薩梅爾，[/left]
[/left]
聖騎士之刃與英雄之劍，[/left]
是一把古老的雙手劍，[/left]
防禦甚至超過其攻擊。[/left]
它借給持用者生命，[/left]
保護他或她免於火焰，[/left]
並把對持用者施放的有[/left]
害法術反射回施法者。[/left]
克里薩梅爾很少[/left]
被劍士長久持用，[/left]
因為它選擇不偏袒單一鬥士。[/left]
[/left]
法術：抵抗火焰、[/left]
沙利多之鏡，以及治療[/left]
[/end]"
8715,"（僅施法者）領主鎖甲，[/left]
[/left]
有時稱為莫里豪斯之甲、[/left]
凱娜瑞斯的贈禮，[/left]
是品質無可比擬的古老胸甲。[/left]
它賜予穿戴者再生失去生命、[/left]
抵抗法術效果，[/left]
以及使用時自療毒素的力量。[/left]
據說每當凱娜瑞斯[/left]
認為穿戴者不配，[/left]
領主鎖甲就會被取走，[/left]
藏給下一個被選中的人。[/left]
[/left]
法術：治癒毒素與法術護盾[/left]
[/end]"
8716,"（僅施法者）馬格努斯之杖是[/left]
[/left]
泰姆瑞爾較古老的神器之一，[/left]
對其創造者大法師馬格努[/left]
斯而言是某種形而上電池。[/left]
使用時，[/left]
它以驚人速度再[/left]
生持用者的生命。[/left]
最終，此杖會拋棄[/left]
在變得過於強大、[/left]
擾亂它發誓守護的神秘平衡之[/left]
[/left]
前的持用者。法術：法術吸收[/left]
[/end]"
8717,"（僅施法者）卡吉特[/left]
[/left]
戒指是一件古老遺物，[/left]
比讓這戒指出名的盜[/left]
賊拉金還要早數百年。[/left]
拉金用戒指的力量使自己如[/left]
風息般隱形、無聲而迅捷。[/left]
憑這戒指他成為艾斯維[/left]
爾史上最成功的竊賊。[/left]
拉金最終的命運是[/left]
個謎，但據傳說，[/left]
戒指反抗如此不[/left]
斷的使用而消失，[/left]
讓拉金在敵人面前毫無防備。[/left]
[/left]
法術：隱形與諾托戈之足[/left]
[/end]"
8718,"（僅施法者）烏木鎖甲是有[/left]
[/left]
史記載之前就創造的神器，[/left]
據傳說由黑暗精靈[/left]
女神博耶西亞所造。[/left]
由她決定誰該擁有[/left]
鎖甲、擁有多久。[/left]
若被判定配得，[/left]
其力量使穿戴者免疫所有吸取[/left]
才能與生命的普通魔法攻擊。[/left]
唯有博耶西亞決定[/left]
某人不再有資格持[/left]
有烏木鎖甲，[/left]
而女神可以非常任性。[/left]
[/left]
法術：抵抗火焰、護盾，[/left]
以及法術護盾[/left]
[/end]"
8719,"（僅施法者）[/left]
[/left]
奧瑞爾之盾，[/left]
據說曾屬於準神話精靈[/left]
神祇奧瑞爾的烏木盾，[/left]
能使其持用者近乎無敵。[/left]
在抗火與抗魔上，[/left]
奧瑞爾之盾無出其右。[/left]
像泰姆瑞爾許多神器一樣，[/left]
這盾有自己的生命與個性，[/left]
並不覺得受縛於使用者。[/left]
一個流行寓言講[/left]
述它在持用者最[/left]
需要時拋棄她，[/left]
但這或許是杜撰。[/left]
[/left]
法術：抵抗火焰、護盾，[/left]
以及法術反射[/left]
[/end]"
8720,"（僅施法者）破法者表[/left]
[/left]
面上是一面矮人塔盾，[/left]
是泰姆瑞爾最古老的遺物之一。[/left]
除了源於魯爾肯－沙利[/left]
多之戰的歷史重要性外，[/left]
破法者幾乎完全保護持[/left]
用者免於任何施法者，[/left]
無論是驅散魔法還是使[/left]
即將施法的法師沉默。[/left]
據說破法者仍在尋找原主，[/left]
不會長久屬於任何其他人。[/left]
對多數人而言，[/left]
暫時擁有破法者[/left]
已是足夠的力量。[/left]
法術：自由行動與法術反射[/left]
[/end]"
8721,"（僅施法者）骷髏鑰匙[/left]
[/left]
的力量其實非常簡單。[/left]
有了它，[/left]
任何非魔法上鎖的門或箱子，[/left]
連最笨拙的開鎖[/left]
者也能立刻進入。[/left]
特別熟練的開鎖者甚至可能用[/left]
鑰匙打開某些被[/left]
魔法封閉的門。[/left]
尋求保護庫藏的巫師給[/left]
鑰匙設下兩個限制：每[/left]
天只能用一次，[/left]
且不會太久屬於同一個盜賊。[/left]
有些持有鑰匙的人在[/left]
它消失前讓自己致富，[/left]
另一些則闖入他們[/left]
本不該進入的地方。[/left]
每天這把鑰匙允許[/left]
打開一把非魔法鎖，[/left]
或有不錯機會打開低[/left]
[/left]
階魔法鎖。法術：開鎖[/left]
[/end]"
8722,"（遠程1個目標，[/left]
[/left]
對抗魔法豁免）烏木刃，[/left]
有時稱為吸血鬼或水蛭，[/left]
形似烏木刀，[/left]
其力量確實非常黑暗。[/left]
每次烏木刃擊中對手，[/left]
部分造成的傷害會作為[/left]
原始力量流入持用者。[/left]
刃本身未必比用[/left]
過它的人更邪惡，[/left]
但在其歷史某時被施了咒，[/left]
使它不會長久留[/left]
在任何劍士身邊。[/left]
施咒的巫師試圖拯救那些對刃過[/left]
於迷戀的靈魂，或許他做得對。[/left]
[/record]
[/left]
法術：遠距沉默、[/left]
吸血鬼之觸，以及能量吸取[/left]
[/end]"
8999,"你摸到一條又髒又黏的手帕。[/record]
你的受害者只剩一把油膩梳子。[/record]
受害者口袋是空的，只有些線頭和一張紙。[/record]
你摸到幾顆不值錢的小石子。[/record]
受害者沒什麼好偷，只有幾片蛇皮。[/record]
不知為何，受害者隨身帶著一隻死老鼠。[/record]
受害者口袋裡有幾片玻璃，差點割到你。[/record]
你摸到一小塊濺了血的布。[/record]
受害者口袋裡只有一條墨漬手帕。[/record]
受害者只帶著一小塊黃布。[/record]
你從受害者身上只摸到一張購物清單。[/record]
受害者口袋裡全是葉子，沒有一片特別稀罕。[/record]
受害者口袋裡有一首情詩草稿。看起來寫得很糟。[/record]
受害者在小袋裡帶著一點鹿角。[/record]
受害者口袋裡沒什麼有趣的，只有賭博用的骰子。[/record]
受害者口袋裡只有兩顆鈕扣和一點線。[/record]
受害者口袋裡有幾顆葡萄，顯然留著待會吃。[/record]
你摸到一塊麵包皮，顯然曾是三明治的一部分。[/record]
受害者口袋裡有一小塊肉，顯然曾是三明治的一部分。[/record]
受害者小袋裡沒什麼有趣的，只有一小塊哺乳動物骨頭。[/record]
受害者口袋裡有一顆小玻璃彈珠，好看但沒用。[/record]
你從受害者小袋裡摸到一小方紅布。[/record]
你沒摸到什麼有趣的，只有一塊乳酪和一點硬麵包皮。[/record]
受害者口袋裡有些麻線，但少到對你沒用。[/record]
受害者口袋裡沒什麼用的，只有棉絮、一點線和一顆舊鈕扣。[/record]
受害者口袋裡幾乎沒有值得拿的，只有幾張破紙。[/record]
受害者口袋油膩膩的——顯然有東西灑在裡面。[/record]
你從受害者身上只摸到一條髒手帕。[/record]
你從受害者身上摸到一張紙條，是附近裝備店的購物清單。[/record]
受害者帶著兩小塊木頭，顯然有東西需要修理。[/record]
受害者口袋裡沒什麼有趣的，只有幾片棉絮。[/record]
你在受害者口袋裡什麼都沒找到，只有一點棉絮和一根線。[/record]
你在受害者小袋裡找到一顆又暖又濕的小球——可能是一點蝙蝠糞。[/record]
你摸到一幅女人的小刻畫，顯然是受害者的母親。[/record]
你摸到一張紙條，是受害者父親的信，細說家鄉閒話。[/record]
你從受害者身上摸到幾張外行的炭筆素描。[/record]
受害者只有一封朋友的信，描述附近村莊的生活。[/record]
你找到一封未寄給母親的信，描述當地常見的小罪案。[/record]
你從受害者身上摸到一朵壓乾的野花，好看但一點也不稀罕。[/record]
受害者帶著一包種子，多半已黑掉老化。[/record]
受害者口袋裡沒什麼有用的，只有一小團蠟。[/record]
你在受害者小袋裡找不到值錢的，只有一團香味蠟。[/record]
你摸到一張遠方酒館的收據。[/record]
受害者沒帶值錢的，只有一小方黑天鵝絨。[/record]
受害者口袋裡沒有值錢的東西。[/record]
你成功搜了受害者的小袋，但裡面沒有值錢的。[/record]
你在受害者口袋裡找不到任何值得拿的。[/record]
受害者口袋裡只有一封鄰村朋友的乏味來信。[/record]
你摸到受害者不知為何在收集的幾顆小石子。[/record]
你從受害者身上只摸到一份當地放貸人十枚金幣的契約。[/record]
受害者口袋裡唯一的東西是一大團貓毛。[/end]"
9000,已棄用紀錄。
9400,Reserved to 9912 for Bruce and Co. (do not translate)[/end]
9999,Dummy entry. Must always [/end]
9000.1,"1.   晴朗的一天，[/left]
你偶然遇見一隻奇怪的動物，[/left]
腿被獵人的爪阱夾住。[/left]
從流血看來它活不久了。[/left]
你會： a) 拔出匕首，[/left]
一刺仁慈地結束它的生命？[/left]
b) 不干涉事件的自然發展，[/left]
而是趁機多了解這隻[/left]
從未見過的奇怪動物？[/left]
c) 用背包裡[/left]
的草藥讓它睡著，[/left]
再從爪阱中釋放，帶到安全之處，[/left]
明知這樣做大概會讓獵[/left]
人和他的家人失去食糧？[/left]"
9000.2,"2.   一個夏日午後，父親讓你選家務。[/left]
你寧願： a)[/left]
和他一起在鍛爐鑄鐵，做新犁？[/left]
b) 為正在準備晚餐的母親採草藥？[/left]
c) 用網和釣線去溪邊捕魚？[/left]"
9000.3,"3.   你和父親從鎮上市場回來，[/left]
看見一個小男孩從店裡跑出來，[/left]
手裡抓著一條麵包。[/left]
麵包師拿著切肉刀在後追趕。[/left]
你知道男孩一定餓了，[/left]
但鎮上正鬧旱災，食物很寶貴。[/left]
你會： a) 站在正義一邊，催父親拦住男孩？[/left]
b) 跑去擋住麵包師，幫助可憐的孩子？[/left]
c) 站到一邊，[/left]
等著看父親如何決定，信任他的經驗？[/left]"
9000.4,"4.[/left]
某夜父親講述他在博里姆谷的戰鬥，[/left]
他的人擊潰了敵軍。[/left]
若非對方一名年輕士官英勇犧牲，[/left]
守住隘口夠久讓部下安全撤退，[/left]
他們本可俘虜所有人。[/left]
那人明知會賠上性命仍這麼做。[/left]
若你是那人，你會： a) 逃走，[/left]
合理化說你的戰術經驗太寶貴，[/left]
不能浪費，日後能派上用場？[/left]
b) 同樣守住隘口，[/left]
好讓部下逃走，[/left]
哪怕這意味著你的性命？[/left]
c) 尋找某種方法分散敵人，[/left]
讓部下有機會逃脫，[/left]
但不以自己的性命為代價？[/left]"
9000.5,"5.[/left]
母親列了購物清單打發你去市場。[/left]
買完後你發現店主多找了錢。[/left]
你會： a) 回到店裡，[/left]
把店主辛苦賺來的錢還他，[/left]
解釋弄錯了？[/left]
b) 把多出來的錢放進口袋，[/left]
心想店主反正常常多收客人的錢？[/left]
c) 決定把多出來的錢用在正途，[/left]
買能幫助家人的東西？[/left]"
9000.6,"6.[/left]
在市集你目睹盜賊割走貴族的錢袋。[/left]
貴族立刻發現並呼叫城衛。[/left]
盜賊匆忙逃走時把錢袋掉在你附近。[/left]
出奇的是，[/left]
似乎沒人注意到腳邊這袋金幣。[/left]
你會： a) 撿起袋子放進口袋，[/left]
知道這筆橫財能在困難時幫助家人？[/left]
b) 撿起袋子向衛兵示意，[/left]
知道唯一光榮的做[/left]
法是把錢還給原主？[/left]
c) 把袋子留在那裡，[/left]
知道最好不要捲入？[/left]"
9000.7,"7.[/left]
父親派你去做你厭惡的差事：清馬廄。[/left]
你拿著乾草叉走在路上，[/left]
遇見附近農莊的朋友。[/left]
他提議替你做，[/left]
日後你還他一個由他選擇的人情。[/left]
你會： a) 拒絕，[/left]
知道父親指望你自己做，最好不要欠人情？[/left]
b) 接受，[/left]
心想只要馬廄乾淨，誰做都一樣？[/left]
c) 請他幫你，知道兩人做得比一人快，[/left]
並同意日後幫他做一件由他選擇的事？[/left]"
9000.8,"8.   母親請你幫忙修爐灶。[/left]
工作時一根很燙的管[/left]
子鬆脫，朝她落下。[/left]
你會： a) 把母親推開？[/left]
b) 抓住熱管設法推開？[/left]
c) 擋在管子和母親之間？[/left]"
9000.9,"9.[/left]
在鎮上麵包師給你一個甜捲。[/left]
你高興地拿到巷子裡享用，[/left]
卻被三個同齡孩子攔截。[/left]
頭目要你交出甜捲，[/left]
否則他和朋友會打你再搶走。[/left]
你會： a)[/left]
把甜捲摔在地上踩爛，然後準備打架？[/left]
b) 二話不說把甜捲給他，[/left]
知道今天下午你會帶齊所有[/left]
朋友回來，拿走他欠你的？[/left]
c) 裝作要給他甜捲，[/left]
最後一刻扔到空中，[/left]
希望他們注意甜捲夠久，[/left]
好讓你打中頭目一拳？[/left]"
9000.10,"10.[/left]
進城時你目睹一名穿著[/left]
講究的人被人群追趕。[/left]
他向你喊救命。身後的人群看起來非常憤怒。[/left]
你會： a) 立刻衝去幫那人，[/left]
儘管不了解情況？[/left]
b) 立刻衝去幫鎮上的人，[/left]
儘管不了解情況？[/left]
c) 站到一邊讓那人和暴民通過，[/left]
明白最好不要捲入？[/left]"
9000.11,"11.[/left]
你和最好的朋友一起買[/left]
第一對匕首，成對的。[/left]
他金幣不夠，你借他這筆錢，[/left]
他答應稍後還你。[/left]
離開店後你們坐下欣賞新武器。[/left]
你沮喪地發現自己選的[/left]
那把刃上有個小缺口。[/left]
朋友請你在他辦事時[/left]
幫忙看著他的武器。[/left]
你會： a) 等朋友回來，[/left]
指出你匕首的缺陷，[/left]
再回武器店要求退款。[/left]
b) 把匕首對調，[/left]
合理化說既然是你付的錢你該先選，[/left]
若朋友發現缺口，你總能帶他回店退款？[/left]
c) 保管他的匕首直到他回來，[/left]
再在好友知情下對調，[/left]
並指出是你付的錢，[/left]
然後提議陪他回武器店？[/left]"
9000.12,"12.    你在武器練習。[/left]
武器大師現在很老了，[/left]
但教學非常認真。[/left]
你聽他說過這是他[/left]
生命中僅剩的一切。[/left]
今天他不停嘲弄你的每個錯誤。[/left]
最後他要你用剛才的招式攻擊他，[/left]
好示範正確做法。[/left]
你會： a)[/left]
出招剛好讓他能格擋，[/left]
知道無論個人感受如何，[/left]
更重要的是讓大師保有尊嚴？[/left]
b) 全力攻擊，知道你大概能得分，[/left]
並向全班證明你其實做對了，[/left]
好合理化他對你的不公？[/left]
c) 拒絕並離開練習，[/left]
無法在憤怒與他的尊嚴之間妥協，[/left]
明白無論選哪條路，[/left]
你都會失去對他或對自己的尊敬？[/left]"
9000.13,"13.    和朋友拋球時，[/left]
他打破了自家窗戶。[/left]
他父親衝出來質問是誰打破的。[/left]
你知道他父親管教極嚴，[/left]
若朋友認罪會被重罰。[/left]
你不是他兒子，[/left]
幾乎可以毫髮無傷。[/left]
你會： a)[/left]
在朋友開口前舉手認罪？[/left]
b) 保持沉默，不捲入？[/left]
c) 指著朋友，[/left]
知道別的做法大概只會推遲[/left]
不可避免的事，讓他更慘？[/left]"
9000.14,"14.[/left]
武器大師在策略課上[/left]
說：「最好的勝利是[/left]
徹底羞辱對手。[/left]
」然後轉向你問是否同意。[/left]
你知道他經歷過無數生死衝突，[/left]
有身經百戰的經驗。[/left]
你會： a) 同意他的話，[/left]
知道此刻你的經驗不[/left]
足以採取除了完全同意[/left]
這位奉獻一生給策略的[/left]
大師之外的任何立場？[/left]
b) 不同意，[/left]
心想這一定是某種考驗，[/left]
真理只會來自對立他的意見，[/left]
而非羊群般的附和？[/left]
c) 拒絕回答，[/left]
選擇在有更多經驗、[/left]
能聰明地與他討論這題之前不發表意見？[/left]"
9000.15,"15.[/left]
武器課的學長過去幾[/left]
年毫不留情地擊敗你。[/left]
今天是學員錦標賽，[/left]
你沮喪地發現第一場就對上他。[/left]
準備時，朋友走來，[/left]
提議告訴你學長在你缺[/left]
席的昨天對打課受的傷。[/left]
你會： a) 接受，[/left]
知道這能讓你專注傷處，[/left]
大大增加打敗他的機會？[/left]
b) 拒絕，知道無論輸贏，[/left]
你寧願憑自己的技能，[/left]
而不是在本該公平光榮[/left]
的決鬥中靠額外情報？[/left]
c) 接受，[/left]
心想最好先有這知[/left]
識以備不時之需，[/left]
並明白有知識不一定要用？[/left]"
9000.16,"16.[/left]
一位老人在你去市場的[/left]
路上攔住你，聲稱被搶。[/left]
他躺在小徑上，傷勢看起來很重。[/left]
他要你跑去鎮上叫治安官。[/left]
你答應直接去鎮上把治安官帶來。[/left]
回去時你注意到一個可疑的人沿著另[/left]
一條小徑潛行。他似乎還沒發現你。[/left]
你會： a) 跟上那人，[/left]
心想若他就是搶匪，[/left]
你可以帶治安官直接找到他並保[/left]
護其他旅人，儘管這意味著食言？[/left]
b) 記下他但繼續走，[/left]
心想小徑上那人傷得太重，[/left]
不能停，無論其他考量？[/left]
c) 記下他但繼續走，[/left]
心想諾言就是約束，[/left]
優先於其他一切？[/left]"
9000.17,"17.    晴朗午後釣魚時，[/left]
你發現脫下的靴子裡爬滿螞蟻，[/left]
它們正忙著從你掉下的麵包走向蟻丘。[/left]
你會： a)[/left]
現在就拿起靴子把螞蟻全部洗掉，[/left]
即使你要到黃昏才走？[/left]
b) 看著螞蟻，[/left]
好奇它們如何如此有效率地工作，並滿足於各過各的？[/left]
c) 用葉子做船，把每隻螞蟻送下溪流，[/left]
打發等魚上鉤的時間？[/left]"
9000.18,"18.[/left]
你聽見武器大師在課上說：[/left]
「對手的意圖可見於他的刃。[/left]
」許多學員嘲笑這話，雖不明說。[/left]
你會： a)[/left]
覺得學員的不敬指向[/left]
他們不理解的東西，[/left]
因此更努力去理解它？[/left]
b) 覺得他的意思是對手攻[/left]
擊與移動的方式顯示他的感受？[/left]
c) 明白武器大師費斯提爾不該[/left]
是嘲弄的對象，而該是尊敬的對象，[/left]
因為他度過充實的一生，[/left]
活過學員無法想像的事？[/left]"
9000.19,"19.    鎮上抽獎，[/left]
中獎籤被唱出來。[/left]
你震驚地發現中獎[/left]
號碼與自己的相符！[/left]
還沒開口，另一家人走上前。[/left]
你見過他們，知道他們極窮。[/left]
你家則可以不要這一百枚金幣獎金。[/left]
你會： a) 什麼都不說，[/left]
讓那家人領走獎金？[/left]
b) 站出來出示籤，[/left]
知道獎金理當是你的？[/left]
c) 站出來出示籤，[/left]
並提議與那家人平分獎金？[/left]"
9000.20,"20.[/left]
某日武器大師向課[/left]
堂提出一個問題。[/left]
一支百人隊伍試圖逃離敵人。[/left]
破碎要塞有兩條出路。[/left]
一條會讓軍官指揮下的一[/left]
半人死去，但另一半能活。[/left]
另一條有百分之五十機會全死，[/left]
也有百分之五十機會全活。[/left]
作為指揮官，[/left]
你會： a)[/left]
選擇能保證一半部下存活的路？[/left]
b) 選擇有百分之五十機會全活、[/left]
也有百分之五十機會全死的路？[/left]
c) 把選擇交給部下，[/left]
讓他們多數決決定該[/left]
把自己交給哪條路？[/left]"
9000.21,"21.[/left]
你有一位姑婆和一[/left]
位叔公住在兩個不同[/left]
的鄰近村莊，都請父親讓你去住幾週。[/left]
父親知道他打算把你送到哪，[/left]
但好奇你的意見。[/left]
若能選擇，[/left]
你寧願： a)[/left]
跟姑婆住——一位相[/left]
當富有的智慧老婦人。[/left]
過幾週奢華生活不僅能增長見識，[/left]
也可能非常有趣。[/left]
b) 跟叔公住——一位對[/left]
你一直有些陌生的病弱老人。[/left]
跟他過幾週或許辛苦，[/left]
但他比姑婆更需要你的幫助。[/left]
c) 想辦法把時間分給姑婆和叔公。[/left]
或許兩人你都無法待到想要的那麼久，[/left]
但誰也不會被遺漏。[/left]"
9000.22,"22.[/left]
一位朋友多次表示很[/left]
喜歡你的某枚金戒指。[/left]
某天你發現戒指不見了，徹底搜尋後，[/left]
在朋友留在你家餐具[/left]
室的外套裡找到它。[/left]
你最傾向： a)[/left]
問朋友戒指怎麼到他那裡的，[/left]
心想他極可能撿到了，[/left]
打算還你。 b) 當面指責他偷竊。[/left]
你知道戒指不可能碰巧掉進他口袋，[/left]
因此他不過是個為了物質[/left]
利益背叛你的普通小偷。[/left]
c) 什麼都不說，[/left]
決定等著看朋友怎麼做。[/left]
無論清白或有罪，你會從他的行動知道。[/left]
那時再拿真相對質。[/left]"
9000.23,"23.[/left]
你好友愛上鄰村一個[/left]
幾乎不認識他的女孩。[/left]
他極為害羞缺乏經驗，懇求你幫忙。[/left]
你會建議他： a)[/left]
立刻去向她表白。[/left]
若這段關係要成，[/left]
他從一開始就該誠實。[/left]
你願意陪他去村裡打氣。[/left]
b) 利用村裡任何門路多了解這女孩。[/left]
知道她一些事他就不會那麼害羞，[/left]
甚至可能發現她並不適合他。[/left]
c) 讓你幫他寫匿名情書和詩，[/left]
看她的反應而不必當面相對。[/left]
若反應良好，[/left]
他可以跟她村裡的朋友談談，[/left]
安排一次「偶然」相遇。[/left]"
9000.24,"24.[/left]
武器大師講述他認識的遠方一位偉大國王，[/left]
其發明家造出奇妙的大氣球，[/left]
大到能載數十人飛到任何地方。[/left]
他問你，若你是這位國王，[/left]
會如何使用這非凡的氣球？[/left]
你會： a)[/left]
探索先前不可能或極度危險、[/left]
無法由陸路造訪的地區。[/left]
b) 把氣球保密，[/left]
留到戰時出其不意攻擊或防禦。[/left]
c) 委託發明家再造數十個這種「氣球」，[/left]
希望在國土建立交通系統，[/left]
加快運輸與思想交流。[/left]"
9000.25,"25.[/left]
當地酒館為一群稱為「[/left]
讀心者」的人爭辯激烈。[/left]
他們受某些城邦國王僱用。[/left]
傳聞這些讀心者能讀人念頭，[/left]
告訴領主某追隨者是否說實話。[/left]
你認為： a) 這是可怕的做法。[/left]
人的思想屬於自己，沒有人，即使是國王，[/left]
有權如此侵入另一個人的心智。[/left]
b) 忠於國王的追隨者不必害怕讀心者。[/left]
在為時已晚之前找出刺[/left]
客和間諜的方法很重要。[/left]
c) 在這樣的時代，這是必要之惡。[/left]
雖然你不一定喜歡這主意，[/left]
讀心者在戰爭時或為無辜者[/left]
洗清罪名時可能有某些好處。[/left]"
9000.26,"26.[/left]
有人告訴你一名青年被[/left]
村衛抓住，被控謀殺。[/left]
顯然，他的兄弟被當地酒館[/left]
四名無賴殺死，悲痛之中，[/left]
青年逐一找到他們並殺死他們。[/left]
思索之後，[/left]
你認為： a)[/left]
青年為兄弟復仇的行為光榮。[/left]
村莊領主該放他走。[/left]
b) 即使你同情這青年，[/left]
若要有和平，就不能容忍私刑。[/left]
c) 青年唯一的錯誤是在復仇時被抓住。[/left]
為此，他現在必須接受命運為他準備的一切。[/left]"
9000.27,"27.    某夜走回家，[/left]
你被課堂上認識的一名青年襲擊。[/left]
你出色地自衛，把他打昏。[/left]
趁他昏迷，你： a) 把他綁起來，[/left]
打算等他醒來再審問。[/left]
你想知道他為何襲擊你。[/left]
然後可以從容把他交給武器大師。[/left]
b) 割開他的喉嚨。[/left]
你課堂上認識他，[/left]
覺得若處境對調他會做同樣的事。[/left]
c) 留他一道可見的疤，讓他知道敗在你手下，[/left]
這可見的提醒對使用如此不[/left]
榮譽手段的人已是足夠懲罰。[/left]"
9000.28,"28.[/left]
父親喜歡講他年輕時旅行的故事。[/left]
在一則難忘的故事裡，[/left]
他告訴你造訪過一座原始島嶼，[/left]
那裡每年獻祭一名幼童以安撫火神阿里烏斯。[/left]
每當土著忽略獻祭，[/left]
島上火山就會爆發，殺死數百村民。[/left]
你告訴父親： a) 你不相信任何火山神。[/left]
文明人應該介入，[/left]
找出爆發背後的自然原因，並停止獻祭。[/left]
b) 阿里烏斯神要求幼[/left]
童獻祭，一定是邪惡的。[/left]
村民該想辦法對抗這神，而不是一味屈服。[/left]
c) 可悲，[/left]
但一個小孩的死好過許多村民的死。[/left]
若有效，他們該保持傳統。[/left]
眾神不是好戲弄的。[/left]"
9000.29,"29.[/left]
武器大師向課堂介紹一[/left]
名新生——矮小笨拙、[/left]
名叫提斯的男孩，看起來毫無天賦。[/left]
課堂分成兩側模擬戰鬥，[/left]
作為「將軍」之一，[/left]
你要分派士兵。提斯是你的人。[/left]
你決定： a)[/left]
把提斯放在前線與其他戰士一起，[/left]
心想在任何真實戰鬥中他大概[/left]
本來就是傷亡，必須有些犧牲。[/left]
b) 讓提斯當斥候，心想因為他個子小，[/left]
大概擅長潛入並收集敵情。[/left]
c) 在戰鬥過程中給提斯[/left]
幾個崗位，待在附近幫他，[/left]
好讓他獲得寶貴經驗並進步。[/left]"
9000.30,"30.    母親病得很重，[/left]
你被打發帶幾枚金幣去買稀有藥草。[/left]
走到藥劑店門口，[/left]
你發現錢袋有洞，金幣全掉光了。[/left]
你會： a) 進店，[/left]
把困境告訴藥劑師，[/left]
以榮譽擔保會還他[/left]
母親急需的藥草錢。[/left]
b) 試圖從藥劑店偷藥草。[/left]
你知道店裡老人抓不到你，[/left]
而母親病著。[/left]
c) 跑回家承認損失，[/left]
希望父親還有金幣。[/left]
你知道會受罰，[/left]
但既不會欠藥劑師，也不會當小偷。[/left]"
9000.31,"31.[/left]
你乘的船突然捲進巨大漩渦。[/left]
水流達到不可能的速度，[/left]
小船開始漏水，在渦流下下沉。[/left]
你看不到任何不承諾死亡的出路，[/left]
於是你： a) 拿起水桶拼命舀水，[/left]
希望再讓船浮幾秒。[/left]
b) 坐下來接受命運，[/left]
選擇以體面與高貴死去，[/left]
而不是像懼怕未知的普通人。[/left]
c) 跳進翻騰的水流。[/left]
你或許只是加速自己的死亡，[/left]
但至少你在做點什麼。[/left]"
9000.32,"32.    你在參加國王狩獵，[/left]
優勝者將贏得足夠舒[/left]
適過完餘生的財富。[/left]
你追蹤一頭稍早許多人射過的白鹿。[/left]
獨自檢查時，[/left]
你認出箭是朋友弓射的。[/left]
你取出箭仔細看時，聽見朋友們到來。[/left]
你會： a)[/left]
聲稱射中鹿的箭是你的，[/left]
從而獲得擊殺的榮譽？[/left]
b) 把箭給其他人看，[/left]
宣布朋友是當日的射手？[/left]
c) 建議平分獎品，[/left]
心想雖然朋友的箭射倒了公鹿，[/left]
你們所有人在追蹤與擊殺中都出了力？[/left]"
9000.33,"33.    故事與脂燭之夜後，[/left]
你看著收集來的一大堆零食，[/left]
發現很多酒漬李子，[/left]
一種你特別不喜歡的點心。你知道表弟喜歡。[/left]
你會： a) 把所有酒漬李子給她？[/left]
b) 用酒漬李子換她不[/left]
太喜歡但你喜歡的東西？[/left]
c) 假裝它們是極好的酒漬李子，[/left]
看她會不會拿出真正好的東西來換？[/left]"
9000.34,"34.[/left]
表弟給你起了個非常尷尬的綽號，[/left]
更糟的是喜歡在你朋友面前這樣叫你。[/left]
你請他停止，但他覺得看你臉紅很好玩。[/left]
你怎麼做： a) 給他起一個更尷尬的綽號，[/left]
不斷使用直到他學到教訓。[/left]
b) 編一個故事，[/left]
讓你的綽號變成榮譽徽章而不是羞辱。[/left]
c) 打表弟一頓，[/left]
然後告訴他若再叫那個綽號，[/left]
你會打得比這次更慘。[/left]"
9000.35,"35.[/left]
朋友奧蒂薩被一個比你們都大[/left]
幾歲的男孩毆打。她請你幫忙。[/left]
你更傾向： a)[/left]
召集一群朋友伏擊那男孩，[/left]
教他什麼叫欺負人。[/left]
b) 告訴奧蒂薩避開惡霸[/left]
——沒理由把事情搞得更糟。[/left]
c) 向那大男孩挑戰，知道你大概會挨打，[/left]
但自信若做夠多次，[/left]
他會轉去欺負更容易的目標。[/left]"
9000.36,"36.    父母為幾位親戚辦派對。[/left]
幫忙家務時，你看見表弟溜進一間暗房。[/left]
好奇地跟上，[/left]
發現他把一根銀燭台塞進外套。[/left]
他是個體面的男孩，[/left]
但你知道他家最近經濟困難。[/left]
他還沒看見你。[/left]
你會： a) 清清喉嚨，[/left]
叫他把燭台放回去，[/left]
向他保證若他家有困難你父母能幫忙，[/left]
但他不該偷竊。[/left]
b) 關上門什麼都不說。[/left]
你家可以沒有那根燭台，[/left]
但表弟家顯然不能。[/left]
c) 把他當普通竊賊。[/left]
把他鎖在房裡，叫父親。[/left]
若父親因表弟貧窮而慈悲，那是他的決定。[/left]
畢竟那是你父親的燭台。[/left]"
9000.37,"37.[/left]
與另外兩名冒險者探林時，[/left]
你們遇見一座似乎曾屬[/left]
於法師的廢棄小木屋。[/left]
從窗戶望去，你看見實驗室的殘骸，[/left]
架子上仍有許多藥劑與卷軸。[/left]
覺得你膽怯的吉奧蒂[/left]
娜建議闖入小屋探查。[/left]
另一名戰士胡納德建議[/left]
先進城打聽更多消息。[/left]
你建議： a) 進城。[/left]
他們更熟悉這地區，[/left]
可能對這小屋與周圍有重要資訊。[/left]
b) 闖入小屋，但留一人在外以防出事。[/left]
該調查新事物，而不是逃走。[/left]
c) 激吉奧蒂娜先進去。[/left]
若有陷阱，她可以踩中，[/left]
然後你和胡納德再從容進去探查。[/left]"
9000.38,"38.    這堂課特別折磨人。[/left]
武器大師對每個人，包括你，都無理苛求。[/left]
他的批評近乎辱罵，[/left]
似乎說不出任何正面的話。[/left]
下課時他轉身斥責你，[/left]
你從他肩後看見幾個同[/left]
學把一條好鬥但無毒的蛇[/left]
放進他的手提袋。[/left]
你會： a) 什麼都不做。[/left]
偉大的武器大師需要一劑謙卑，[/left]
這或許是報復他今天給你所有痛苦的好方法。[/left]
b) 告訴他你看見一條蛇爬進他的袋，[/left]
但不說同學做了什麼。[/left]
沒理由讓任何人惹上更多麻煩。[/left]
c) 立刻告訴他同學做了什麼。[/left]
無論他那天如何對待你，[/left]
都沒有藉口這樣不敬一位身經百戰的戰士。[/left]"
9000.39,"39.    因為你表示興趣，[/left]
武器大師告訴你一些[/left]
辨認魔法武器的提示。[/left]
後來你和幾個朋友練習射箭。[/left]
一個從未是強射手的[/left]
男孩忽然成了神射手。[/left]
你突然意識到他在用魔法箭。[/left]
你怎麼做： a)[/left]
告訴其他人這些箭。[/left]
在友好的射箭比賽裡，用魔法箭是作弊。[/left]
b) 告訴朋友你注意到他在[/left]
用魔法箭，若他不給你一些，[/left]
你就告訴武器大師和[/left]
其他人他進步的原因。[/left]
c) 什麼都不說。[/left]
若你需要魔法箭，以後隨時可以跟他提。[/left]
畢竟，魔法不算作弊，那是不同的技能。[/left]"
9000.40,"40.    獨自練習時，[/left]
你發展出一套自己非常興奮的新戰鬥風格。[/left]
向武器大師提起時，[/left]
他告訴你這在實際戰鬥中絕不會奏效。[/left]
你會： a) 在課堂對打中使用新風格。[/left]
當它奏效，他將被迫承認其實用性，[/left]
或給出不接受的理由。[/left]
b) 繼續問他細節，[/left]
把焦點放在招式上找出他的異議。[/left]
最終他必須給出更具體的批評。[/left]
c) 毫不質疑地接受他的話。[/left]
你的武器大師從祖父那輩就在戰鬥。[/left]
他一眼就能看出有缺陷的風格，[/left]
最好不要浪費他或你的時間問為什麼。[/left]"
