Key,Value
382613,卡爾昆莊園
1435144,飛翔的山羊客棧
2484750,卡爾喬姆農莊遺跡
3533330,斯丹達爾的歌唱之星
4582840,死亡的獅鷲旅店
5631489,斯丹達爾的神聖重生
6681069,菲格塔農莊遺跡
7730553,斯丹達爾的祝福先知
8779219,馬倫的衛所
9828725,老內斯宅地
10878349,阿特里加
11926957,克勒德之墓穴
12975535,老盧克塔棚屋
14025104,布比里達塔
15074640,蝙蝠與鳥客棧
16124193,貝爾巴克尼
17174726,拉喬姆之墓窖
18223327,格羅勒滕
19271936,老斯特克提的宅地遺跡
20320547,舒斯特農莊
21369130,斯丹達爾的聖殉者
22417712,利謝恩城堡
23467165,科菲爾特之墓穴
24516751,斯丹達爾的可畏之樹
25565421,塔爾德爾墓窖
26614955,加奇農莊遺跡
27663535,特盧倫克恩宮殿遺跡
28712158,穆爾金莊園
29760740,斯丹達爾的哀泣救贖者
30810229,穆爾普果園遺跡
31859850,阿扎魯斯蛛網
32910438,圖澤之塔
33959037,塞格坦莊園遺跡
35008605,卡洛古賈
36057193,索盧爾農舍遺跡
37106662,梅里姆的衛所遺跡
38155335,老鼠與城堡酒館
39204823,爾農舍
40253489,西羅·科姆
41303972,斯丹達爾的泣血之光
42353413,老勒克法的棚屋遺跡
43402098,克羅菲倫庭院遺跡
44450710,塞克特克恩之塔
45499404,斯丹達爾的泣血預見者
46548913,老莫爾西的宅地遺跡
47597527,貝蘇姆之塔
48647001,赫圖布
49695593,拉爾格克府邸遺跡
50744174,塞克比斯
51793622,福爾宮殿
52842419,惡魔的酒杯酒館
53891732,老斯勒斯·伊的農場遺跡
54940340,莫甘達通
55989066,魯爾庫爾墓地
57037717,弗洛齊爾墓窖
58086314,特里塞爾洛羅格蛛網
59135650,爾農莊遺跡
60184362,馬雷祖拉牧師宅
61233933,格雷喬恩宮殿
62282512,巴爾托巴姆之石塚
63331146,利特霍斯之墓陵
64379737,達爾佩姆府邸
65429189,喬爾特之墓窖
66477767,澤努努加
67526394,羅吉拉
68575045,加林莊園
69624526,克爾達爾之要塞
70673223,達森塔
71722522,老穆格特·西的棚屋
72771108,斯丹達爾的燃燒聖像
73819798,庫爾廷庭院
74868381,奧索帕薩
75917092,弗洛爾深坑
76966430,梅林祖拉隱修所
78015130,不安的獾旅店
79064561,沙利爾塔
80113160,爾克恩塔遺跡
81161870,梅薩斯庫扎
82210490,塞里布里
83259071,巴吉西布
84307700,比爾德宮殿
85356287,格里布利特爾之修道院
86405622,雷爾德爾公墓
87454323,貝爾佩莊園
88502910,斯丹達爾的神聖預見者
89551540,菲爾特克恩塔
90600914,穆斯圖恩府邸
91649523,梅什克農莊遺跡
92698270,斯丹達爾的泣血日出
93747600,巴爾彭農莊遺跡
94796189,拉切爾莊園遺跡
95844799,比爾克爾墓地
96893512,洛金公墓
97942118,薩什塔爾克
98991510,托索姆種植園遺跡
100040090,沼澤巫會
101088668,特羅格德雷德之蛛網
102137467,納拉哈雷特
103186065,比朱爾府邸遺跡
104235398,斯丹達爾的溫柔之星
105283981,基爾迪爾公墓
106332587,馬爾普塔遺跡
107381381,薩雷爾庭院
108429959,沃爾格城堡
109479287,弗盧克滕農莊遺跡
110527893,薩胡格克斯洞窟
111576593,馬爾格莊園
112625185,莫金達
113673773,斯圖瓦姆墓地
114723151,科格克恩城堡
115771856,納爾迪爾府邸
116820498,老加爾特薩的陋屋
117869111,查爾肯莊園
118917700,舒爾格倫城堡
119966282,瓦迪傑努
121015569,阿恩托爾的蛛網
122064188,斯丹達爾的燃燒日出
123112886,拉梅托爾
124161500,斯拉奇克之據點
125210098,賈維尼
126258734,狐狸與野蠻人酒館
127307321,不幸的城堡旅舍
128356798,女王的幼鹿旅店
129405455,托爾姆克恩莊園
130454792,爾莊園
131503383,奧夫爾洛爾特倫塔遺跡
132551983,努爾切隧道
133600681,蘇傑爾農莊
134649286,提爾曼小屋
135698635,斯丹達爾的泣血聖像
136747259,獅子與祭司客棧
137796000,達戈斯
138844664,馬菲拉爾公墓
139894101,因弗埃哈姆之墳墓
140942714,利金府邸遺跡
141992095,布格滕之墓窖
143040735,基斯特城堡遺跡
144089467,鼴鼠與獅鷲酒吧
145138118,弗拉多賓之石塚
146187374,德珍旅舍
147236000,福格塔的衛所
148284604,斯丹達爾的恆在日出
149333306,特爾德克之堡壘
150381889,貝爾通塔遺跡
151432271,塞蘭達·科姆
152480861,巴拉特塞薩洞穴
153529477,斯盧吉爾公墓
154578056,紅巨人酒館
155627572,爾庭院遺跡
156676394,口渴的城堡旅店
157725708,費爾金的衛所遺跡
158774290,死亡的巨靈旅舍
159822972,杜克特姆農莊遺跡
160871558,斯丹達爾的哀號預兆
161920136,惡魔的食人魔酒吧
162968729,福爾姆特小屋遺跡
164018199,貝格特公墓
165067009,納羅扎
166116413,老卡爾梅陋屋遺跡
167165096,斯拉爾孔農舍遺跡
168214503,喬德神龕
169263116,斯丹達爾的哀號祭壇
170311731,斯丹達爾的內在日出
171360386,芬恩庇所
172409839,斯丹達爾的燃燒救贖者
173458441,阿利克拉
174507143,老格雷菲爾塔的農場遺跡
175556631,老莫爾克·伊的陋屋
176605288,阿恩特勒拉拉
177654661,德米布洛特薩大教堂
178703270,山貓與哥布林客棧
179752024,拉莫文
180802482,老奇爾孔宅地
181851069,武斯特爾農舍遺跡
182899749,科喬恩城堡
183949105,法爾克特農莊
184997721,骯髒的豪豬酒吧
186046301,格羅姆戈德之蛛網
187094929,扎戈科迪蘇
188143528,切孫小屋遺跡
189193190,西羅古布
190242556,巴羅瓦爾之墳墓
191291157,老努夫棚屋
192339864,莫爾普莊園
193388504,老古奇陋屋
194437841,老莫斯塔棚屋
195486481,阿恩克爾之蛛網
196536104,老莫爾姆塔的農場
197584745,斯丹達爾的哀號重生
198633375,斯丹達爾的神聖之魂
199682739,切肖恩府邸
200732271,不幸的祭司酒吧
201780964,梅圖拉
202829551,米·科羅姆
203879193,格洛爾克的據點
204928583,老庫格特卡的陋屋
205977264,矮人與衛兵酒館
207025856,特爾塔庭院遺跡
208074444,法菲拉爾的衛所
209123897,斯丹達爾的永恆救贖者
210173448,埃芬神龕
211222058,謝什克恩之巢穴
212270681,老福爾德賈的農場
213319309,特爾普倫種植園遺跡
214368756,多爾塔爾塔
215417370,塞爾杜爾公墓
216466044,托爾根宮殿
217514723,索爾彭之要塞
218564063,克蘭府邸
219612654,塞爾斯塔塔
220661236,斯丹達爾的可畏神諭
221709922,菲孫種植園
222759570,索格圖爾果園遺跡
223808184,布拉爾米爾農舍
224856764,賈拉卡普勒克斯
225906201,沙格之據點遺跡
226954808,老納菲拉姆棚屋
228004335,斯丹達爾的恆在之魂
229053016,格里普比斯蛛網
230101594,梅索帕達
231152074,托格姆莊園
232200795,科爾克庭院遺跡
233250323,貝爾德克恩莊園遺跡
234299737,斯丹達爾的祝福之魂
235348344,布利斯府邸
236397881,老德爾格倫陋屋
237446494,勒斯府邸
238495080,小鼠與山羊客棧
239543676,梅爾敦之據點
240592287,尼布阿諾恩之墓室
241641772,卡斯農舍
242690359,老穆爾奇克宅地遺跡
243738940,德爾特府邸遺跡
244787524,費格提爾之採石場
245836138,納雷利達
246884751,老提斯特卡的棚屋遺跡
247933417,老鼠與蠍子客棧
248982810,斯丹達爾的溫柔救贖者
250031467,老格盧爾克恩陋屋
251080048,卡爾普特府邸
252128714,特
253178103,奎奧文神龕
254227629,伊格爾托爾的巢穴
255276232,希利
256324812,巴盧利特爾教區宅
257373454,瓊恩神龕
258423937,斯丹達爾的泣血之魂
259472602,斯丹達爾的歌唱之光
260522155,斯圖爾內爾府邸
261570737,拉明扎爾
262619463,特拉菲倫宮殿
263668060,斯丹達爾的神聖聖像
264717445,拉爾梅爾之巢穴
265766076,骯髒的獵人酒吧
266814675,拉爾格府邸
267863330,諾爾切恩之堡壘
268911915,博斯特爾莊園遺跡
269961337,阿戈古拉納
271011060,維倫的據點
272059640,布勒莫姆莊園
273109087,斯丹達爾的歡愉預兆
274158713,老斯塔丘姆棚屋
275207373,斯丹達爾的聖預兆
276256713,比·科羅姆
277305359,布盧奇恩庭院遺跡
278353957,特羅格洛比斯蛛網
279402560,舞蹈的顱骨旅舍
280451157,老庫爾普恩宅地遺跡
281500599,尼布伊恩古斯之陵墓
282549244,勒奇恩農莊遺跡
283597859,奧薩吉達
284646505,斯丹達爾的聖昇天
285695991,德珍旅舍
286744615,斯丹達爾的可畏救贖者
287793210,西魯里
288841797,格魯格提爾塔遺跡
289891195,拉沃恩農舍遺跡
290939827,格利菲利姆府邸
291988418,拉爾姆墓窖
293037082,科格克恩府邸
294085697,老內爾切姆陋屋遺跡
295135097,克羅爾切姆墓地
296183718,勒倫農莊
297233252,斯勒普克農莊遺跡
298281971,巴里馬爾之古塚
299330569,斯塔杜拉姆之墓陵
300379149,沙斯塔爾的衛所
301427780,努桑之堡壘
302477180,斯丹達爾的內在祭壇
303525778,梅爾德姆農舍
304574455,拉爾礦脈
305623831,嚎叫的巨人旅舍
306672563,多爾圖姆之據點
307721988,斯丹達爾的哀泣日出
308770593,內佐恩城堡
309819214,老沃斯特恩棚屋
310867837,提格之要塞遺跡
311916424,弗洛格滕農莊遺跡
312965044,杜格羅德神龕
314014480,深紅的龍旅店
315063105,老鼠與城堡旅舍
316111685,斯丹達爾的祝福預兆
317160266,瑞恩聖物庫
318208914,吉蘇姆巴卡特
319257524,老莫斯加的棚屋
320306128,老羅格提的農場遺跡
321355517,納雷米達
322404132,克羅夫特的據點
323452780,克羅菲利姆莊園
324501422,內克羅穆拉姆之石塚
325550786,斯丹達爾的溫柔預兆
326599516,弗勒普農莊遺跡
327648095,紅深坑旅舍
328696679,老西奇卡的宅地
329745279,斯丹達爾的無盡日出
330793882,老格爾德薩的陋屋遺跡
331843236,老斯拉倫棚屋
332892809,維吉府邸
333941395,維爾姆戈德之巢穴
334989983,盧金果園
336038589,矮人與雄鹿旅店
337087215,丘爾滕之塔
338135797,費諾·塔爾
339184390,貝爾克城堡遺跡
340233021,伊斯弗努薩
341281613,弗克圖爾墓地
342331000,野蠻的衛兵酒館
343379608,斯丹達爾的神聖救贖者
344428193,老馬爾肯宅地
345476776,老托爾丁宅地遺跡
346525472,蘇格特之堡壘
347574925,阿恩特利加
348623583,老塔倫陋屋
349672193,綠蠍子旅舍
350721642,斯丹達爾的可畏日出
351770233,薩茲之塔
352818852,卡爾倫公墓
353867436,斯丹達爾的歌唱之樹
354916022,澤尼布尼斯
355964708,特利爾特莊園
357014063,貝吉的據點
358062759,比夫塔農舍
359111377,阿西姆梅塞薩之修道院
360159968,女王的顱骨酒吧
280614,科拉諾斯的墳墓
1330211,阿凱的歡愉祭壇
2379774,惡魔岩巫會
3429338,不幸的哥布林酒館
4479901,馬德拉
5528488,老勒茲棚屋
6578066,斯洛金墓窖
7626665,德爾蒙莊園
8675250,老巴茲薩的農場
9724788,歡笑的麝香鼠旅店
10774406,阿凱的祝福預兆
11823947,吉格種植園遺跡
12873513,杜格塔姆府邸
13922119,弗盧爾特·西巫會
14971661,銀裂谷酒吧
16021288,克洛斯提爾之礦坑
17070814,利爾德種植園
18120387,格拉爾杜姆莊園
19169012,阿凱的靜默聖像
20220570,老克羅爾加的宅地
21269149,科倫滕墓地
22318700,阿凱的靜默神諭
23367291,豬與匕首客棧
24416873,布比利加
25465475,老塞格托姆棚屋
26514055,海狸與地城酒館
27563571,阿凱的溫柔之星
28613157,西里利托爾
29661742,老斯塔倫卡的棚屋
30711352,獅子與巨人酒館
31761888,莫文
32810498,利夫倫農莊
33860020,舞蹈的麝香鼠旅店
34908636,不幸的雄鹿酒吧
35957224,老弗利爾塔姆棚屋
37006757,金哥布林酒吧
38055401,迪瓦德紀念碑
39104906,鼴鼠與獅鷲酒館
40153505,紅巨靈酒吧
41202086,阿特拉恩達里
42250688,格格特庭院
43300230,老諾倫基的棚屋遺跡
44349839,金獵人酒館
45398435,黑城堡客棧
46447951,阿凱的燃燒先知
47496543,阿凱的永恆聖像
48546121,內托姆小屋
49594710,不安的匕首旅舍
50644300,德莫多斯洞窟
51693862,維斯特農莊
52743394,斯塔菲林公墓
53791978,薩爾波姆的據點遺跡
54840572,老索爾卡的陋屋
55890138,布博古雷格
56939726,賈盧·塔爾
57988316,尼爾克特城堡
59037842,老福爾尼的宅地
60087432,克格姆之採石場
61136024,因弗伊沃斯的古塚
62184614,老切爾克陋屋
63233210,老維爾寧陋屋
64281800,卡拉姆之採石場
65331301,拉爾滕種植園
66379920,梅爾墓地
67428498,阿凱的泣血日出
68478031,弗盧爾格倫種植園
69526636,芬恩庇所
70575230,蟾蜍與衛兵旅舍
71624781,阿凱的可畏祭壇
72673360,皮塔恩達里
73721998,阿凱的聖預兆
74771525,巴里馬爾之宅邸
75820115,拉斯礦坑
76868705,塔魯爾之採石場
77917283,死亡的巨人旅舍
78966863,科爾普滕農莊
80015445,克盧克特城堡遺跡
81064986,利提瓦魯隆之陵墓
82114541,老薩格提的農場
83163142,沃謝恩之墳場
84211725,蘇斯之據點
85261281,山貓與蠍子旅店
86309862,克魯克特府邸
87358449,杜格塔莊園
88409061,老諾倫加的農場
89458556,矮人與哥布林客棧
90507160,獅子與酒杯旅店
91556742,沃爾姆克塔遺跡
92605339,歡笑的雄鹿酒吧
93654858,貝爾特莊園
94704453,幸運的匕首旅店
95753093,吉西拉·科羅姆
96802664,老弗盧爾姆·西的棚屋
97852176,口渴的鳥酒館
98900755,尖叫的哥布林旅舍
99949360,綠豪豬酒館
100997944,奇沙恩農莊
102046546,不幸的獵人旅店
103095127,爾宮殿
104144622,福夫塔莊園遺跡
105193222,阿凱的哀泣預兆
106241831,拉米里扎爾
107290433,薩希爾東巢穴
108339922,瓦格塔姆宮殿
109388506,達爾特莊園
110437084,阿特雷圖拉納
111485666,費克坦庭院遺跡
112534275,弗拉爾克克城堡
113583869,阿凱的溫柔之光
114632454,塞基托斯鷹巢
115681966,黑頭盔客棧
116730577,飛翔的侏儒旅店
117779168,克盧爾佩爾農莊
118827763,老迪奇克恩宅地
119878318,穆爾彭之礦坑
120927858,法茲果園
121976502,迪斯普利瓦石窟
123026027,薩希魯戈斯
124074624,阿凱的無盡救贖者
125123236,弗祖爾之採石場
126172736,庫爾肯莊園
127221323,阿凱的神聖祭壇
128269915,蝙蝠與龍旅舍
129318524,狐狸與野蠻人旅舍
130368048,弗洛爾特隧道
131416636,布盧克特墓地
132465238,弗利隆庭院遺跡
133513843,爾之墓窖
134563343,薩斯塔礦脈
135611974,阿凱的恆在預見者
136660578,拉爾克爾城堡
137710091,老查爾姆陋屋
138758725,歡笑的巨靈酒館
139807303,阿凱的歡愉聖物
140856833,狐狸與食人魔酒館
141905448,鼴鼠與侏儒酒館
142954036,金刺蝟旅店
144003528,福爾姆特塔
145052109,老格羅奇塔的宅地
146100692,洛夫城堡
147149284,沃吉滕府邸
148197873,塞雷扎爾
149247395,老古爾提的農場遺跡
150295979,銀顱骨旅店
151345575,野蠻的狼酒吧
152394215,綠哥布林酒吧
153443738,盧吉爾採石場
154492334,蝙蝠與巨靈酒吧
155542890,阿凱的無盡預兆
156591521,老斯托爾特·西的農場
157641013,格洛斯特農舍
158689599,維什莊園遺跡
159738185,貝爾比布薩
160786781,格魯爾蒙挖掘場
161836332,野蠻的麝香鼠酒館
162884980,老里斯特陋屋
163933562,丘克托姆城堡
164983033,努爾普恩農莊
166031626,塔西利
167080208,白鳥旅店
168128795,索爾格種植園遺跡
169177410,比爾普滕之據點遺跡
170226015,佩利薩
171275589,丘克通宮殿
172324176,巴羅米斯之墳墓
173372759,杜里姆農莊
174422256,格羅梅貢
175470868,老西爾格克恩棚屋
176519461,阿凱的恆在之光
177568970,尼特莊園
178617558,老吉爾通陋屋遺跡
179667145,老基爾巴的陋屋遺跡
180715735,弗勒德克恩果園
181764321,維爾廷墓地
182812943,勒特莊園
183862425,梅塞圖拉
184911071,埃芬神龕
185960624,迪斯波爾戈尼瓦之巢穴
187009243,多吉莊園
188058712,賽伊聖物庫
189107315,里什克公墓
190155935,米茲特庭院
191204528,布格挖掘場
192253106,喬爾達姆的衛所
193301694,沃菲勒農舍
194350278,圖拉卡西
195398863,克倫滕農莊
196448324,瓦格爾之墓穴
197496981,塔爾塔
198546494,阿吉布努
199595078,阿戈圖達塔
200643689,博爾廷種植園
201692294,生鏽的刺蝟酒館
202740872,多塔爾墓地
203789460,阿凱的哀泣日出
204838962,弗利爾遺跡
205887566,拉斯賈秘社
206936158,阿凱的祝福殉者
207985722,賢者紀念碑
209034323,阿凱的靜默之光
210082903,西奇種植園
211132497,格拉奇克恩農莊
212182056,惡棍與獅鷲客棧
213230643,阿凱的燃燒重生
214279228,阿凱的永恆神諭
215328727,費內萬
216377313,特洛克塔爾庭院
217425940,阿凱的祝福之光
218474536,費尼里托爾
219524037,沃特之墓穴
220572643,烏姆巴斯塔·伊吉
221622164,老克利爾塔陋屋
222670759,老迪爾帕姆陋屋
223719376,老拉爾格卡的宅地
224767955,老弗拉西的宅地
225816546,惡魔的狼酒館
226866112,阿凱的無盡之魂
227914703,斯塔菲蘭果園
228963299,莫斯塔庭院
230012756,西里迪蘇
231061403,老格洛爾奇陋屋
232110005,西爾奇農莊遺跡
233159493,克魯斯特宮殿遺跡
234208431,迪倫克莊園
235257680,老梅爾克滕棚屋
236306258,維格里爾神龕
237354891,特
238403731,老納克坦宅地
239452315,老格爾格姆宅地
240501518,阿凱的無盡先知
241550101,老舒爾德基的陋屋
242598679,庫沃姆宮殿
243647389,阿凱的溫柔殉者
244696885,特爾丹的衛所
245745485,薩希莫塔之洞穴
246794067,卡扎爾之採石場
247842663,克爾德克墓地
248891243,舞蹈的蠍子酒吧
249939839,特爾普恩府邸遺跡
250988472,老克魯爾德卡的宅地
252037912,扎古
253086525,舞蹈的城堡旅店
254135105,不幸的城堡客棧
255183685,梅薩傑爾
256232310,老特利吉·埃的棚屋
257280915,深紅的哥布林酒吧
258329527,弗洛拉爾農莊
259378994,老塞斯塔姆宅地
260427633,老馬利的宅地遺跡
261476410,吉姆·塞神龕
262525663,皮提里雷特
263574243,豬與酒壺酒館
264622863,沃戈姆挖掘場
265671534,斯特夫之據點
266720140,德莫加斯石窟
267769537,黑酒杯旅店
268818143,多克特農莊
269866770,庫格塔城堡遺跡
270915592,索爾克提爾果園
271964817,海狸與刺蝟酒吧
273013426,諾羅姆府邸
274062031,瓦迪賈傑特
275110643,阿凱的溫柔之樹
276159236,帕普扎
277207872,爾礦脈
278256620,西爾切恩墓地
279305835,阿古努通
280354454,塞爾克庭院遺跡
281403107,博爾德特府邸
282451687,希爾特種植園
283500290,不幸的獵人酒吧
284548922,阿格拉納
285598299,阿凱的神聖之光
286646981,爾的衛所
287695809,老內夫賈的陋屋
288745021,口渴的衛兵酒吧
289793627,斯特倫納港灣
290842367,卡吉府邸遺跡
291890961,克勒菲爾克礦坑
292939545,巴隆洞穴
293988262,塞爾特莊園
295037564,狐狸與哥布林酒館
296086275,拉齊爾之要塞
297134854,豬與地城旅舍
298184204,阿凱的可畏神諭
299232783,阿凱的溫柔救贖者
300281370,達爾基瓦魯隆之墓陵
301329967,武朱爾農舍
302378551,舞蹈的仙子旅舍
303427278,老博齊的棚屋
304475879,比爾貢墓窖
305524589,朱巴托內薩洞穴
306573896,皮提拉扎
307622560,諾爾洛戈德的巢穴
308672305,阿凱的聖殉者
309721565,馬斯提恩墓窖
310770162,格拉恩克斯之洞穴
311818880,洛傑姆之要塞遺跡
312867615,老拉爾格特棚屋
313916202,烏姆貝·塔爾
314965464,阿吉里比
316014135,巴格滕之採石場
317062778,薩爾特克莊園
318111361,馬爾杜姆農舍
319159950,瓦爾貢種植園遺跡
320208530,庫維爾農莊
321257128,加爾格小屋遺跡
322305813,巴利利特拉之修道院
323355055,口渴的蠍子旅舍
324403651,法澤爾城堡遺跡
325452413,博爾東種植園
326501073,法塔姆果園
327550356,特勒斯塔恩之據點
328599030,幸運的豪豬旅店
329647642,霍穆諾爾貢之巢穴
330696228,弗洛爾普克墓地
331744867,小鼠與雄鹿酒吧
332793464,老鼠與城堡酒館
333842138,蟾蜍與城堡旅店
334891455,米斯特姆宮殿
335940137,貝爾貝米傑特
336988741,老庫吉·西的棚屋遺跡
338037341,斯拉爾迪姆隧道
339085990,努爾特墓窖
340134602,國王的山羊酒館
341183183,弗什深坑
342232477,圖奇克恩的據點
343281055,芬恩庇所
344329700,老尼古姆棚屋遺跡
345378384,喬德神龕
346426963,爾莊園遺跡
347475549,阿塞姆布羅爾戈內薩洞穴
348524169,山貓與豪豬酒館
349573491,蟾蜍與獅鷲酒館
350622206,女王的酒杯旅舍
351670860,德菲拉姆小屋
352719460,歡笑的頭盔酒吧
353768052,阿凱的祝福聖物
354817345,穆菲爾農莊遺跡
355865932,布爾莊園遺跡
356914570,提斯墓穴
357963190,白城堡旅舍
359011820,克利沃姆公墓
360060417,老格拉爾內姆宅地
361109009,庫澤小屋
362157694,雷爾坎的衛所遺跡
363207017,格拉塞納之深坑
364255625,莫爾克庭院
365304319,弗勒格特農莊遺跡
366352900,朱巴特斯之洞穴
367401481,野蠻的惡棍酒吧
368450071,矮人與貓旅舍
369498677,老弗洛爾特·伊的宅地
370548085,阿恩法恩
371596695,老提爾廷宅地遺跡
372645282,阿凱的神聖神諭
373693874,維什滕礦坑
374742470,諾爾洛斯的蛛網
375791126,阿凱的泣血預兆
376839770,弗利格特爾農舍
377889063,老科里爾棚屋
378937744,薩爾特種植園
379986322,梅爾滕農莊
381034968,老庫斯特薩的農場遺跡
382083548,伊斯法斯庫拉
383132133,死亡的鳥旅店
384180727,尼提恩農莊
385229376,戈爾圖姆府邸
386278617,惡魔的豪豬酒館
387327293,惡棍與獾旅舍
388375874,多爾丘爾庭院遺跡
389424474,海狸與顱骨酒吧
390473067,小鼠與蠍子酒吧
391521701,卡爾馬爾莊園
392570291,西爾菲林礦脈
393618902,老維爾格棚屋
394667540,埃洛托爾
395716850,卡爾普塔遺跡
396765447,達爾克哈姆府邸
397814096,特克圖爾墓地
398862681,羅吉利里
399911306,迪斯公墓
400960003,克拉爾波姆庭院
402008582,拉莫哈布
403057878,國王的麝香鼠旅店
404106556,弗勒什克恩庭院遺跡
405155141,格拉夫滕公墓
406203744,嚎叫的獾酒吧
407252359,惡棍與貓客棧
408300943,薩什洛克爾
409349533,深紅的貓客棧
410398134,阿凱的神聖之魂
411447558,嚎叫的巨人酒吧
412496148,莫什農莊
413544730,巴加吉文
414593314,狐狸與豪豬旅舍
415641905,博斯特倫城堡
416690483,格魯姆拉貢
417739082,托爾克特塔
418787688,巴加德·塔爾
419836266,尖叫的蠍子旅店
420884864,杜格羅德神龕
421934256,惡魔的龍客棧
422982924,迪瓦德紀念碑
424031523,博茲倫農舍遺跡
425080111,提什滕農舍
426128800,鼴鼠與獅鷲客棧
427177389,阿凱的永恆祭壇
428226661,弗拉斯塔恩莊園遺跡
429275510,阿凱的靜默重生
430324093,不幸的巨靈酒吧
431373454,老塞斯巴的棚屋
432422032,基蘭劇院
433470632,歡笑的野蠻人酒館
434519220,馬爾迪爾農莊
435567805,爾之據點
436616438,莫雷達塔
437665023,特勒斯塔農莊
438713608,爾之採石場
439762242,阿凱的祝福之魂
440811747,維格滕宮殿
441860378,老斯圖爾格塔陋屋遺跡
442908961,勒達爾農莊
443957573,努爾波姆深坑
445006152,索爾德克恩隧道
446054731,加斯塔農莊
447103311,努爾馬姆莊園遺跡
448152735,國王的土撥鼠酒館
449201439,紅龍酒館
450250078,巴盧切魯納之洞穴
451299362,老拉爾皮的宅地
452347947,卡爾貢農莊
453396544,索爾菲爾特之據點
454445225,費內圖扎
455493813,老弗爾特宅地
456542412,雷爾提姆莊園遺跡
457591005,奇爾提爾府邸遺跡
458639591,阿凱的恆在之星
459688172,杜格羅德神龕
460736834,諾爾達爾農莊
461786129,米維秘社
462834814,蘇爾塞莊園
463883463,口渴的匕首酒吧
464932068,塔什公墓
465980688,白惡棍旅店
467029300,薩爾努姆塔
468078561,蝙蝠與麝香鼠旅舍
469127163,洛爾喬姆公墓
470175759,斯托塞農莊
471224419,薩霍爾戈內納窪地
472273087,博爾德府邸遺跡
473321671,老尼爾姆塔的陋屋
474370268,拉爾提爾府邸遺跡
475418874,山貓與地城客棧
476467490,吉姆·塞神龕
477516754,曼達·戈拉
478565418,巴盧利特薩之洞穴
479614019,格爾內塔
480662728,惡魔的土撥鼠旅店
481711313,塞爾姆倫種植園
482759903,國王的豪豬旅店
483809207,阿凱的永恆殉者
484857805,特
485906497,伊格托爾鳥舍
486955075,馬雷布雷爾之巢穴
488003661,盧爾德特莊園遺跡
489052329,勒西爾種植園
490100960,帕帕卡拉
491150241,阿凱的祝福先知
492198841,埃洛潘
493247422,德莫爾貢之洞穴
494296001,生鏽的麝香鼠酒館
495344592,希菲拉姆礦坑
496393199,穆孫農舍遺跡
497441778,西什之墓窖
498490387,拉吉農莊
499538966,飛翔的巨人酒館
500587544,費根宮殿
501636224,布爾滕府邸
502684832,格里倫庭院遺跡
503733446,布博比
504782726,老巴爾德賈的農場遺跡
505831379,阿凱的可畏之星
506879971,基蘭劇院
507928598,弗盧克通果園
508977225,爾種植園
510025804,拉羅姆莊園
511074405,福格特農莊
512122992,布盧謝爾宮殿
513171575,紅惡棍客棧
514220177,蝙蝠與地城酒吧
515268759,老圖格卡的農場
516317352,生鏽的刺蝟客棧
517366664,洛爾廷農舍
518415245,弗洛爾坎農莊
519463835,維洛德雷德
520512475,死亡的地城酒吧
521561122,比布迪蘇
522609701,格魯格特克小屋
523658404,赫茲戈斯
524707712,福爾加爾宮殿
525756304,巴爾提門之石塚
526804889,老莫倫塔的農場遺跡
527853505,弗斯農莊遺跡
528902110,吉爾迪爾庭院
529950725,迪維爾農莊
530999355,弗利爾格農莊
532047934,飛翔的蠍子旅舍
533096591,穆爾克採石場
534145858,格里爾明公墓
535194585,塞杜努托爾
536243174,馬羅達斯之深坑
537291752,特澤城堡
538340348,老庫爾塔姆陋屋遺跡
539388960,塞德拉尼
540437567,阿凱的祝福日出
541486151,費倫的衛所遺跡
542534751,格拉爾丁塔
543583342,老博爾德陋屋
544632610,阿凱的神聖預兆
545681192,銀顱骨旅舍
546729808,克里爾普挖掘場
547778446,馬喬恩公墓
548827033,喬德神龕
549875618,塔謝爾墓地
550924196,口渴的惡棍酒吧
551972809,拉尼布
553021396,比薩爾的衛所
554070075,格勒多姆農莊
555118670,阿凱的內在之樹
556167259,老提勒陋屋
557216594,飛翔的深坑客棧
558265179,費斯特恩農舍遺跡
559313778,羅茲特挖掘場
560362360,武爾奇塔農莊
561410967,武克特莊園遺跡
562459550,阿佩拉·戈拉
563508149,索奇克恩採石場
564556749,金裂谷旅舍
565605365,歡笑的侏儒酒吧
566653961,阿凱的溫柔神諭
567702561,死亡的豪豬客棧
568751153,努吉果園
569800487,斯托爾特府邸遺跡
570849065,阿凱的哀號之星
571897682,阿凱的內在預見者
572946261,斯庫爾拉魯戈斯的蛛網
573994872,法奇姆之採石場
575043481,里希恩農莊遺跡
576092130,克盧佐恩果園
577140733,多塔爾的衛所
578189329,舞蹈的哥布林旅舍
579237935,薩菲拉姆莊園
580287209,舞蹈的深坑旅店
581335828,達莫尼達克斯
582384447,老斯洛格棚屋
583433066,小鼠與狗旅店
584481800,舞蹈的侏儒旅舍
585531161,拉爾提姆莊園遺跡
586579741,老基克特宅地
587628343,弗勒倫特葬地
588676931,馬基利文
589725634,格洛斯特府邸遺跡
590774260,塞克托姆果園
591822845,馬基拉·塔爾
592872152,阿凱的無盡殉者
593920756,老梅菲隆陋屋遺跡
594969370,費諾科加
596017981,維爾達姆農莊
597066710,阿凱的泣血昇天
598116045,維爾特農莊
599164838,杜爾德姆的據點
600213419,塞爾滕庭院
601262816,弗爾丁農舍
602311429,老布拉爾塔的宅地
603360154,老法爾奇塔的陋屋遺跡
604408733,比什礦坑
605457321,綠豪豬酒吧
606505916,阿凱的哀號預兆
607555179,阿凱的永恆預見者
608603803,野蠻的酒壺旅舍
609652458,薩爾金庭院
610701047,生鏽的劍酒館
611749757,奧夫索爾特塔遺跡
612798348,阿凱的歌唱救贖者
613846938,布拉爾特爾莊園
614895519,阿特拉扎
615944820,德莫爾戈納洞穴
616993464,薩霍斯之深坑
618042073,費爾潘墓穴
619090774,內克羅穆蘭之石塚
620140129,多丘恩農莊
621188962,布巴斯塔傑爾
622238277,扎格圖扎爾
623287082,格魯爾克之堡壘
624336490,老格里古姆宅地
625386017,賈勒納西
626434634,老內爾普爾陋屋
627483221,費丘恩莊園遺跡
628531964,古肖姆宮殿
629580576,菲克特之礦坑
630629882,老庫爾多姆棚屋
631678738,奧蘇姆巴文
632728020,莫蘭達加
633776605,特格特之墓穴
634825184,老博克特宅地
635873828,塞里里拉
636922587,喬克提爾農舍
637971932,科克特農莊
639020732,白獅鷲旅店
640069323,馬吉恩武斯之墓室
641118634,國王的狼客棧
642167220,布拉爾的衛所
643215803,拉爾科姆礦脈
644264383,舞蹈的匕首酒吧
645312968,梅林澤薩的巢穴
646361619,拉努圖尼斯
647411156,歡笑的巨靈旅舍
648459938,迪洛姆農舍
649509246,維菲爾的衛所
650557832,布盧爾德姆公墓
651606434,朱比勒西之巢穴
652655043,拉利爾莊園遺跡
653703784,基格特之墓窖
654752399,米爾杜爾農莊遺跡
655801692,拉斯之要塞
656850306,阿凱的內在之星
657899140,哈爾酒館
658948456,老馬爾·西的陋屋
659997108,老格拉茲法的陋屋
661045838,阿凱的泣血之魂
662095196,瑞恩聖物庫
663143800,阿加拉雷格
664192415,莫爾基特魯拉之洞穴
665241886,烏姆貝拉達克斯
666290483,庫菲爾府邸
667339079,查爾之要塞遺跡
668387721,奧夫武詹塔遺跡
669436434,銀獵人酒館
670485772,老利倫賈的陋屋
671534414,加菲倫公墓
672583006,老布利爾普陋屋
673631728,鼴鼠與酒杯旅舍
674680323,賢者紀念碑
675729656,不安的酒壺旅舍
676778251,斯拉吉倫農莊遺跡
677826883,提爾克宮殿
678875632,狐狸與蠍子客棧
679924213,蟾蜍與食人魔旅舍
680972812,老巴爾克姆陋屋
682022157,阿特拉哈加
683070739,阿特羅哈拉
684119343,沙倫莊園遺跡
685167926,歡笑的哥布林酒館
686216505,老納爾塔的棚屋
687265209,薩爾坎的衛所
688313813,馬格塔姆農舍
689362399,老加爾特·伊的陋屋
690410978,賈利利·科羅姆
691460371,尼奇果園遺跡
692508967,卡拉哈努
693557708,巴加哈托爾
694607065,老穆爾丹宅地
695655820,阿凱的無盡之星
696704415,瓦爾托姆庭院
697753005,弗爾坎農舍遺跡
698802314,阿凱的可畏之光
699850927,納扎姆墓地
700899519,阿塞姆博爾貢窪地
701948302,斯庫格古塚
702997649,沃奇姆農莊
704046307,銀蠍子酒館
705095039,馬克達
706143630,阿凱的泣血先知
707192938,特爾克滕之墳場
708241575,莫爾農莊
709290350,生鏽的惡棍酒吧
710338930,圖拉吉西
711388240,獅子與食人魔酒館
712436889,格魯什倫農莊遺跡
713485651,不幸的刺蝟酒吧
714534963,克利謝農莊
715583569,老達菲爾提的棚屋
716632162,巴克特農舍
717680749,瓦迪吉里斯
718730269,克魯克特農舍
719778864,科斯特倫城堡遺跡
720827443,歡笑的惡棍旅店
721876027,狐狸與狼旅舍
722924794,比斯農莊遺跡
723973418,莫爾科爾戈尼洞穴
725021999,斯盧克特克恩農莊
726071367,馬羅提洞穴
727120135,埃拉卡尼
728168713,弗盧爾德爾農莊
729218048,惡棍與侏儒旅舍
730266867,小鼠與巨靈旅店
731316182,嚎叫的獵人旅舍
732364804,羅甘達里
733413397,西菲倫莊園遺跡
734461979,老多格特薩的農場遺跡
735510756,沃爾普宮殿
736560316,格里什城堡
737609641,達爾托姆宮殿
738658236,矮人與惡棍酒館
739707049,骯髒的酒壺客棧
740756405,法格坦之墓窖
741805006,羽毛與獵人酒館
742853586,塞斯特姆的據點
743902197,庫什克葬地
744950914,迪斯普格克斯之深坑
745999511,布洛斯的衛所遺跡
747048842,勒扎爾
748097422,老菲斯圖恩陋屋遺跡
749146036,德穆盧拉洞窟
750194786,山貓與巨靈酒吧
751243373,塞達卡特
752291972,爾府邸
753341538,布利爾葬地
754391096,布爾切的衛所
755439686,賽伊聖物庫
756489066,阿茲拉斯
757537644,巴金宮殿
758586390,巴斯特墓地
759634970,法沙姆果園
760683584,阿凱的歡愉日出
761733134,老梅爾德倫陋屋
762782474,雷克特宮殿
763831075,克爾格克府邸
764879670,達莫霍斯
765928466,德珍旅舍
766977784,格拉爾普滕莊園
768026400,切斯特莊園
769075183,克爾托姆的衛所
770123761,侯爵加羅梅扎爾之墳墓
771173092,博爾普種植園
772221673,巴爾克隧道
773270266,老馬斯賈的宅地
774319020,肖爾波姆莊園
775368472,克里斯旅店
776417175,阿凱的內在先知
777465766,博索姆果園
778514344,內倫實驗室
779563690,老戈爾普·伊的宅地
780612271,綠裂谷旅舍
781660875,阿凱的哀泣聖物
782709506,菲吉農莊
783758211,白裂谷旅店
784806813,阿凱的靜默祭壇
785855395,薩爾孔宮殿遺跡
786904735,老博齊姆陋屋
787953319,鼴鼠與酒壺酒館
789001926,國王的劍旅店
790050516,阿凱的恆在救贖者
791099126,尖叫的食人魔酒館
792147861,福爾克賈集會所
793196442,莫戈科里
794245791,切提爾莊園遺跡
795294370,骯髒的巨人客棧
796343009,爾隧道
797391587,西爾德克恩之據點
798440176,雷爾克農莊
799488772,老克里菲爾塔的農場
800537446,阿凱的歌唱先知
801586797,格羅爾戈納之深坑
802635396,德梅布羅爾貢之洞穴
803683983,伊里克祭壇
804732578,維菲利爾府邸
805781234,澤納德傑爾
806829838,維爾普克葬地
807878443,蝙蝠與貓酒吧
808927045,格拉斯特莊園遺跡
809975625,德珍旅舍
811024218,梅利洛爾戈努納洞穴
812073565,塞凡採石場
813122173,阿凱的泣血重生
814170791,薩爾克特農舍
815219384,賈文卡特
816267998,老庫爾格·埃的陋屋遺跡
817316639,魯倫果園
818365218,嚎叫的食人魔旅舍
819413830,達格通學院
820463161,綠匕首旅店
821511768,阿凱的哀號先知
822560366,尖叫的麝香鼠旅舍
823609057,爾之墳場
824657637,斯塔爾果園遺跡
825706215,布勒姆滕墓窖
826754840,阿凱的永恆先知
827803421,阿凱的靜默之魂
828852830,老戈夫棚屋
829901465,梅拉姆城堡
830950061,穆爾克克公墓
831998678,奧夫格拉什克塔遺跡
833047272,老弗利爾特基的陋屋
834095861,庫德·哈西
835144466,拉克提姆隧道
836193049,弗洛爾甘果園
837242382,阿凱的哀泣救贖者
838290972,里爾特爾小屋遺跡
839339615,伊里克祭壇
840388213,維圖恩農莊遺跡
841436871,布巴德賈
842485460,格里松採石場
843534047,托奇特遺跡
844582667,盧爾德城堡
845632014,杜格羅德神龕
846680639,拉爾塔爾塔
847729225,老卡爾姆卡的宅地
848777810,梅克特之據點
849826458,戈切爾之要塞遺跡
850875070,蝙蝠與匕首旅舍
851923649,塞爾特爾農莊
852972246,米爾德克恩小屋
854020841,扎金·塔爾
855070172,老弗拉奇爾陋屋
856118765,爾農莊
857167346,拉肖恩城堡
858215924,博蘇爾塔
859264536,卡克特的衛所遺跡
860313234,比爾登之墓穴
861361878,塞爾莊園遺跡
862411224,格勒滕府邸
863459869,貝爾貝胡斯
864508514,圖切莊園
865557117,老杜肖恩棚屋
866606525,布加爾莊園
867655111,弗洛爾昆農莊遺跡
868703713,羅爾克爾農莊遺跡
869752300,福什塔農莊
870800881,不幸的劍旅舍
871849507,深紅的山羊旅舍
872898094,奧薩比
873946748,舞蹈的幼鹿酒館
874995353,拉魯爾之堡壘
876043946,老克羅什巴的陋屋
877093282,莫雷納努
878141863,科謝姆墓窖
879190516,盧克特挖掘場
880239130,紅酒杯客棧
881287709,莫拉斯塔達塔
882336320,豬與蠍子客棧
883384951,老科克特巴的棚屋
884433535,山峰巫會
885482974,比格莊園
886531601,克拉爾彭農莊遺跡
887580190,卡格通庭院
888628769,蘇吉倫挖掘場
889677355,老雷爾德宅地
890725940,老克利克提姆宅地
891774523,矮人與食人魔旅店
892823132,羅斯托恩塔
893872515,克雷斯農莊
894921184,德拉貢塔爾
895969874,巴爾克特農莊
897018455,老斯利爾德·西的宅地
898067933,托爾奇宮殿遺跡
899116609,法爾特克恩府邸遺跡
900166052,阿凱的內在聖像
901214684,勒農舍
902263311,特羅古東
903311908,布盧爾古爾農莊
904361297,塔西里傑爾
905409878,圖爾敦農莊
906458467,普圖通
907507070,德米勒塞薩之洞穴
908555648,阿凱的溫柔昇天
909604319,巴爾加姆莊園
910653729,惡棍與幼鹿客棧
911702323,舞蹈的仙子酒吧
912750944,阿凱的泣血殉者
913799595,老福斯卡的宅地
914849027,狐狸與野蠻人酒吧
915897632,鼴鼠與城堡酒吧
916946210,莫爾丘姆農莊
917994829,阿凱的聖聖像
919043436,貝爾達爾的衛所遺跡
920092025,阿凱的燃燒預見者
921140604,維戈德蛛網
922189211,納爾昆莊園遺跡
923238633,提喬姆之要塞
924287217,提爾托姆莊園遺跡
925335849,格雷斯提恩農莊
926385391,比菲爾農莊
927434158,提吉特小屋
928483499,法爾克特之據點
929532181,卡利爾之堡壘遺跡
930580764,阿凱的聖日出
931629363,國王的酒杯酒吧
932677974,格里斯圖姆府邸遺跡
933726610,爾農舍遺跡
934775971,阿凱的哀號殉者
935824604,阿凱的祝福重生
936874109,老巴爾賈的棚屋
937922842,弗爾普克恩的據點遺跡
938971483,盧朱姆的衛所
940020881,老爾的宅地
941069514,阿凱的歌唱之魂
942118126,弗爾格倫莊園
943166774,迪斯帕斯石窟
944215357,杜爾普農莊遺跡
945264748,阿凱的可畏昇天
946313348,布利爾特農莊
947361946,賽伊聖物庫
948410537,內斯托姆之堡壘
949459144,澤諾帕達
950507739,卡齊爾墓窖
951556386,菲爾德莊園遺跡
952604968,加爾特採石場
953654343,死亡的仙子酒吧
954702950,賈武努努
955751694,奎奧文神龕
14527,老蓋爾屋宅地
1063105,老主翼宅地
2111683,主屯農莊
3160274,爐萊府邸
4209819,白灣
5258397,銅興農舍
6306975,灰燼萊之堡壘
7355554,爐興塔
8405139,銅萊公墓
9453737,切斯特萊赫
10502323,鼴鼠與哥布林客棧
11551845,瑞恩聖物庫
12600425,圖恩岬
13649009,灰燼田莊墓地
14697587,王翼庭院
15746167,王津農莊
16794750,賽伊聖物庫
17843330,奎奧文神龕
18891919,瑞恩聖物庫
19941459,主田之要塞
20990037,維克托爾達巫會
22038638,雷道
23087227,牛萊
24135807,金豪豬客棧
25184391,綠田莊墓窖
26233905,鄉萊宮殿
27282483,瑞恩聖物庫
28331075,惡魔的獾客棧
29379655,老王津宅地
30428236,霍萊丘
31476844,歡笑的狼旅舍
32526351,王萊莊園
33574946,骯髒的獅鷲旅舍
34623526,朱利安諾斯的歡愉聖物
35672105,綠斯頓莊園
36720709,吉姆·塞神龕
37769295,白仙子旅店
38817879,斯托沃克
39867389,阿格里斯提爾實驗室
40915967,深紅的顱骨酒館
41964546,威克萊府邸
43013142,威克萊小屋
44061720,沼屋農莊
45110299,老西爾斯托納的農場
46158900,寬市集
47207489,老埃維拉比斯的棚屋
48256069,奧法夫克斯托恩塔遺跡
49305562,銅匠公墓
50354147,喬德神龕
51402737,伊普堡
52451319,鄉興農舍
53499912,鄉斯頓農莊
54548494,豬與蠍子酒吧
55597093,沼屋塔遺跡
56646597,蓋爾田莊府邸
57695182,灰城
58743773,林屯的衛所
59792354,老鄉屯陋屋
60840932,惡魔的劍旅店
61889510,老伊西里的宅地
62938088,加洛沼
63986669,賢者紀念碑
65035265,惡棍與雄鹿酒吧
66083844,老莫爾金的農場
67132425,鹿泰爾
68181937,塔姆維奇
69230516,獅子與獾客棧
70279098,主田莊府邸
71327687,爐萊農莊
72376288,爐翼果園
73424890,塔姆谷
74474390,霍爾田莊荒地
75522987,海狸與雄鹿旅舍
76571570,威克屯果園
77620152,朱利安諾斯的哀號殉者
78668734,鷹興莊園
79717323,銅屋莊園
80765903,銀侏儒旅舍
81814486,弗拉杜盧斯府邸
82863067,老林斯頓陋屋遺跡
83912568,尖叫的狼旅舍
84961146,阿爾德山
86009742,鷹斯頓府邸
87058338,邁伊神龕
88106924,東徑
89155532,綠鳥旅店
90204110,佩拉爾德之監牢
91253606,狐狸與裂谷旅舍
92302191,蝙蝠與獵人客棧
93350776,蓋爾村農莊
94399358,巴克匠之墓窖
95447936,鄉斯頓莊園
96496520,爐鹿庭院
97545105,蘭山
98593693,王村莊園
99642276,格雷邦之石窟
100691785,雷郡櫟林
101740368,豬與獵人酒吧
102788964,賽伊聖物庫
103837546,奧夫馬斯特里恩塔遺跡
104886131,威克田莊種植園
105934723,瓊恩神龕
106983303,綠田之墳場
108031897,蝙蝠與獵人旅店
109081397,朱利安諾斯的哀泣先知
110130013,上卡特
111178591,朱利安諾斯的內在之光
112227171,獅子與鳥旅店
113275764,貝拉多爾達傳統會
114324343,上原
115372924,沼斯頓塔遺跡
116421503,鄉翼農舍
117470083,朱利安諾斯的溫柔之星
118518662,騎士興
119568169,斯特倫納港灣
120616748,查倫市集
121665336,主興庭院
122713915,查倫橋
123762511,克羅姆灣
124811089,沼田莊宮殿
125859671,吉姆·塞神龕
126908249,舞蹈的鳥旅店
127956841,鷹匠之堡壘
129006341,沼匠農莊
130054920,東城櫟林
131103498,灰燼萊之塔
132152078,巴克津莊園
133200665,巴克屯農莊
134249263,德珍旅舍
135297871,鄉興塔遺跡
136346451,主翼莊園
137395036,切斯特沼
138444536,老威克田陋屋
139493125,圖恩特里
140541704,鷹田莊果園
141590297,耶弗瑞神龕
142638896,朱利安諾斯的祝福神諭
143687489,林田莊園
144736983,鷹村城堡
145785575,朱利安諾斯的無盡神諭
146834172,芬恩庇所
147882766,加洛維奇
148931349,蓋爾翼小屋
149979932,老蓋爾村棚屋遺跡
151028511,主鹿宮殿
152077095,吉姆·塞神龕
153126594,惡棍與仙子旅舍
154175177,老巴克津陋屋
155223763,羽毛與城堡客棧
156272344,邁伊神龕
157320925,老巴爾比薩的宅地
158369513,威克鹿庭院
159418121,阿格里納克的衛所
160466700,沼村農莊
161515287,沼興宮殿
162564769,鄉萊莊園
163613351,鄉萊農舍
164661932,爐翼府邸
165710518,維克托薩之秘社
166759113,獅子與狗酒館
167807695,陰萊
168856277,陰郡
169904857,老莫爾加納的農場
170953438,灰燼村塔
172002016,斯托萊
173050598,唱郡岩
174099181,阿爾德林
175147766,白山羊客棧
176197259,尖叫的蠍子旅店
177245857,鼴鼠與山羊酒吧
178294440,綠匠塔
179343022,莫羅米斯府邸
180391603,維格里爾神龕
181440233,奎奧文神龕
182489721,獅子與侏儒酒吧
183538307,銅田莊農舍
184586887,西沃克
185635474,切斯特井
186684057,切斯特門
187732649,蓋爾匠小屋
188781236,芬恩庇所
189829826,老瓦納納的棚屋
190878404,喬德神龕
191927923,基蘭劇院
192976502,上橋
194025113,銅田莊園
195073694,山貓與匕首酒吧
196122287,紅山羊旅舍
197170869,灰燼屋莊園
198220352,埃芬神龕
199268935,朱利安諾斯的恆在預兆
200317560,莫里米斯之墳墓
201366140,梅灣
202414729,塔姆堡
203463316,伊里克祭壇
204511906,鼴鼠與山羊客棧
205561396,巴爾特盧隆城堡
206609974,沼興莊園
207658581,斯托田莊
208707200,戰塔
209755779,綠田莊莊園
210804360,主田莊公墓
211853856,威克屋塔
212902436,克羅姆鎮岩
213951018,教堂徑村落
214999597,中萊赫
216048185,幸運的狗酒館
217096786,班迪神龕
218145364,中布隆
219193945,老鼠與酒杯旅店
220242523,嚎叫的豪豬酒館
221291104,老瓦尼薩的農場
222339685,朱利安諾斯的恆在昇天
223389183,銅田之要塞
224437762,狐狸與獅鷲旅店
225486340,海狸與劍客棧
226534926,朱利安諾斯的無盡聖像
227583526,銀地城酒館
228632105,林萊農舍
229680691,老銅萊宅地
230729279,伊里克祭壇
231777866,綠刺蝟酒吧
232826448,灰燼村種植園
233875026,灰燼興農莊
234923610,威克田莊園
235973089,泉鎮
237021668,伊普林
238070297,鄉斯頓庭院
239118883,鄉鹿莊園
240167461,狐狸與獅鷲客棧
241216042,爐萊府邸
242264620,莫雷胡隆的墳墓
243313198,小鼠與酒壺酒館
244361789,雷鎮
245410368,朱利安諾斯的恆在聖物
246459860,金獅鷲酒館
247508445,王屯府邸
248557025,邁伊神龕
249605619,十字莊
250654224,蓋爾田宮殿
251702809,巴克屋城堡遺跡
252751391,達爾克霍斯城堡
253800882,唱市集
254849465,海狸與狗酒館
255898048,巴利布洛恩之女修道院
256946637,銅田農莊
257995233,唱里奇櫟林
259043815,銅匠之塔
260092405,查倫貝斯
261140989,銀裂谷酒館
262189580,飛翔的狗旅店
263239083,西爾斯提恩傳統會
264287684,基蘭劇院
265336287,鷹興府邸
266384873,鷹田農莊
267433451,白原
268482033,老灰燼萊陋屋遺跡
269530616,教堂橋
270579196,貝爾市集荒原
271628677,獅子與山羊酒館
272677262,羽毛與蠍子酒吧
273725855,長橋
274774450,綠田府邸
275823044,爐萊墓窖
276871626,白牆
277920204,綠城堡酒吧
278969707,范要塞
280018287,蟾蜍與鳥客棧
281066891,銅屯的據點遺跡
282115478,老綠津棚屋
283164073,王匠的衛所
284212654,蓋爾匠府邸
285261242,蓋爾斯頓之據點
286309838,奎奧文神龕
287359317,堡沃克
288407903,灰燼萊農莊
289456481,野田莊
290505062,邁伊神龕
291553648,野塔
292602243,賢者紀念碑
293650828,長特里
294699417,上岬荒原
295748932,鼴鼠與惡棍客棧
296797523,狐狸與酒杯旅店
297846135,賽伊聖物庫
298894713,因弗埃尼斯之墓室
299943300,塔姆莫斯
300991883,黑雄鹿酒吧
302041379,班迪神龕
303089966,沼翼果園
304138547,老王津棚屋
305187125,長莫斯
306235716,老維克托爾達的陋屋
307284307,白鎮
308332886,鷹萊的衛所
309381468,蓋爾屯農莊
310430053,教堂林窪地
311478638,教堂鎮
312527221,裂堡
313575805,老伊索納的宅地
314624387,裂村
315673864,切斯特興
316722456,彭莫斯
317771039,朱利安諾斯的祝福聖像
318819636,彭興
319868217,女王的野蠻人旅舍
320916802,不安的侏儒旅舍
321965384,伊普沃克
323013972,惡棍與哥布林客棧
324062553,伊普里奇
325111152,骯髒的鳥旅店
326160634,矮人與劍客棧
327209212,王匠庭院遺跡
328257794,朱利安諾斯的泣血之魂
329306373,灰燼斯頓墓地
330354960,灰燼村農莊
331403555,豬與食人魔客棧
332452135,尖叫的祭司客棧
333500724,班迪神龕
334549302,范岬
335597880,鹿里奇
336646476,基蘭劇院
337695062,鹿貝斯
338744537,朱利安諾斯的靜默救贖者
339793146,牛原
340841724,爐田莊莊園
341890304,爐田莊小屋
342938901,爐萊城堡
343987493,德珍旅舍
345036075,威克屯莊園
346084655,鷹匠府邸
347133233,凱斯橋
348181825,主津墓穴
349231303,朱利安諾斯的可畏先知
350279888,爐興農莊
351328466,老林村棚屋遺跡
352377069,老埃利扎比斯的宅地
353425663,綠田莊農莊
354474267,巴盧奇恩齊之修道院
355522848,蓋爾斯頓果園
356572362,朱利安諾斯的歡愉預見者
357620953,尼布阿諾爾之宅邸
358669531,彭灣
359718110,老埃維洛薩的棚屋
360766716,斯托泰爾
361815307,朱利安諾斯的祝福預見者
362864800,銀祭司旅舍
363913378,蓋爾鹿府邸遺跡
364961975,老埃林的陋屋
366010568,爐津的衛所遺跡
367059157,舞蹈的顱骨客棧
368107736,朱利安諾斯的恆在殉者
369156333,東城
370205821,老綠萊棚屋
371254414,綠翼府邸
372302993,圖恩谷
373351603,芬恩庇所
374400200,賽伊聖物庫
375448793,綠屯公墓
376498289,老貝拉達拉的農場
377546898,獅子與酒杯客棧
378595489,泉谷大教堂
379644077,伊普道
380692661,阿納戈德蛛網
381741240,賢者紀念碑
382789827,雷谷
383838407,老卡羅利薩的農場
384887886,飛翔的哥布林酒吧
385936465,朱利安諾斯的無盡之魂
386985047,老伊索薩的農場
388033664,綠鳥客棧
389082280,老維克廷的宅地遺跡
390131779,梅洛爾貢之修道院
391180357,梅莊
392228943,老綠萊陋屋
393277521,阿恩迪斯提爾學院
394326106,老鼠與食人魔旅舍
395374686,老吉夫尼薩的宅地
396424217,紅獅鷲酒館
397472795,沼屋府邸
398521377,老銅津棚屋
399569970,巴克萊城堡
400618573,沼村塔
401667152,不安的惡棍酒館
402715734,爐萊之要塞
403765255,銅萊府邸
404813843,巴克村農莊
405862460,不幸的貓客棧
406912004,奎奧文神龕
407960590,長伯恩
409009177,瓊恩神龕
410057756,老爐萊棚屋
411106338,爐翼宮殿
412155857,主屯莊園
413204444,德珍旅舍
414253034,沼興小屋
415301614,蘭橋
416350216,銅翼小屋
417399741,巴克興農莊
418448322,國王的酒杯旅舍
419496938,基蘭劇院
420545523,莫爾迪里克之監獄
421595042,埃芬神龕
422643669,爐萊農舍
423693192,惡棍與狗酒館
424741785,銅興墓地
425790366,蓋爾興庭院
426838944,蓋爾田農莊
427887523,堡岬
428936102,迪瓦德紀念碑
429984680,吉姆·塞神龕
431033258,爐斯頓農莊
432081850,爐田府邸
433130431,陰谷自治鎮
434179010,鷹萊的衛所遺跡
435228537,克羅姆布隆
436277123,卡羅拉比斯之召集所
437325718,蝙蝠與祭司酒館
438374299,巴爾圖倫之鬼域
439422879,爐興之墓穴
440471470,克羅姆田莊
441520991,西林
442569575,巴克興莊園
443618157,巴克斯頓府邸
444666735,朱利安諾斯的歌唱神諭
445715337,灰燼田莊農莊
446764897,狐狸與惡棍酒吧
447813494,爐津城堡
448862083,雷萊
449911595,老埃拉比斯的棚屋
450960173,查要塞
452008756,主萊塔
453057335,沼萊塔
454105921,老威克村棚屋
455154502,海狸與獾客棧
456203084,沼翼府邸遺跡
457251668,堡井
458300250,阿克屯
459348835,芬恩庇所
460397417,賽伊聖物庫
461446969,霍爾堡
462496506,寬堡
463545086,老林屯棚屋遺跡
464593666,朱利安諾斯的溫柔聖物
465642248,寬泰爾林地
466690836,沼田莊農舍
467739421,烏塔斯提爾之巢穴
468788008,王斯頓農莊
469836591,老鼠與土撥鼠旅店
470885171,灰燼斯頓小屋遺跡
471934701,爐萊莊園遺跡
472983282,上村
474031873,朱利安諾斯的祝福之光
475080457,老銅萊棚屋
476129035,綠匠公墓
477177621,查維奇
478227155,白市集
479275740,爐萊之堡壘
480324321,老西爾斯塔拉的陋屋
481372911,沼村種植園
482421497,口渴的幼鹿酒館
483470080,科魯盧斯城堡
484518665,巴克萊府邸
485568177,霍穆內里大教堂
486616774,巴克匠莊園
487665380,十字牆公地
488713964,灰燼屋府邸
489762548,林興莊園遺跡
490812063,埃芬神龕
491860650,朱利安諾斯的聖昇天
492909232,威克匠莊園
493957816,貝爾萊
495006395,朱利安諾斯的溫柔重生
496054986,貝爾郡
497103566,杜格羅德神龕
498153098,王翼莊園
499201721,老鼠與貓酒吧
500250300,蘭貝斯大教堂
501299818,老伊薩納的陋屋
502348397,范伯恩
503396975,狐狸與刺蝟旅店
504445556,德珍旅舍
505494134,范貝斯
506542713,歡笑的哥布林旅舍
507591293,不安的巨人客棧
508639874,林萊宮殿
509688453,老埃洛爾達的宅地
510737032,鄉屋莊園
511785611,牛伯恩
512834193,伊里克祭壇
513882773,牛屯
514931353,格里特爾之石窟
515979933,切斯特谷
517029495,老埃利里的陋屋
518078083,寬道
519126666,維格里爾神龕
520175246,奎奧文神龕
521223826,格雷雷薩之女修道院
522273337,阿爾德要塞
523321921,鄉屋農莊
524370504,惡魔的幼鹿客棧
525419085,德珍旅舍
526467664,老王興陋屋
527516257,克羅姆岬
528564838,老綠翼陋屋
529613428,朱利安諾斯的哀泣重生
530662008,弗拉多沃爾的墳墓
531711538,伊普鎮
532760124,鄉村農莊
533808703,伊普牆
534857297,圖恩村
535905891,圖恩牆
536955421,生鏽的龍酒吧
538004000,加洛鎮
539052590,鹿林
540101181,鹿村
541149769,沼屋公墓
542199290,查倫門
543247868,老伊索納的宅地遺跡
544296449,埃多夫林實驗室
545345057,朱利安諾斯的歡愉預兆
546393645,阿格羅林城堡
547443168,德溫寧
548491755,戰井
549540347,薩胡加恩克斯大教堂
550588932,杜格羅德神龕
551637523,阿爾德屯
552686106,主田莊莊園
553735638,中泰爾
554784223,格羅爾諾托爾之巢穴
555832801,哥特堡
556881382,綠田農舍遺跡
557929967,賽伊聖物庫
558978548,哥特泰爾
560027126,維羅凡府邸
561075705,迪瓦德紀念碑
562124287,狐狸與顱骨客棧
563173802,蓋爾萊農莊
564222426,林萊莊園
565271967,野蠻的哥布林旅舍
566320559,莫爾迪瓦爾城堡
567369142,尖叫的豪豬酒吧
568417725,唱城
569466309,國王的巨靈旅店
570514891,小鼠與衛兵旅舍
571563472,主萊農莊
572612987,老卡洛琳的棚屋
573661585,銅翼宮殿
574710176,基蘭劇院
575759760,金城堡旅舍
576808348,斯托萊
577857875,長堡
578906477,朱利安諾斯的哀號先知
579955059,狐狸與巨靈酒吧
581003660,爐屋墓窖
582052238,野蠻的巨靈旅店
583101748,沼鹿農莊
584150352,銅田莊果園
585198935,巴拉斯隱修所
586247529,黑興
587296108,黑莫斯
588344688,灰燼萊宮殿
589393266,綠斯頓庭院遺跡
590442789,野屯
591491382,塔姆堡
592539962,野蠻的食人魔酒館
593588552,上津
594637130,林興種植園
595685724,女王的土撥鼠酒館
596735260,舞蹈的狗旅店
597783863,陰堡
598832454,鄉興小屋
599881986,朱利安諾斯的燃燒聖像
600930567,威克匠之據點
601979149,哥特谷
603027729,巴盧爾之神殿
604076313,綠翼農莊
605124893,鷹屯的據點
606173475,蓋爾鹿種植園
607222059,林田莊農莊
608271575,紅頭盔酒吧
609320168,西塔
610368764,斯庫爾戈斯蛛網
611417357,切斯特田莊
612465935,切斯特岬
613514513,霍穆諾吉恩克斯之修道院
614563094,瓊恩神龕
615611672,生鏽的仙子旅舍
616661214,銅鹿莊園遺跡
617709803,耶弗瑞神龕
618758384,范山
619807910,塔姆郡
620856492,查倫萊
621905070,朱利安諾斯的溫柔神諭
622953673,鷹屋府邸遺跡
624002256,山貓與獵人酒館
625050842,霍莫斯
626099427,長林
627148006,芬恩庇所
628196585,賽伊聖物庫
629246106,烏提里克的監牢
630294688,不幸的龍酒館
631343271,老鄉萊陋屋遺跡
632391862,鄉萊宮殿遺跡
633440444,阿爾德市集
634489032,林翼種植園
635538552,綠村農舍
636587130,朱利安諾斯的可畏昇天
637635710,貝丁感化院
638684305,鷹萊遺跡
639732883,鄉屯庭院
640781490,嚎叫的巨人客棧
641830073,綠屯葬地
642879598,裂郡荒地
643928190,加洛村盡頭
644976783,朱利安諾斯的泣血預見者
646025372,吉夫尼里祭儀所
647073963,海狸與酒杯客棧
648123472,老利西納的農場遺跡
649172057,朱利安諾斯的歌唱救贖者
650220638,沼津公墓
651269219,沼萊莊園
652317822,喬德神龕
653366409,豬與酒壺酒館
654414991,迪瓦德紀念碑
655464527,唱特里
656513109,王屯之堡壘
657561689,馬格恩祖隆之墳墓
658610298,查牆
659659802,威克萊農莊
660708380,西鎮村落
661756962,小鼠與龍旅舍
662805549,骯髒的貓旅店
663854131,林田莊莊園
664902713,東牆
665951305,山貓與刺蝟旅舍
666999893,切斯特村
668048485,切斯特道
669097991,老埃洛爾達的宅地
670146574,獅子與匕首旅店
671195204,惡魔的鳥客棧
672244716,威克萊農莊遺跡
673293320,老埃利納的宅地
674341900,鄉匠府邸
675390480,爐津之堡壘
676439058,霍里奇
677487636,朱利安諾斯的哀泣聖物
678536231,十字屯
679584814,王田莊公墓
680633393,十字井
681681971,霍爾屯櫟林
682731479,東谷岩
683780067,主萊府邸
684828646,戰城
685877227,鄉鹿府邸
686925822,威克萊小屋遺跡
687974401,老爐屋棚屋
689022980,不幸的土撥鼠旅舍
690072529,格雷祖拉之神殿
691121124,幸運的食人魔旅舍
692169730,克羅姆萊赫
693219248,老瓦諾爾達的農場遺跡
694267827,凱斯谷
695316411,朱利安諾斯的歌唱先知
696365006,灰燼津莊園
697413586,蝙蝠與獾旅店
698462174,主田莊宮殿
699511718,巴爾塔努斯之墓陵
700560300,霍爾郡
701608879,瑞恩聖物庫
702657460,貝爾林
703706045,老貝拉迪納的棚屋
704754632,舞蹈的麝香鼠客棧
705803210,惡棍與山羊酒吧
706852725,朱利安諾斯的永恆神諭
707901304,奎奧文神龕
708949885,老吉夫納比斯的陋屋遺跡
709998470,王翼小屋遺跡
711047048,吉姆·塞神龕
712095626,林鹿宮殿
713144204,朱利安諾斯的哀泣神諭
714192784,哥特沃克窪地
715241376,飛翔的土撥鼠酒吧
716289955,班迪神龕
717339491,德珍旅舍
718388071,伊里克祭壇
719436649,朱利安諾斯的燃燒之光
720485248,主鹿莊園遺跡
721533830,鷹萊農舍
722583379,銅屯公墓
723631964,沼斯頓農莊遺跡
724680544,灰橋
725730104,班迪神龕
726778689,綠村墓窖
727827282,鄉萊城堡遺跡
728876830,爐翼之堡壘
729925414,長谷
730973998,口渴的獾客棧
732022579,斯特倫納港灣
733071170,惡魔的惡棍酒館
734120713,綠村庭院
735169297,老綠興陋屋
736218876,長布隆
737267460,長田莊
738316045,十字堡
739364625,巴克萊農舍遺跡
740414174,鄉興農莊
741462775,銅翼農舍
742512330,深紅的龍酒吧
743561899,老巴克田莊陋屋
744610478,巴克屋農莊
745659060,老巴爾巴納的宅地
746707640,惡棍與麝香鼠客棧
747756225,老吉夫納納的陋屋遺跡
748804803,綠酒杯客棧
749854361,鄉匠小屋
750903948,鄉村塔遺跡
751953513,德梅班扎牧師宅
753002110,老埃維洛里的陋屋遺跡
754052660,幸運的巨人酒吧
755101242,林屋的據點遺跡
756150820,灰燼斯頓之塔
757199399,鷹翼府邸
758247982,利托瓦爾之鬼域
759297545,國王的獅鷲旅舍
760347118,維格里爾神龕
761395704,深紅的裂谷客棧
762444294,烏提瓦爾學院
763493854,杜格羅德神龕
764542438,斯特倫納港灣
765592001,綠田農莊
766640587,教堂堡
767690155,雷原窪地
768738742,阿爾丁興
769787326,灰燼斯頓農莊
770836874,巴克屋莊園
771885456,灰燼翼果園
772934043,灰燼屯庭院
773982625,喬德神龕
775031204,十字貝斯
776079785,灰燼屯府邸遺跡
777129349,查倫灣
778177934,瓊恩神龕
779227487,主興之要塞
780276067,長維奇公地
781324646,奎奧文神龕
782373232,阿格里斯提爾之巢穴
783422786,老爐田棚屋
784471376,埃芬神龕
785519965,朱利安諾斯的祝福殉者
786569518,蓋爾村庭院
787618097,阿克道
788666676,惡魔的裂谷酒館
789715272,生鏽的哥布林客棧
790764832,小鼠與裂谷旅店
791813416,老卡羅利里的陋屋遺跡
792862990,伊里克祭壇
793911577,灰城
794960155,灰燼田府邸
796009708,基蘭劇院
797058291,黑檀臂鐵砧
798107865,范城
799156454,杜格羅德神龕
800205034,蓋爾翼小屋遺跡
801254579,灰燼鹿莊園
802303180,瑞恩聖物庫
803352738,深紅的食人魔旅舍
804401327,鷹興宮殿
805449910,女王的貓旅店
806500460,賽伊聖物庫
807549042,泉林
808597625,爐鹿之宅邸
809647192,鷹鹿之塔
810696763,杜格羅德神龕
811745341,霍穆南祖拉之修道院
812793926,海狸與裂谷旅舍
813844489,王津宮殿
814895068,塔姆橋荒原
150625,老利索薩的農場
1203200,綠萊府邸
2255771,朱比斯之大教堂
3304357,蓋爾屋種植園
4353927,老貝拉丁的宅地遺跡
5405511,戰維奇
6454102,主鹿之墓穴
7504661,灰燼匠農莊
8553253,灰燼斯頓墓窖
9601832,達爾基瓦隆之陵墓
10651391,蓋爾鹿農莊遺跡
11700980,加洛市集
12751564,薩胡勒薩隱修所
13801128,王萊果園
14850712,老綠屯棚屋遺跡
15899294,沼屋農莊
16955879,主萊農舍遺跡
18008477,綠翼之據點遺跡
19063095,老埃維拉納的陋屋遺跡
20115597,唱堡
21164199,老伊西維拉的陋屋遺跡
22212799,鄉興莊園遺跡
23261407,老芭芭拉的宅地遺跡
24312929,鄉鹿墓地
25361511,巴羅曼之宅邸
26412048,弗拉德盧隆之石塚
27460713,爐匠農莊
28510249,銅興果園
29559836,沼津墓地
30609345,蓋爾匠果園
31657973,沼屯公墓
32707505,鷹萊墓地
33756086,綠興小屋遺跡
34805654,老利薩內的陋屋遺跡
35854242,梅洛德薩神龕
36902847,主津的衛所遺跡
37951443,王斯頓農莊
39000033,鄉翼宮殿遺跡
40048624,老瓦尼里的農場遺跡
41098135,老鄉興陋屋遺跡
42147750,唱堡
43196334,迪倫尼塔
44245868,黑岬
45294491,蓋爾村府邸遺跡
46349068,老卡羅拉納的棚屋遺跡
47398630,鄉村農莊遺跡
48448177,維格里爾神龕
49498745,格拉特蘇拉洞穴
50547327,喬德神龕
51596953,爐田莊塔遺跡
52646490,銅興之據點遺跡
53695097,綠屋莊園遺跡
54743685,鄉屋公墓
55793228,老綠興陋屋遺跡
56842789,上谷
57891426,爐田的據點遺跡
58940973,鷹田塔遺跡
59989563,巴克翼農莊
61040090,銅鹿之塔
62088691,灰燼萊墓地
63139260,沃吉拉霍斯巢穴
64187869,主屯墓地
65237397,銅田莊庭院遺跡
66289023,老王津陋屋遺跡
67338571,林田莊宮殿遺跡
68391165,王村之墓窖
69440728,主匠之墓窖
431613,老里夫加的農場
1481187,老克羅什提的陋屋遺跡
2530768,老巴爾彭陋屋
3581351,奧塞圖賈
4631935,多克特果園遺跡
5682489,老丘爾塔的棚屋遺跡
6732098,德倫塔莊園遺跡
7781593,莫拉爾克爾的巢穴
8830220,阿塞姆爾之巢穴
9878808,里斯特姆農舍遺跡
10928367,多爾克之地城
11977015,瓦克特之據點遺跡
13027557,巴爾普莊園遺跡
14076159,老武爾奇塔的宅地
15125637,蘇傑農莊
16175206,薩什古的蛛網
17224899,費爾昆農莊
18274401,扎戈里
19323016,梅索尼拉
20371624,塞爾文之據點遺跡
21421082,菲爾內恩農莊遺跡
22469727,塔奇莊園遺跡
23519340,斯科爾滕之巢穴
24568856,德莫塔之洞穴
25617442,老特拉爾德·伊的棚屋遺跡
26666923,基吉克恩種植園
27716641,老庫爾德塔的棚屋遺跡
28765244,巴菲爾農舍遺跡
29814665,里爾普特礦坑
30863270,特勒倫倫之要塞遺跡
31911898,提沙恩墓地
32961436,薩林庭院遺跡
34010017,盧爾奇爾塔
35058602,塔茲果園
36107196,老納格特姆宅地
37155800,特里塞爾拉斯
38204410,爾府邸遺跡
39253991,魯爾納姆農莊
40303549,菲斯提集會所
41352975,科爾帕爾小屋
42401557,馬奇姆之巢穴
43450165,老法奇的陋屋遺跡
44498759,老塞爾斯賈的宅地遺跡
45547431,克吉薩之召集所
46596895,斯特倫納港灣
47645482,加維爾農莊遺跡
48694066,布爾古爾小屋
49742662,比布
50791306,馬格恩胡斯之墓窖
51840739,拉特多斯的蛛網
52889353,老沃爾德·西的陋屋遺跡
53937943,克拉爾德特塔遺跡
54987478,賈利傑爾
56036064,提爾奇爾的據點遺跡
57084687,老巴爾特倫宅地遺跡
58133296,老武斯提爾陋屋
59181920,莫爾基特雷薩隱修所
60230500,老巴夫法的宅地
61280043,博爾普塔莊園遺跡
62329487,格羅東之深坑
63378178,卡奇農莊
64427798,巴格拉達克斯
65477292,老弗利吉·埃的宅地
66526947,德孫公墓
67576464,格勒達姆莊園
68625974,喬爾塔姆之巢穴
69675577,米查姆莊園遺跡
70724212,沃吉拉多斯的蛛網
71772829,基什特農莊遺跡
72822285,阿索姆恩洞穴
73870918,福爾昆之巢穴
74919500,野蠻的侏儒酒館
75968082,西爾格塔爾之據點遺跡
77016666,矮人與鳥酒吧
78065320,切格圖姆之巢穴
79113909,莫爾克斯牧師宅
80163288,老博格爾宅地遺跡
81211886,老拉爾普塔的農場遺跡
82260499,加喬恩果園遺跡
83309126,西朱姆農莊
84357712,費納哈托爾
85406346,諾林實驗室
86455742,布拉盧姆之據點遺跡
87504357,老德菲爾陋屋
88552986,尼佐恩府邸遺跡
89601617,老薩盧姆陋屋
90651050,烏姆博科普勒克斯
91699676,切爾德農舍遺跡
92748287,迪斯帕提特魯拉的巢穴
93796930,奧夫爾拉吉倫塔遺跡
94845524,格拉恩克斯教區宅
95894118,塞爾奇克莊園遺跡
96943543,克拉茲小屋
97992136,丘爾格城堡遺跡
99040716,塞爾托姆塔遺跡
100089302,科爾丹塔
101137944,博斯特·西祭儀所
102186544,黑獾酒吧
103236040,拉姆吉·伊吉
104284624,赫爾滕蛛網
105333234,老盧爾提的棚屋
106382668,克魯奇塔莊園遺跡
107431332,老比維姆棚屋遺跡
108479934,圖爾貢農莊
109529398,領主巴雷尼斯之墳墓
110578025,尼爾塔爾農莊
111626613,卡爾克塔實驗室
112675194,老格魯詹宅地遺跡
113723786,馬格恩祖斯之石塚
114772378,格羅姆托爾之蛛網
115820964,小鼠與侏儒酒吧
116869606,米爾特莊園遺跡
117918186,提爾德府邸遺跡
118967585,老希夫宅地
120016204,米爾格爾小屋
121064859,庫達吉西
122113441,塔克特之巢穴
123162909,矮人與狼旅舍
124211637,老梅爾平陋屋
125260254,薩霍東迴廊修道院
126309731,查爾普種植園
127359300,費爾庭院遺跡
128407941,尼爾普公墓
129456566,老杜爾納姆陋屋遺跡
130505957,嚎叫的頭盔旅舍
131554579,布拉菲勒莊園遺跡
132603186,福文之堡壘遺跡
133651858,蘇爾金城堡遺跡
134701264,格里普沃爾的蛛網
135749859,丘爾克特種植園遺跡
136798558,塞達拉
137847170,斯特羅姆莊園遺跡
138896552,老爾的棚屋遺跡
139945175,基科斯巫會
140993779,塞魯姆巴托爾
142042429,維爾姆特塔遺跡
143091869,口渴的獅鷲酒館
144140492,老索爾姆特宅地遺跡
145189125,幸運的劍旅店
146237703,內克特爾城堡遺跡
147286354,博格塔姆的據點
148334938,弗盧什農莊遺跡
149384317,戈爾奇倫農莊遺跡
150433012,達爾廷農莊遺跡
151481625,銀酒杯旅店
152530204,克羅爾西姆府邸遺跡
153578823,迪斯皮恩克斯之深坑
154627401,布爾德爾塔遺跡
155676749,努吉特庭院遺跡
156725374,格魯姆托爾之蛛網
157773967,勒德莊園遺跡
158822559,老克拉茲巴的陋屋遺跡
159872057,老盧提的棚屋遺跡
160920704,迪爾東農舍遺跡
161970272,科格提爾農莊遺跡
163018850,克雷爾梅姆墓窖
164067428,科薩姆農莊
165116053,老托爾通陋屋
166164723,阿諾斯之巢穴
167214070,戈格滕庭院遺跡
168262662,布茲克恩農舍遺跡
169311276,朱比特魯拉洞穴
170359865,查盧爾礦脈
171408465,老爾的陋屋
172457047,老福爾普塔棚屋遺跡
173505763,托菲利爾莊園遺跡
174555224,格雷博爾戈努納的巢穴
175603838,盧爾特姆塔遺跡
176652495,老比爾奇塔棚屋
177701818,克雷爾姆種植園
178750512,老費贊宅地
179799151,貝爾普塔農莊
180847759,布爾梅爾莊園遺跡
181897118,老馬津棚屋
182945791,老費爾普加的陋屋
183994386,圖賈爾塔遺跡
185043910,雷爾德府邸遺跡
186092530,奧夫西斯特塔遺跡
187141159,格魯倫礦脈
188189797,朱賓齊神龕
189238402,老羅托姆棚屋遺跡
190287842,銀巨靈客棧
191336433,塞爾多姆莊園遺跡
192385017,格里皮爾拉斯
193433691,弗爾基姆小屋
194482274,老拉克特加的棚屋
195530860,女王的獵人旅舍
196580305,阿恩特勒拉
197629794,老拉爾德賈的陋屋
198678412,老弗洛克特加的陋屋
199726993,古塞府邸遺跡
200775737,洛斯滕果園
201825118,卡貢塔遺跡
202873749,老喬爾德法的陋屋
203922349,希爾基姆農莊遺跡
204970993,杜謝恩莊園遺跡
206019608,老格勒普賈的宅地遺跡
1644,爐屋公墓
1050260,老卡羅利里的宅地
2098852,林斯頓公墓
3147527,喬德神龕
4196108,切斯特城
5244696,凱娜瑞斯的哀泣預兆
6293334,林興之堡壘
7341915,鄉匠塔遺跡
8390543,切斯特維奇
9439137,銅萊農莊
10487729,蓋爾萊之要塞
11536982,沃吉塔爾克鷹舍
12585570,主匠府邸遺跡
13634206,老埃利維拉的棚屋
14682790,老伊索納的棚屋
15731372,老伊索薩的棚屋
16779998,蓋爾萊墓地
17828600,銅翼城堡遺跡
18877206,威克村墓地
19925788,凱娜瑞斯的祝福預兆
20974373,凱娜瑞斯的聖之星
22022953,莫爾科德爾之石窟
23071535,老埃利維拉的陋屋
24120113,凱娜瑞斯的永恆日出
25168738,莫爾基洛爾貢洞穴
26217316,阿索姆德西瓦之洞窟
27265954,王斯頓農莊
28315200,巴克萊墓窖
29363789,綠麝香鼠旅店
30412371,蟾蜍與土撥鼠酒吧
31460970,灰燼津果園
32509552,黑城
33558134,口渴的龍旅店
34606713,沼村墓窖
35655395,羅丁隧道
36704011,林匠墓穴
37752631,老銅匠陋屋
38801209,蓋爾匠庭院遺跡
39849797,銀巨靈旅舍
40898431,老灰燼津陋屋
41947686,范田莊府邸
42996325,伊格多斯
44044914,騎士岬
45093496,老威克萊棚屋遺跡
46142085,王屯之要塞遺跡
47190709,凱娜瑞斯的溫柔神諭
48239311,主屯莊園
49287929,獅子與刺蝟旅舍
50336520,凱娜瑞斯的可畏預兆
51385101,凱娜瑞斯的無盡聖物
52433687,老王津陋屋
53482294,賢者紀念碑
54530931,綠匠農莊
55580149,瑞恩聖物庫
56628732,老貝拉多納的宅地
57677384,飛翔的深坑客棧
58725972,威克屋城堡遺跡
59774562,羅迪克托爾之採石場
60823183,梅萊赫
61871781,王村農舍遺跡
62920368,巴克村農莊
63968949,綠村莊園遺跡
65017553,銅翼墓穴
66066147,蓋爾鹿庭院
67114744,凱娜瑞斯的燃燒之星
68163339,主匠農莊
69211989,沼興農舍
70261325,爐匠農莊
71309930,老伊西薩的農場
72358546,凱娜瑞斯的恆在祭壇
73407187,凱娜瑞斯的可畏日出
74455787,鷹津之要塞
75504411,迪斯普利之洞窟
76552989,女王的惡棍酒吧
77602257,威克屯農莊遺跡
78650843,巴克屯之據點遺跡
79699433,老威克斯頓棚屋
80748038,維克提薩之密室
81796618,鼴鼠與哥布林客棧
82845208,凱娜瑞斯的泣血預兆
83893801,老埃利扎納的農場遺跡
84942379,陰布隆
85990961,斯托鎮
87039553,灰燼田莊果園
88088136,綠田城堡
89136756,塞基爾塔爾克
90185358,埃多夫林採石場
91233951,喬德神龕
92282534,凱娜瑞斯的溫柔日出
93331134,凱娜瑞斯的內在聖像
94379718,銅津果園
95428310,綠鹿庭院
96477633,威克翼莊園
97526214,鷹屯莊園
98574845,銅斯頓塔遺跡
99623434,阿薩姆特斯之洞穴
100672015,凱娜瑞斯的祝福祭壇
101720598,老埃洛爾達的宅地遺跡
102769181,德米勒蘇納洞穴
103817759,林屋塔遺跡
104866338,凱娜瑞斯的永恆預見者
105914961,威克田塔遺跡
106963610,威克津農莊
108012216,長萊
109060807,老莫爾吉里的陋屋
110109391,基蘭劇院
111158673,老銅田莊棚屋
112207251,中沃克田
113255837,綠津農莊
114304418,灰燼田莊府邸遺跡
115353015,哥特堡
116401689,哥特沃克
117450301,凱娜瑞斯的聖預見者
118498889,灰燼村庭院遺跡
119547483,灰燼萊之據點
120596066,老爐興陋屋
121644647,奎奧文神龕
122693230,特迪克托爾之地城
123741848,蘭莊
124790443,老維克廷的宅地
125839025,小鼠與龍旅舍
126887609,凱娜瑞斯的可畏之光
127936206,西門
128984793,老埃拉內的農場
130033374,灰燼萊的衛所遺跡
131081982,尖叫的侏儒酒館
132131188,銅匠農莊
133179783,狐狸與哥布林旅舍
134228379,巴克田農舍
135276992,凱娜瑞斯的哀號之光
136325578,灰燼萊農莊
137374178,巴克興之堡壘
138422770,綠田之要塞
139471380,白山羊酒吧
140519963,凱娜瑞斯的泣血救贖者
141568583,王鹿莊園遺跡
142617171,彭興大教堂
143665774,銅屯農莊
144714352,鄉萊種植園遺跡
145762949,深紅的巨靈旅店
146811541,蓋爾屋農莊
147860134,老利索納的農場
148908733,林津墓地
149957315,凱娜瑞斯的哀號昇天
151005897,老沼斯頓陋屋
152054481,主萊之據點
153103083,綠翼果園遺跡
154152288,雷沃克
155200874,伊西維拉傳統會
156249469,薩希斯之石窟
157298115,鷹匠莊園
158346795,蝙蝠與鳥客棧
159395423,賽伊聖物庫
160444066,飛翔的山羊客棧
161492649,老埃利納的宅地
162541235,沼萊塔遺跡
163589839,老伊西薩的宅地
164639053,蓋爾翼莊園遺跡
165687643,西爾斯塔拉之召集所
166736234,蓋爾翼農莊遺跡
167784958,沼村之據點
168833545,巴克翼農舍
169882143,凱娜瑞斯的可畏救贖者
170930735,凱娜瑞斯的無盡預兆
171979389,鄉村小屋遺跡
173027969,鷹屋之墳場
174076551,灰津
175125143,沼屯小屋
176174380,老鄉田棚屋
177223040,國王的豪豬旅店
178271618,騎士維奇
179320196,白野蠻人酒吧
180368787,沼田之墓穴
181417374,凱娜瑞斯的哀號聖物
182465966,達爾科凡之墓窖
183514590,林屋的據點
184563177,惡魔的蠍子旅舍
185611769,凱娜瑞斯的燃燒預兆
186660354,巴克鹿農莊
187708957,銅田莊城堡
188757543,老巴爾巴內的宅地
189806134,十字津
190854723,老貝拉多里的宅地
191903306,薩希利特魯拉洞窟
192951896,綠翼農舍遺跡
194000478,矮人與幼鹿旅舍
195049067,霍穆內布羅塔之洞穴
196097657,迪斯波古爾石窟
197146930,鷹鹿農莊
198195512,凱娜瑞斯的無盡之光
199244098,林翼府邸
200292689,歡笑的麝香鼠酒吧
201341268,綠萊之堡壘
202389860,爐興農莊
203438449,爐田農舍
204487042,巴克津之墳場
205535649,查倫堡
206584250,老巴爾比維拉的農場遺跡
207632836,鷹興種植園
208681429,鄉匠墓窖
209730038,不幸的狼客棧
210778621,鄉萊農舍
211827224,鄉匠農莊
212875832,林興城堡
213924425,死亡的酒壺旅店
214973005,威克萊種植園
216021639,查倫城園
217070855,海狸與食人魔客棧
218119435,迪斯普爾洞穴
219168019,主萊農舍
220216600,老沼屯陋屋
221265198,綠翼庭院遺跡
222313857,貝爾塔
223362447,林村之堡壘
224411033,巴克萊農莊
225459674,巴洛爾貢之洞窟
226508282,爐翼小屋遺跡
227556876,爐屋城堡遺跡
228605479,主鹿農莊
229654076,主田莊果園
230703436,主鹿之墓穴
231752036,凱娜瑞斯的燃燒神諭
232800684,王斯頓塔遺跡
233849262,老巴爾比維拉的棚屋
234897852,灰燼翼種植園
235946453,羽毛與龍旅舍
236995033,老威克萊棚屋
238043679,斯科比斯
239092262,切斯特特里
240140841,主匠墓窖
241189419,長萊赫
242237998,巴克匠種植園
243286585,巴克萊莊園
244335820,女王的土撥鼠旅舍
245384418,達格拉斯之巢穴
246433092,老埃維洛里的棚屋遺跡
247481674,主屯之堡壘
248530265,鷹鹿農舍
249578844,蘭維奇
250627441,蘭徑
251676029,黑萊赫
252724611,沼屯城堡
253773216,幸運的蠍子酒吧
254821828,主鹿塔遺跡
255870429,杜諾雷隧道
256919034,老王田莊棚屋
257967619,老威克屋棚屋
259016219,鷹翼農莊
260064804,賽伊聖物庫
261114054,牛山
262162645,杜尼斯塔爾之採石場
263211382,野蠻的狗酒館
264259985,老利索納的宅地
265308611,老利西納的農場
266357292,沼村之墓窖
267406514,十字萊
268455093,格里普比斯
269503681,銅鹿公墓
270552284,老埃利里的棚屋
271600876,尖叫的狼酒館
272649482,達格托斯
273698071,王屯小屋遺跡
274746739,灰燼斯頓農莊遺跡
275795363,鷹興宮殿遺跡
276843960,爐田莊墓地
277892546,綠翼墓窖
278941126,沼匠墓地
279989710,鷹斯頓墓地
281038291,蓋爾田城堡
282086873,老卡羅洛薩的陋屋
283135462,朱貝扎之洞窟
284184051,威克興之據點遺跡
285232653,巴克津塔遺跡
286281889,貢迪克托爾之採石場
287330532,綠斯頓塔
288379125,唱莊
289427757,老王屋宅地
290476340,鄉興之墓窖
291524921,阿爾德門
292573518,沼屯府邸遺跡
293622131,阿爾德原
294670710,爐村之塔
295719331,金衛兵旅舍
296768640,林田莊公墓
297817219,鹿屯
298865831,老西爾斯塔拉的陋屋
299914431,銅匠果園
300963135,爐萊的據點
302011730,巴克村墓地
303060343,莫爾克布里恩齊瓦石窟
304108942,蓋爾村農舍
305157528,裂屯
306206114,裂井
307254730,老主鹿宅地
308303988,巴洛內薩石窟
309352649,老灰燼津陋屋遺跡
310401241,凱娜瑞斯的靜默重生
311449835,沃爾斯加里
312498415,老銅津棚屋
313547003,巴克村種植園
314595585,伊普屯
315644171,瑞恩聖物庫
316692765,巴利斯石窟
317741381,林村城堡遺跡
318790042,矮人與雄鹿客棧
319838638,巴利勒祖拉之深坑
320887239,老鼠與刺蝟酒館
321936445,巴洛爾貢之巢穴
322985071,范谷
324033655,灰燼興之要塞遺跡
325082269,莫爾多林實驗室
326130849,凱娜瑞斯的無盡祭壇
327179428,騎士城
328228031,老鄉津棚屋遺跡
329276668,老鄉田莊棚屋
330325274,金雄鹿旅店
331373876,巴克屯庭院遺跡
332422496,矮人與獾客棧
333471090,騎士特里
334519687,威克萊果園
335568281,凱斯堡
336617595,霍特里
337666191,老蓋爾津宅地
338714789,林屯農莊
339763375,伊薩內之召集所
340811963,鷹田莊園遺跡
341860560,爐田農莊
342909225,烏提威爾礦脈
343957837,威克屯之墓窖
345006451,凱娜瑞斯的恆在之魂
346055029,金劍酒吧
347103642,老鷹鹿棚屋
348152813,老灰燼斯頓棚屋
349201391,凱娜瑞斯的哀號神諭
350249993,威克興墓地
351298608,林萊之堡壘
352347248,凱娜瑞斯的永恆神諭
353395858,尖叫的獅鷲酒館
354444436,威克田莊的衛所遺跡
355493044,老卡羅利里的宅地
356541628,格羅爾貢之洞穴
357590206,嚎叫的劍旅舍
358638827,埃芬神龕
359687435,金雄鹿酒館
360736020,林匠宮殿遺跡
361784621,巴克興塔
362833223,老沼萊宅地
363882486,鄉興宮殿遺跡
364931089,老卡羅洛里的棚屋遺跡
365979678,寬村
367028268,林匠莊園
368076847,老林興棚屋
369125426,長牆
370174010,教堂村
371222599,灰燼屯農莊
372271180,凱娜瑞斯的泣血聖像
373319763,凱娜瑞斯的哀泣之光
374368341,老威克鹿陋屋
375416924,鷹津農莊
376465528,沼村果園
377514113,銅興種植園
378562700,銅斯頓莊園
379611278,霍穆努喬圖拉洞窟
380659903,威克翼墓窖
381708594,灰燼屋農莊
382757173,中道
383806434,蘭林
384855040,鄉匠的衛所遺跡
385903652,凱娜瑞斯的聖殉者
386952302,特里斯托雷隧道
388000933,芬恩庇所
389049620,狐狸與哥布林客棧
390098873,牛卡特
391147462,銅田莊小屋
392196059,阿爾丁莫斯
393244656,格里拉蘇納之洞穴
394293298,蓋爾屋城堡
395341900,新興
396390520,威克村莊園遺跡
397439101,巴克村莊園遺跡
398487685,沼津農莊
399536318,死亡的酒杯旅舍
400584937,舞蹈的鳥客棧
401633535,銅屋農莊
402682144,老卡羅拉納的陋屋
403730726,新沃克
404779920,灰燼津果園遺跡
405828529,騎士市集
406877110,鄉屯種植園遺跡
407925710,老莫爾加拉的農場
408974300,特里塞里魯戈斯
410022926,威克屯城堡遺跡
411071537,沼斯頓之墓穴
412120126,爐屋之塔
413168706,十字興
414217330,金山羊酒吧
415265955,凱娜瑞斯的泣血之樹
416314569,威克鹿宮殿
417363171,凱斯貝斯
418411757,堡里奇
419460369,林興果園
420508956,堡屯
421558142,貢迪克托爾礦脈
422606723,王鹿之據點
423655339,老利西維拉的農場
424703965,凱娜瑞斯的恆在聖像
425752568,長伯恩
426801173,白城
427849810,老爐萊陋屋
428898398,王翼種植園
429946999,白堡
430995588,主鹿公墓
432044247,綠田莊宮殿
433092842,林屋農莊
434141450,奧夫基恩福爾德塔遺跡
435190628,女王的貓客棧
436239216,惡魔的野蠻人酒館
437287865,銅斯頓農莊
438336504,銅鹿府邸
439385115,伊里克祭壇
440433700,老維克廷的陋屋
441482301,凱娜瑞斯的泣血昇天
442530914,迪斯皮特爾之洞穴
443579498,主萊府邸
444628080,切斯特泰爾
445676670,老西爾斯提維拉的宅地
446725270,老西爾斯提薩的宅地
447773871,長要塞
448822452,老埃利扎比斯的農場
449871044,凱娜瑞斯的哀泣之星
450920308,鄉萊農舍
451968887,杜格羅德神龕
453017480,埃迪夫納克採石場
454066073,灰燼斯頓府邸
455114698,伊芙琳之教團
456163278,貝迪斯塔爾採石場
457211911,王村公墓
458260531,鷹翼小屋
459309120,巴利特雷薩窪地
460357727,爐田莊園遺跡
461406355,巴克鹿小屋遺跡
462454958,諾羅斯之鳥舍
463503542,沼屯之據點
464552936,泉谷
465601526,老埃利扎納的棚屋
466650131,王屯種植園
467698734,鷹津的據點遺跡
468747312,老卡羅洛納的陋屋遺跡
469795890,王津公墓
470844472,主萊莊園遺跡
471893068,鄉村農莊
472941711,老埃林的農場
473990323,泉萊赫
475038907,矮人與蠍子客棧
476088092,銅田農莊
477136674,拉提塔爾克
478185280,巴爾比里祭儀所
479233885,野徑
480282469,凱娜瑞斯的燃燒之光
481331048,凱娜瑞斯的溫柔祭壇
482379672,塔姆山
483428251,主萊農莊
484476849,沼翼農莊
485525428,沼萊之塔
486574010,沼斯頓公墓
487622603,林萊莊園遺跡
488671191,上徑
489719779,霍鎮
490768387,威克翼公墓
491817009,霍布隆荒原
492865610,老瓦諾爾達的農場
493914215,羽毛與獅鷲旅舍
494963468,阿爾德莫斯
496012082,賽伊聖物庫
497060660,威克鹿公墓
498109272,莫爾迪瓦爾礦坑
499157879,老王津宅地遺跡
500206470,科里瓦魯斯之鬼域
501255096,查倫林
502303677,巴克田農莊
503352280,王鹿果園
504400864,林田種植園
505449455,克羅姆沃克村落
506498062,威克斯頓農莊
507546651,羽毛與豪豬旅店
508595289,克羅姆堡
509643873,馬雷比斯之石窟
510692478,爐屋墓穴
511741074,林翼農莊遺跡
512790342,綠屋葬地
513838945,凱娜瑞斯的燃燒之樹
514887544,哥特興
515936134,綠田莊小屋遺跡
516984728,林翼墓地
518033336,凱娜瑞斯的祝福之星
519081917,凱娜瑞斯的恆在重生
520130500,綠興農莊遺跡
521179078,老伊辛的宅地
522227658,凱娜瑞斯的永恆聖像
523276274,金獅鷲旅店
524324856,銅萊種植園
525373473,野蠻的蠍子旅舍
526422054,老莫爾金的農場
527470659,特多林挖掘場
528519897,沼村農莊
529568475,金惡棍旅舍
530617063,老王斯頓棚屋
531665643,巴克翼小屋遺跡
532714223,綠屯農莊
533762809,老卡羅拉納的棚屋遺跡
534811404,巴克津果園遺跡
535860010,主田農莊
536908623,主萊農莊
537957201,老爐田莊陋屋
539005814,爐匠種植園
540054413,德莫斯窪地
541103051,王鹿農莊
542151637,彭井
543200222,威克屯塔
544248860,死亡的侏儒酒吧
545297443,老吉夫尼薩的農場
546346030,凱娜瑞斯的歌唱之樹
547394649,尖叫的酒壺旅店
548443236,凱娜瑞斯的內在日出
549492452,凱娜瑞斯的靜默之樹
550541030,老瓦納拉的棚屋
551589642,白侏儒旅舍
552638292,沼萊農莊
553686876,沼屋果園
554735506,范灣
555784085,巴克翼莊園遺跡
556832687,主田公墓
557881283,老維克廷的棚屋遺跡
558929865,杜尼斯塔爾深坑
559978515,騎士伯恩
561027121,主村果園
562075704,國王的侏儒客棧
563124909,迪斯波納之巢穴
564173508,凱娜瑞斯的恆在之樹
565222090,凱娜瑞斯的可畏祭壇
566270674,阿拉比里克之採石場
567319262,老利薩拉的陋屋遺跡
568367892,灰燼田小屋遺跡
569416483,老貝拉達內的農場
570465061,鷹匠農舍
571513649,凱娜瑞斯的可畏聖像
572562279,林鹿小屋
573610871,塔姆城
574659457,凱娜瑞斯的歌唱重生
575708046,查倫沼
576756633,老巴爾博里的農場
577805287,貢達斯提爾礦坑
578853881,沃吉法恩
579902464,老埃維拉比斯的棚屋遺跡
580951042,鷹翼果園
582000312,蓋爾興墓窖
583048961,阿爾德谷
584097569,鄉屯墓窖
585146179,老利辛的棚屋遺跡
586194835,達爾基莫爾之墓室
587243415,老維克塔納的農場
588292027,飛翔的鳥酒館
589340625,凱娜瑞斯的靜默神諭
590389215,鄉興莊園
591437804,凱娜瑞斯的神聖救贖者
592487036,沼匠之據點遺跡
593535620,特里斯提恩礦脈
594584199,蓋爾斯頓農莊
595632850,蓋爾萊農舍
596681431,主翼農莊
597730023,老瓦諾里的陋屋
598778630,沼鹿果園
599827222,爐田莊種植園
600875811,鄉匠塔
601924409,林萊公墓
602973020,綠屯農舍
604021624,鼴鼠與城堡旅舍
605070276,鄉鹿墓地
606118859,馬里特爾窪地
607167471,林村墓地
608216757,狐狸與地城客棧
609265361,綠鹿莊園遺跡
610313947,主鹿莊園
611362529,銅萊農莊
612411107,凱娜瑞斯的歡愉昇天
613459696,國王的食人魔客棧
614508280,瑞恩聖物庫
615556858,王匠墓地
616605521,綠田莊府邸
617654124,巴克匠庭院遺跡
618702705,老蓋爾津宅地
619751314,口渴的惡棍客棧
620799900,老主萊宅地
621848489,主萊小屋
622897833,銅萊公墓
623946460,羽毛與城堡酒吧
624995044,雷堡
626043673,凱娜瑞斯的祝福聖物
627092257,阿爾丁村
628140870,林翼種植園
629189455,綠屋塔遺跡
630238038,老卡洛琳的農場
631286657,阿爾丁莊
632335241,新萊
633383833,飛翔的雄鹿旅舍
634432411,威克村果園
635481738,十字門
636530340,不安的麝香鼠酒館
637578921,堡郡
638627512,蓋爾斯頓之要塞
639676090,凱娜瑞斯的神聖殉者
640724696,老鷹津棚屋
641773286,老鷹村棚屋
642821869,老吉夫尼里的農場
643870581,老吉夫納內的陋屋
644919919,沼屯果園
645968542,銅村府邸
647017131,阿格里斯提爾採石場
648065713,凱娜瑞斯的聖昇天
649114294,特里塞里東
650162887,巴克田莊農舍遺跡
651211473,尖叫的土撥鼠酒吧
652260127,主斯頓莊園遺跡
653308718,凱娜瑞斯的歌唱昇天
654357299,克羅姆屯
655405899,蓋爾匠府邸遺跡
656454522,鄉萊庭院遺跡
657503108,威克匠之塔
658551692,長井
659600289,主屋公墓
660649578,裂貝斯
661698159,鼴鼠與狗酒吧
662746791,凱娜瑞斯的無盡之星
663795378,老巴爾巴比斯的農場
664843965,凱娜瑞斯的哀泣祭壇
665892559,獅子與麝香鼠客棧
666941229,伊西里之法環
667989813,老伊薩比斯的農場
669038402,沼萊農莊
670086985,歡笑的劍酒吧
671135577,阿恩多雷採石場
672184183,沼村種植園遺跡
673232779,主田莊農舍
674282062,林津庭院遺跡
675330640,圖恩要塞
676379243,圖恩泰爾
677427824,凱娜瑞斯的歌唱殉者
678476406,蘭要塞
679524987,鄉屯農莊
680573566,蘭城
681622167,裂牆
682670829,鼴鼠與麝香鼠客棧
683719429,凱娜瑞斯的燃燒重生
684768007,凱娜瑞斯的泣血之星
685816586,鷹興果園
686865176,查堡
687913782,林鹿農莊
688962366,格魯姆古
690010962,巴克萊農舍
691060309,老綠鹿陋屋
692108916,林田莊莊園遺跡
693157508,威克萊公墓
694206091,老利西里的宅地
695254739,巴克田莊府邸遺跡
696303333,王翼之墓窖
697351938,凱娜瑞斯的恆在預兆
698400517,鷹田莊塔遺跡
699449101,維格里爾神龕
700497685,巴克匠墓穴
701546306,綠萊種植園
702594891,綠萊農莊
703644199,老瓦納拉的陋屋
704692886,沼匠農莊
705741485,王屋之墳場
706790086,威克萊城堡
707838788,灰燼屋種植園
708888076,唱村
709936658,爐津城堡
710985254,凱娜瑞斯的恆在之光
712033835,吉姆·塞神龕
713082415,威克萊農莊
714130996,老貝拉達內的棚屋
715179601,凱娜瑞斯的歌唱之魂
716228202,老維克提維拉的農場
717276791,老吉夫尼納的農場
718325380,老銅田莊棚屋
719373983,巴克萊府邸
720422567,唱牆
721471153,老芭芭拉的陋屋
722519733,白城堡酒館
723568358,羽毛與蠍子客棧
724616936,阿爾德萊
725665516,老沼津陋屋
726714097,沼屯農莊
727762701,基蘭劇院
728811286,謝敦格恩特
729859877,凱娜瑞斯的歌唱先知
730909210,凱娜瑞斯的泣血日出
731957832,凱娜瑞斯的祝福先知
733006422,爐鹿農莊
734055075,嚎叫的祭司旅舍
735103657,王屋果園
736152247,德馬提圖拉洞穴
737200883,獅子與哥布林旅舍
738249464,奧夫金吉夫恩塔遺跡
739298773,迪瓦德紀念碑
740347354,薩哈圖勒薩之洞窟
741395936,老綠村宅地
742444548,蓋爾匠農莊
743493155,蓋爾斯頓小屋
744541765,梅拉蘇拉洞穴
745590374,鄉津農莊
746638965,鷹萊塔
747687559,雷門
748736166,老埃利佐里的棚屋
749784748,尖叫的山羊旅舍
750833329,沼翼之墓窖
751881918,老埃洛爾達的陋屋遺跡
752930521,凱娜瑞斯的可畏之樹
753979125,圖恩井
755028448,鄉斯頓城堡遺跡
756077030,范井
757125628,銅翼果園
758174216,銅屯果園
759222805,威克津之據點
760271387,綠田莊農莊
761319984,老綠屋宅地
762368563,凱娜瑞斯的哀泣聖像
763417141,阿恩多林採石場
764465722,老瓦納納的陋屋遺跡
765514314,嚎叫的巨人酒吧
766562906,王田莊葬地
767611538,騎士津自治鎮
768660119,王村農莊
769709493,威克村農莊
770758109,凱娜瑞斯的聖之光
771806699,鷹田宮殿
772855295,骯髒的巨靈客棧
773903904,老利西維拉的棚屋遺跡
774952503,山貓與巨人酒吧
776001110,凱娜瑞斯的歌唱之光
777049713,灰燼田農莊
778099146,老瓦尼納的陋屋遺跡
779147739,嚎叫的雄鹿酒吧
780196348,科雷霍爾之鬼域
781245023,沼田莊庭院遺跡
782293601,主萊的衛所
783342188,鄉田之據點遺跡
784391577,凱娜瑞斯的祝福神諭
785440215,凱娜瑞斯的聖之魂
786488793,爐鹿府邸遺跡
787537372,烏提斯提爾之採石場
788585971,鄉鹿之塔
789634558,蓋爾村果園
790683168,斯托要塞
791731841,主斯頓農莊
792780440,威克田城堡
793829740,伊里克祭壇
794878326,林津農莊
795926922,灰燼田莊農莊遺跡
796975501,德莫吉恩克斯洞窟
798024079,老爐田宅地
799072657,東特里
800121258,凱娜瑞斯的內在預兆
801169846,威克匠種植園
802218493,鷹興小屋
803267104,凱娜瑞斯的內在昇天
804315709,林萊農舍
805364290,野蠻的深坑旅店
806412870,老卡羅利維拉的棚屋
807462219,不安的土撥鼠旅舍
808510798,爐斯頓之要塞
809559408,紅城堡客棧
810607996,嚎叫的酒杯酒吧
811656610,蘭萊赫
812705192,鄉翼農莊
813753806,爐津莊園
814802426,西徑
815851009,王興小屋
816899609,生鏽的狗酒館
817948192,狐狸與刺蝟旅舍
818996784,老伊薩比斯的農場遺跡
820045365,老蓋爾津棚屋遺跡
821094752,灰谷
822143339,凱娜瑞斯的聖先知
823191933,老銅匠棚屋
824240515,王村府邸遺跡
825289107,巴克翼農莊
826337697,主斯頓墓穴
827386290,銅萊莊園遺跡
828434893,威克田莊墓地
829483517,野蠻的酒壺酒吧
830532110,爐匠城堡
831580728,薩赫布里提之洞窟
832629316,老埃維拉拉的農場
833677894,老王翼陋屋
834727253,小鼠與狗旅舍
835775842,羅多林採石場
836824431,王津府邸遺跡
837873013,主翼果園
838921605,沼屯公墓
839970220,銅鹿農莊
841018800,紅豪豬旅舍
842067390,馬里恩克斯之洞穴
843115974,灰燼斯頓農莊
844164586,灰燼田莊園
845213167,杜尼克托爾深坑
846261754,爐翼農莊
847310332,王翼之據點
848358913,主鹿墓地
849407505,銅鹿庭院
850456083,林田莊庭院遺跡
851505497,鷹田莊小屋
852554075,威克田莊公墓
853602667,西爾斯托里傳統會
854651250,朱博納之深坑
855699828,老鼠與狗客棧
856748406,凱娜瑞斯的無盡之魂
857796996,巴克屯莊園遺跡
858845580,灰燼津種植園
859894185,蓋爾津農舍
860942790,伊里克祭壇
861991375,鷹萊農舍
863039988,凱娜瑞斯的歡愉殉者
864089331,灰燼村的據點遺跡
865137932,鼴鼠與獾旅店
866186527,老灰燼田棚屋遺跡
867235268,哈爾酒館
868283849,鄉村農莊遺跡
869332450,林興墓地
870381922,凱娜瑞斯的恆在預見者
871430521,銅田莊宮殿
872479099,凱娜瑞斯的聖聖物
873527715,歡笑的山羊酒館
874576296,林萊塔
875624910,特迪里克採石場
876674258,老伊薩納的宅地
877722846,野蠻的顱骨酒館
878771489,威克匠塔
879820074,凱娜瑞斯的溫柔聖像
880868750,老鷹斯頓宅地
881917359,威克斯頓之據點
882965937,老埃利佐里的宅地遺跡
884014525,威克村城堡
885063104,埃芬神龕
886112463,巴克屯農舍遺跡
887161089,鄉翼城堡
888209690,黑城
889258271,凱娜瑞斯的永恆重生
890306851,林屯農莊遺跡
891355438,王興農莊
892404054,爐田莊農莊
893452655,老埃利扎內的陋屋
894501234,凱娜瑞斯的歡愉重生
895549821,查伯恩
896598448,凱娜瑞斯的永恆之魂
897647779,骯髒的地城酒館
898696365,維魯盧斯之墓陵
899744944,新城
900793522,老銅田棚屋
901842105,威克匠莊園遺跡
902890685,老卡羅拉拉的陋屋
903939298,王屯之據點遺跡
904987888,老利西里的陋屋
906036471,林翼之據點遺跡
907085061,王翼塔
908133661,巴隆之洞穴
909182345,老西爾斯提恩的農場
910230930,銅斯頓種植園
911279528,蟾蜍與城堡酒吧
912328106,綠萊農莊
913377519,赫扎爾東
914426097,灰燼屋庭院
915474699,杜格羅德神龕
916523296,威克屯農莊
917571880,塔姆維奇庭院
918620472,鷹萊農莊
919669060,銅翼農莊
920717642,上特里
921766234,霍萊赫
922814848,凱娜瑞斯的燃燒殉者
923864191,鷹斯頓府邸遺跡
924912790,班迪神龕
925961404,老貝拉多爾達的棚屋
927010061,鄉津果園遺跡
928058679,貝丁隧道
929107260,凱娜瑞斯的恆在先知
930155848,烏塔內實驗室
931204432,鷹津之據點
932253011,林斯頓果園
933301591,鷹興墓穴
934350947,凱娜瑞斯的歡愉預見者
935399584,凱娜瑞斯的祝福重生
936448162,灰燼萊莊園遺跡
937496750,綠田小屋
938545346,凱娜瑞斯的哀泣日出
939593954,蓋爾村農莊
940642541,耶弗瑞神龕
941691120,蓋爾興公墓
942739725,佩羅雷礦脈
943788367,巴克斯頓農舍
944837728,沼翼之據點
945886331,沼興農莊
946934917,鷹屋果園遺跡
947983533,王翼農舍
949032112,銅斯頓農舍
950080814,切斯特堡
951129420,爐村果園遺跡
952178807,灰燼萊塔遺跡
953227386,阿爾丁林
954275965,綠村塔遺跡
955324597,沼興庭院
956373178,阿蘇姆盧盧拉之巢穴
957421801,灰燼匠莊園遺跡
958470411,因弗奧吉恩之石塚
959519004,阿爾丁莫斯林地
960567590,老卡羅利里的棚屋遺跡
961616170,主田之塔
962665516,塔姆原
963714138,巴克屋墓窖
964762727,凱娜瑞斯的歌唱之星
965811308,蓋爾匠小屋遺跡
966859966,梅勒貝里之洞穴
967908553,伊霍斯
968957165,瑞恩聖物庫
970006514,凱娜瑞斯的泣血殉者
971055207,沼匠的衛所
972103790,女王的食人魔酒館
973152402,斯托津
974200981,林田莊府邸遺跡
975249560,老吉夫寧的宅地
976298180,林斯頓農莊
977346766,貢多雷採石場
978395346,梅洛特薩之大教堂
979443947,凱娜瑞斯的歡愉預兆
980493281,沼斯頓城堡遺跡
981541891,紅鳥旅舍
982590483,老埃利津的宅地
983639074,綠興果園
984687662,凱娜瑞斯的內在先知
985736246,特里斯塔斯提爾挖掘場
986784843,瓦尼維拉交會所
987833421,鄉匠農舍
988882064,教堂城
989930645,鷹鹿小屋遺跡
990979223,威克萊塔
992027823,巴克屋農舍遺跡
993076422,巴克屯宮殿遺跡
994125848,山貓與山羊旅舍
995174436,不安的龍酒吧
996223025,埃迪夫恩深坑
997271648,鄉屋農莊
998320243,蓋爾鹿城堡
999368838,凱娜瑞斯的靜默祭壇
1000417456,爐田莊墓穴
1001466042,凱娜瑞斯的祝福聖像
1002514644,巴林扎洞穴
1003563957,灰谷
1004612546,霍穆尼特拉之洞穴
1005661227,歡笑的狗酒吧
1006709808,主田莊種植園
1007758389,老爐屋棚屋
1008807008,野萊赫
1009855627,巴克屯之墓窖
1010904986,沼斯頓農莊遺跡
1011953620,威克屯墓窖
1013002201,老沼田宅地
1014050779,銅萊莊園
1015099360,銅萊小屋
1016148019,巴克屋農舍
1017196609,巴克斯頓莊園
1018245217,狐狸與祭司酒館
1019293828,薩赫布羅圖拉洞窟
1020342424,銅田莊墓地
1021391740,莫里魯戈斯
1022440336,蓋爾斯頓果園
1023488920,格魯奇特里石窟
1024537506,威克鹿庭院遺跡
1025586137,戰堡
1026634743,老瓦諾薩的農場
1027683347,沼田莊農舍
1028731933,戰沃克
1029780513,綠鹿農舍
1030829169,爐屋的衛所遺跡
1031877770,老卡羅洛薩的陋屋
1032927112,威克津種植園
1033975694,迪瓦德紀念碑
1035024285,巴克田的衛所遺跡
1036072877,查原
1037121456,綠鹿府邸遺跡
1038170036,灰燼鹿的據點遺跡
1039218657,凱娜瑞斯的可畏神諭
1040267236,巴克興種植園
1041315824,王津農莊遺跡
1042364404,弗拉德隆府邸
1043412983,老威克萊棚屋
1044461581,林屋宮殿遺跡
1045510223,加洛津園
1046559583,海狸與匕首旅舍
1047608170,死亡的哥布林酒館
1048656786,凱娜瑞斯的歡愉聖物
1049705411,巴克屋之墓窖
1050753990,獅子與貓旅店
1051802575,喬德神龕
1052851157,老巴爾巴納的宅地
1053899747,老威克田宅地
1054948354,阿克灣
1055996932,主斯頓庭院遺跡
1057045535,王匠墓窖
1058094128,死亡的仙子酒吧
1059142717,鄉屯城堡
1060191295,主屋農莊
1061239885,巴克萊種植園
1062289209,鷹鹿小屋
1063337790,老吉夫諾爾達的農場
1064386392,骯髒的城堡酒吧
1065434976,老卡羅拉納的棚屋
1066483590,鷹村種植園遺跡
1067532175,蓋爾斯頓農莊遺跡
1068580753,黑檀臂鐵砧
1069629337,灰燼萊府邸遺跡
1070677929,沼屋莊園遺跡
1071726527,莫爾拉斯
1072775133,凱娜瑞斯的溫柔之光
1073823776,凱娜瑞斯的內在殉者
1074872377,老埃維拉納的陋屋
1075920960,老灰燼村棚屋遺跡
1076970281,林斯頓莊園
1078018859,不安的侏儒旅店
1079067454,白特里
1080116048,海狸與山羊客棧
1081164627,巴克田塔
1082213222,凱娜瑞斯的聖祭壇
1083261804,教堂萊赫
1084310425,老鼠與匕首客棧
1085359004,教堂徑
1086407584,老吉夫諾納的陋屋
1087456178,裂田莊府邸
1088504760,老巴克匠陋屋
1089553359,老卡羅拉內的農場
1090601978,老灰燼翼陋屋
1091650564,灰燼津農莊
1092699154,巴拉內扎爾城堡
1093747740,蓋爾津塔遺跡
1094797090,鷹萊墓地
1095845698,巴盧格魯拉窪地
1096894296,伊沃爾
1097942880,林萊小屋遺跡
1098991500,老灰燼屋棚屋遺跡
1100040088,霍穆納斯洞窟
1101088691,威克津莊園
1102137278,死亡的巨人客棧
1103185906,鷹興農舍
1104234512,凱娜瑞斯的哀號祭壇
1105283090,老銅翼宅地
1106332406,凱娜瑞斯的歌唱救贖者
1107380990,范沃克
1108429571,死亡的土撥鼠旅店
1109478170,巴拉特雷薩之洞穴
1110526760,格里蘭澤薩之深坑
1111575343,蓋爾萊公墓
1112623938,老林翼陋屋
1113672532,喬德神龕
1114721127,矮人與衛兵酒吧
1115769719,沼萊農舍遺跡
1116818297,爐屋果園
1117866914,鷹田農舍遺跡
1118915512,王萊墓地
1119964113,老貝拉達比斯的農場
1121012717,杜諾林採石場
1122062063,飛翔的巨人客棧
1123110665,薩希布利塔之巢穴
1124159261,豬與酒壺酒館
1125207870,羅達斯提爾採石場
1126256456,凱娜瑞斯的哀泣預見者
1127305088,長卡特
1128353717,爐村公墓
1129402300,灰燼萊墓地
1130451646,莫爾迪威爾礦坑
1131500230,凱娜瑞斯的可畏之魂
1132548809,凱娜瑞斯的永恆之光
1133597461,沼津墓窖
1134646138,沼匠庭院
1135694746,老銅興陋屋
1136743328,巴克萊的衛所
1137791940,老維克塔比斯的宅地
1138841259,巴克屯莊園
1139889856,內克羅莫加恩之宅邸
1140938435,深紅的食人魔客棧
1141987044,沼田城堡
1143035650,彭灣林地
1144084228,鄉津府邸遺跡
1145132978,野維奇
1146182283,王萊塔
1147230884,老巴爾比薩的農場
1148279491,凱娜瑞斯的恆在殉者
1149328074,威克田莊農莊
1150376660,貢達內挖掘場
1151425244,鷹興府邸
1152473842,查倫莊
1153522423,銅萊墓窖
1154571030,老埃維洛爾達的陋屋
1155619662,鄉鹿的據點
1156668255,鹿岬
1157716835,上谷
1158765420,凱娜瑞斯的靜默殉者
1159814003,貝迪克托爾之礦坑
1160863349,灰燼萊之堡壘
1161911958,嚎叫的惡棍酒吧
1162960565,綠翼農莊
1164009216,林屯果園
1165057842,蓋爾田塔
1166106445,巴克萊之墳場
1167155023,利特胡隆之墳墓
1168203606,不安的豪豬客棧
1169252189,馬隆之深坑
1170300768,王匠農莊
1171349380,灰燼翼公墓
1172398693,貢多林隧道
1173447278,女王的顱骨酒吧
1174495909,凱娜瑞斯的神聖之魂
1175544527,銅津城堡遺跡
1176593120,小鼠與城堡旅店
1177641701,老蓋爾萊宅地
1178690282,莫里瓦羅斯府邸
1179738868,特多林之礦坑
1180787539,老埃維利里的宅地遺跡
1181836973,莫爾迪斯塔爾挖掘場
1182885552,老鷹屯棚屋
1183934132,老王斯頓陋屋遺跡
1184982719,老林興棚屋
1186031358,凱娜瑞斯的無盡神諭
1187079942,凱娜瑞斯的無盡日出
1188128532,沼屯墓地
1189177112,矮人與裂谷客棧
1190225737,凱娜瑞斯的溫柔聖物
1191275088,中莊
1192323730,狐狸與巨人酒吧
1193372323,迪斯帕西洞穴
1194420918,巴克翼葬地
1195469545,奧夫烏迪夫恩塔遺跡
1196518167,鷹萊府邸
1197566750,凱娜瑞斯的歌唱祭壇
1198616098,蓋爾村城堡遺跡
1199664683,沼匠果園
1200713304,牛谷
1201761893,老瓦納拉的農場
1202810481,烏塔爾德礦坑
1203859104,凱娜瑞斯的溫柔昇天
1204907756,凱娜瑞斯的溫柔先知
1205956335,矮人與獅鷲酒吧
1207004916,泉門
1208053495,凱娜瑞斯的可畏殉者
1209102109,凱娜瑞斯的無盡重生
1210151483,羅多林挖掘場
1211200108,銅津墓地
1212248707,沼村之宅邸
1213297285,鷹萊之要塞遺跡
1214345888,銅興塔遺跡
1215394543,霍橋
1216443143,維爾姆東鷹巢
1217492471,老吉夫諾納的棚屋
1218541104,沼屋的據點遺跡
1219589721,老鄉興棚屋
1220638301,格里恩克斯洞穴
1221686887,雷道櫟林
1222735523,克羅姆特里
1223784118,凱娜瑞斯的無盡殉者
1224832703,威克津城堡
1225881284,林匠之要塞
1226929867,銅村城堡遺跡
1227979240,阿西姆拉洞穴
1229027821,塞克托斯
1230076438,老吉夫尼薩的陋屋
1231125039,德米特爾之巢穴
1232173621,沼興城堡遺跡
1233222218,凱娜瑞斯的神聖聖物
1234270797,內克羅穆洛爾之石塚
1235319381,奧夫格爾福爾德塔遺跡
1236368036,哥特萊赫
1237416658,沃吉加貢
1238466023,彭谷園
1239514603,梅洛圖拉洞穴
1240563203,主萊墓地
1241611792,埃芬神龕
1242660388,長岬
1243708968,王斯頓墓地
1244757552,林萊莊園遺跡
1245806148,沼鹿庭院遺跡
1246854755,老卡羅利里的陋屋遺跡
1247903358,蓋爾津農莊
1248951950,特里斯塔斯提爾之採石場
1250000546,老伊芙琳的棚屋遺跡
1251049138,綠興的據點遺跡
1252097720,伊普谷
1253147050,凱娜瑞斯的哀號之魂
1254195634,林斯頓的衛所
1255244259,老瓦尼維拉的農場
1256292841,伊里克祭壇
1257341425,沼鹿農莊
1258390071,凱娜瑞斯的永恆昇天
1259438723,騎士林
1260488125,巴克鹿農舍
1261536727,吉姆·塞神龕
1262585323,灰燼屯城堡
1263633914,霍爾莊
1264682495,鄉村城堡遺跡
1265731085,凱娜瑞斯的溫柔重生
1266779677,梅利特拉之深坑
1267828258,銅屋果園
1268876868,奧法什斯托恩塔遺跡
1269925480,老卡羅洛薩的陋屋
1270974064,老維克托爾達的農場
1272022648,貝爾門
1273071998,德米布盧爾之石窟
1274120580,舞蹈的劍客棧
1275169174,伊格爾戈德
1276217781,裂特里
1277266413,長井丘
1278315046,灰燼鹿種植園
1279363653,巴克萊塔
1280412267,老威克匠棚屋
1281461616,獅子與獵人旅店
1282510203,雷灣
1283558800,凱娜瑞斯的可畏先知
1284607410,老鄉萊棚屋
1285655995,灰燼津莊園遺跡
1286704592,威克屯莊園遺跡
1287753212,巴克津莊園遺跡
1288801801,凱娜瑞斯的內在神諭
1289850399,老伊索納的農場遺跡
1290898984,鄉萊果園
1291947582,老鷹屯陋屋
1292996163,老林匠陋屋
1294044766,凱娜瑞斯的哀泣神諭
1295094098,深紅的刺蝟旅店
1296142704,老主匠宅地
1297191286,國王的刺蝟酒館
1298239903,凱娜瑞斯的祝福之樹
1299288498,阿恩達爾德採石場
1300337087,綠斯頓之要塞
1301385670,主屋墓地
1302434251,霍穆寧祖拉石窟
1303482844,灰要塞
1304532303,騎士沼
1305580913,王田農莊
1306629545,凱娜瑞斯的聖神諭
1307678123,銅鹿城堡
1308726711,特里斯提威爾礦脈
1309775292,灰燼興農莊
1310823887,威克津之塔
1311872476,蓋爾興果園
1312921054,凱娜瑞斯的可畏預見者
1313969644,阿恩迪斯塔爾礦坑
1315018227,阿格羅雷之採石場
1316066805,國王的匕首旅店
1317115392,綠津宮殿遺跡
1318163972,爐鹿之塔
1319212552,王田莊果園
1320261156,主津府邸遺跡
1321309748,爐田之堡壘
1322359140,主田莊之要塞
1323407826,歡笑的酒杯旅店
1324456419,長谷
1325505829,長道
1326554439,灰燼興小屋
1327603039,巴洛努納之洞窟
1328651617,老貝拉達納的棚屋
1329700216,主屯農莊
1330748819,伊普萊
1331797406,灰燼興莊園遺跡
1332845991,綠斯頓果園
1333894613,銅興莊園遺跡
1334943194,凱娜瑞斯的燃燒聖像
1335991776,鷹田塔遺跡
1337040370,阿恩迪威爾隧道
1338088956,凱娜瑞斯的神聖昇天
1339138290,鷹萊種植園
1340186878,鷹斯頓農莊
1341235466,蓋爾田莊農莊
1342284067,王斯頓農舍遺跡
1343332645,梅維奇
1344381227,牛里奇
1345429816,教堂牆
1346478441,凱斯井
1347527039,灰燼村種植園遺跡
1348575699,老吉夫諾納的宅地遺跡
1349624280,陰谷
1350672871,凱娜瑞斯的哀泣先知
1351722195,老巴爾巴比斯的宅地遺跡
1352770800,林興農舍
1353819488,蟾蜍與匕首客棧
1354868085,沼田之據點
1355916686,骯髒的山羊客棧
1356965273,斯托橋
1358013857,爐翼宮殿遺跡
1359062436,老貝拉多里的農場
1360111025,利提恩根之墓室
1361159613,凱娜瑞斯的哀號重生
1362208194,小鼠與刺蝟旅舍
1363256778,唱灣
1364306173,鷹田果園
1365354753,鷹翼種植園
1366403339,德珍旅舍
1367451917,林匠農莊
1368500496,巴克斯頓小屋
1369549167,切斯特谷
1370597767,主田莊城堡
1371647157,埃迪夫瓦爾深坑
1372695756,黑谷
1373744355,陰橋
1374792954,加洛徑
1375841555,老維克塔納的陋屋
1376890140,死亡的鳥酒館
1377938743,林萊果園
1378987372,老林萊陋屋
1380035955,老西爾斯塔納的宅地遺跡
1381084543,爐興農舍
1382133150,凱娜瑞斯的哀泣殉者
1383181728,老伊薩比斯的宅地
1384231062,綠斯頓府邸遺跡
1385279670,老主萊棚屋
1386328258,飛翔的土撥鼠旅舍
1387376838,凱娜瑞斯的恆在救贖者
1388425429,鄉萊農莊
1389474039,霍穆納西瓦之巢穴
1390522641,銅田莊府邸
1391571228,梅鎮
1392619817,霍穆內斯之巢穴
1393668395,爐田莊之據點
1394716981,王鹿種植園
1395765600,凱娜瑞斯的溫柔殉者
1396814181,老伊西維拉的宅地
1397862764,老伊索納的農場
1398911370,老王鹿宅地
1399960706,銅津農莊
1401009313,薩哈恩克斯之巢穴
1402057907,加洛谷
1403106491,綠斯頓農莊
1404155083,老利索薩的宅地
1405203673,蓋爾田莊農舍
1406252251,主萊府邸
1407300854,老主興宅地
1408349440,十字城
1409398052,老威克村棚屋遺跡
1410446637,王田莊農莊
1411495223,奧法希恩塔遺跡
1412543834,綠津果園
1413592412,寬山荒地
1414641008,巴克屯公墓
1415690352,奧夫格里恩斯利塔遺跡
1416738930,老蓋爾興宅地
1417787537,鷹匠宮殿遺跡
1418836121,莫爾庫切斯之洞窟
1419884709,沼田莊小屋
1420933289,拉特加比斯
1421981899,凱娜瑞斯的哀號預見者
1423030482,銅田果園
1424079086,凱娜瑞斯的神聖重生
1425127687,凱娜瑞斯的神聖祭壇
1426176284,凱娜瑞斯的永恆殉者
1427224893,老利索納的棚屋
1428274260,雷貝斯
1429322855,威克屋小屋遺跡
1430371434,格林之深坑
1431420014,巴克匠果園
1432468605,銅屋莊園遺跡
1433517203,爐屋農莊
1434565856,牛堡
1435614439,特里斯提納克之礦坑
1436663087,老利西納的宅地遺跡
1437711675,莫爾克布拉西洞穴
1438761026,灰灣
1439809635,爐興種植園
1440858220,野伯恩
1441906806,鄉鹿農莊
1442955407,沼興小屋遺跡
1444003990,貝迪斯塔爾礦坑
1445052603,鹿城
1446101181,沃爾斯巫會
1447149812,老吉夫納比斯的陋屋
1448199213,貝爾萊
1449247796,陰城
1450296418,蝙蝠與裂谷酒吧
1451345026,白獵人客棧
1452393695,林屯城堡遺跡
1453443091,特達內礦脈
1454491707,巴克匠莊園
1455540291,凱娜瑞斯的靜默先知
1456588902,老巴爾博薩的陋屋
1457637500,沼翼農舍
1458686079,老威克村陋屋
1459734657,長維奇
1460783238,凱娜瑞斯的聖救贖者
1461831892,爐鹿農舍
1462880485,凱娜瑞斯的靜默救贖者
1463929077,銅匠種植園
1464978462,戰維奇
1466027089,沃吉爾戈斯
1467075682,凱娜瑞斯的恆在神諭
1468124355,爐斯頓之據點
1469172936,沼村城堡
1470221515,老埃利扎納的農場
1471270095,威克斯頓果園遺跡
1472319447,凱娜瑞斯的哀號之樹
1473368037,凱娜瑞斯的祝福昇天
1474416621,圖恩道
1475465216,蘭萊
1476513808,老巴克斯頓陋屋
1477562388,老綠屋陋屋
1478610974,綠屋小屋遺跡
1479659573,蓋爾村府邸
1480708180,威克萊的衛所
1481756773,老瓦尼薩的農場
1482805366,林屋之墓窖
1483854023,灰燼興的衛所
1484903383,老莫爾加比斯的棚屋
1485951981,林田莊農莊
1487000563,貝達內採石場
1488049193,赫茲魯戈斯之巢穴
1489097784,巴克津農莊
1490146387,牛莊村落
1491194984,老灰燼萊棚屋
1492243609,威克翼農莊
1493292187,尼布埃扎姆城堡
1494340786,凱娜瑞斯的泣血之魂
1495390138,王屋城堡
1496438723,蓋爾翼公墓
1497487352,灰燼村宮殿遺跡
1498535945,老鄉翼陋屋
1499584534,老爐屯陋屋
1500633144,林屯府邸遺跡
1501681732,王鹿之據點
1502730341,王屋種植園
1503778922,鷹津之堡壘
1504827544,威克田之據點遺跡
1505876902,鷹津果園
1506925546,沼田果園
1507974149,林屯塔遺跡
1509022799,騎士岬園
1510072188,唱屯
1511120778,威克田公墓
1512169374,阿爾德井
1513217952,老鷹斯頓陋屋
1514266545,鷹田農莊
1515315132,巴克斯頓公墓
1516363725,格里提之洞穴
1517412308,威克屯農舍
1518460970,銅翼的據點
1519509557,阿爾德津
1520558169,老巴爾博爾達的宅地
1521606748,老威克萊宅地
1522655327,特里斯托雷挖掘場
1523703908,查倫原
1524752490,鷹萊小屋
1525801825,老貝拉迪納的棚屋遺跡
1526850434,凱娜瑞斯的祝福之光
1527899064,爐屯塔
1528947694,梅郡
1529996279,綠村果園
1531044860,白貝斯
1532093514,達戈斯
1533142100,老埃利齊維拉的農場
1534191447,凱娜瑞斯的永恆先知
1535240057,蓋爾鹿府邸遺跡
1536288656,爐村農舍遺跡
1537337244,綠鹿公墓
1538385872,沼萊之墓穴
1539434493,灰燼斯頓城堡
1540483071,蓋爾屋墓地
1541531690,巴克匠宮殿遺跡
1542581081,沼田種植園
1543629659,伊普要塞
1544678237,佩羅林礦坑
1545726847,鄉田農莊
1546775439,銅田莊園遺跡
1547824021,凱娜瑞斯的哀泣之魂
1548872615,蓋爾興之墳場
1549921265,綠萊塔
1550969851,蓋爾屋莊園遺跡
1552018429,鷹匠種植園
1553067010,雷城
1554115609,林翼農莊
1555164955,老主津陋屋
1556213556,黑幼鹿酒館
1557262203,綠萊塔遺跡
1558310868,凱娜瑞斯的歌唱神諭
1559360273,巴拉斯之洞穴
1560408858,蘭伯恩
1561457467,老威克田棚屋
1562506058,特迪威爾之採石場
1563554704,林津果園
1564603316,鷹萊農莊遺跡
1565651917,銅斯頓府邸
1566700508,凱斯田莊
1567749101,綠村之據點
1568798490,梅維奇丘
1569847079,豬與野蠻人客棧
1570895659,烏塔內挖掘場
1571944248,綠村之據點遺跡
1572992838,銅翼農舍
1574041438,迪斯皮明齊瓦洞穴
1575090027,凱娜瑞斯的祝福預見者
1576138605,塔姆谷
1577187188,林萊農舍
1578235809,老吉夫納納的棚屋
1579284444,女王的頭盔客棧
1580333804,老西爾斯提恩的宅地
1581382406,沼斯頓農莊
1582430986,伊里克祭壇
1583479628,王萊果園
1584528218,老綠萊宅地
1585576802,塞克塔爾克
1586625399,老利西薩的農場
1587673998,主村莊園遺跡
1588722597,林萊農莊遺跡
1589771193,拉圖東
1590819777,綠土撥鼠酒館
1591869135,凱娜瑞斯的哀號殉者
1592917731,主田小屋遺跡
1593966320,歡笑的獾旅舍
1595014900,阿恩迪斯塔爾挖掘場
1596063481,威克匠農莊
1597112077,老巴爾博納的棚屋
1598160701,凱娜瑞斯的哀泣聖物
1599209293,佩羅雷之實驗室
1600257899,爐翼之據點
1601306514,灰燼屯之塔
1602355976,凱娜瑞斯的泣血重生
1603404601,老吉夫尼維拉的宅地
1604454043,蓋爾田莊園遺跡
1605502658,凱娜瑞斯的溫柔之樹
1606551323,王興的據點遺跡
1607599938,鄉田莊公墓
1608648528,威克翼之墓窖
1609697108,新貝斯公地
1610745707,舞蹈的巨靈酒吧
1611795089,老瓦諾里的陋屋
1612843675,堡城
1613892255,主屯的衛所遺跡
1614940882,威克匠小屋遺跡
1615989466,阿恩達斯提爾礦坑
1617038044,老維克托里的宅地
1618086623,巴克萊之據點遺跡
1619135203,老伊索里的宅地遺跡
1620183799,堡堡
1621232378,沼屯之要塞遺跡
1622280961,因弗奧本府邸
1623329588,海狸與巨人酒吧
1624378174,爐屯之堡壘
1625427570,爐翼之要塞
1626476149,老威克田莊陋屋
1627524741,沼斯頓府邸遺跡
1628573327,主鹿之墳場
1629621917,凱娜瑞斯的永恆聖物
1630670498,老埃維洛薩的宅地
1631719089,老卡羅洛爾達的宅地
1632767679,邁伊神龕
1633816269,林匠墓地
1634864868,威克田宮殿遺跡
1635913466,教堂要塞自治鎮
1636962061,貝爾城
1638010654,凱娜瑞斯的可畏聖物
1639060184,威克萊農莊
1640108766,老王屯棚屋遺跡
1641157348,口渴的龍酒館
1642205927,國王的狼旅店
1643254543,巴克斯頓種植園
1644303128,王翼公墓
1645351715,老利薩內的陋屋
1646401105,泉徑
1647449713,老埃利齊納的陋屋遺跡
1648498301,諾爾德雷德
1649546894,蝙蝠與巨人客棧
1650595566,野谷
1651644166,骯髒的獾酒館
1652692750,王屯宮殿遺跡
1653741329,凱娜瑞斯的祝福日出
1654790743,格羅姆魯戈斯
1655839326,塔姆萊公地
1656887912,凱娜瑞斯的泣血先知
1657936490,老伊薩內的宅地
1658985070,威克田莊墓穴
1660033790,蓋爾萊農莊遺跡
1661082371,灰堡
1662131763,凱娜瑞斯的祝福殉者
1663180344,沼田府邸
1664228959,沼鹿種植園
1665277543,老埃維洛爾達的陋屋
1666326160,綠匠農舍遺跡
1667374784,爐屋城堡
1668423368,凱娜瑞斯的燃燒昇天
1669471963,老蓋爾萊陋屋
1670520547,老瓦尼維拉的宅地
1671569129,主津農莊
1672618550,格里特爾之洞穴
1673667131,伊里克祭壇
1674715713,綠萊農舍
1675764346,巴克田的衛所
1676812924,克羅姆門
1677861530,綠鹿之據點遺跡
1678910114,蘭里奇
1679958720,王田種植園
1681007309,綠萊莊園遺跡
1682056695,林翼莊園
1683105291,巴克屯農莊
1684153884,梅蘭齊之深坑
1685202544,黑泰爾
1686251123,爐屋的據點遺跡
1687299719,幸運的山羊客棧
1688348310,巴克興公墓
1689396900,巴克屯種植園
1690445488,灰堡大教堂
1691494067,銅翼墓地
1692542650,狐狸與鳥旅店
1693592043,銅鹿庭院遺跡
1694640667,林津農莊遺跡
1695689323,老埃維拉拉的農場遺跡
1696737907,貝爾岬
1697786505,沼翼果園
1698835104,凱娜瑞斯的無盡先知
1699884504,凱娜瑞斯的哀號聖像
1700933082,老西爾斯塔納的陋屋
1701981753,凱娜瑞斯的泣血預見者
1703030342,阿爾丁沼
1704078953,不安的城堡旅店
1705127541,唱興
1706176128,老貝拉達拉的農場遺跡
1707225553,德梅雷納之洞窟
1708274142,老西爾斯塔拉的宅地遺跡
1709322801,凱娜瑞斯的聖預兆
1710371437,阿恩多林之礦坑
1711420827,邁伊神龕
1712469411,老利薩比斯的農場
1713517992,凱娜瑞斯的歡愉之樹
1714566596,老卡羅拉拉的農場
1715615249,沼屯農莊遺跡
1716663869,王萊農莊
1717712461,蓋爾萊種植園
1718761856,巴克津之塔
1719810472,唱伯恩庭院
1720859122,凱娜瑞斯的內在重生
1721907776,銅萊城堡遺跡
1722957195,老瓦諾爾達的陋屋遺跡
1724005858,戰里奇村落
1725054437,鼴鼠與地城客棧
1726104082,蓋爾萊農莊
1727153616,海狸與哥布林酒館
1728203153,巴克翼的據點
1729251758,爐田小屋
1730300342,銅津農舍
1731348949,沼田莊墓地
1732397528,邁伊神龕
1733447051,鷹翼莊園遺跡
1734495656,王田莊莊園
1735544248,爐屯種植園
1736593766,范谷林地
1737642358,達爾基米斯之鬼域
1738690950,巴克萊果園遺跡
1739739531,深紅的狼酒館
1740788146,雷莊
1741837668,蓋爾萊農莊
1742886250,老利薩納的農場
1743934864,蓋爾屯農舍
1744983445,埃芬神龕
1746032963,老貝拉達比斯的宅地
1747081544,凱娜瑞斯的哀號之星
1748130158,爐翼莊園遺跡
1749178747,老綠屯棚屋遺跡
1750228292,綠興之堡壘
1751277851,綠田種植園
1752326448,沼田墓窖
1753375057,王匠墓窖
1754424574,王田莊墓地
1755473163,灰燼萊種植園
1756521774,蝙蝠與獅鷲客棧
1757570358,老貝拉迪維拉的農場
1758619874,凱娜瑞斯的溫柔預見者
1759668460,灰燼萊葬地
1760717039,爐屯農莊
1761765625,阿茲沃爾
1762814207,王屯農莊遺跡
1763862803,蓋爾屯小屋遺跡
1764912325,豬與鳥客棧
1765960931,綠津之據點
1767009529,埃達夫爾德挖掘場
1768059040,蟾蜍與貓旅舍
1769107636,凱娜瑞斯的燃燒之魂
1770156229,灰燼翼農莊
1771204807,紅顱骨旅店
1772253390,灰燼屯種植園
1773301983,凱娜瑞斯的燃燒救贖者
1774351528,老蓋爾翼宅地遺跡
1775401096,凱娜瑞斯的靜默之光
1776449696,阿恩迪斯提爾挖掘場
1777498281,灰燼匠農舍
1778546867,灰燼斯頓小屋
1779596382,阿恩拉斯
1780644972,王津農舍
1781693599,戰橋丘
1782742186,爐田之要塞
1783791718,老吉夫尼薩的陋屋遺跡
1784840311,蓋爾田莊種植園
1785888909,老主屋陋屋
1786937488,卡羅利里之集會所
1787987006,老灰燼屋陋屋遺跡
1789035622,老卡羅洛薩的宅地
1790084201,莫爾克塞薩洞穴
1791133720,沼翼之要塞
1792182312,凱娜瑞斯的內在預見者
1793230903,特迪斯塔爾礦脈
1794279499,蓋爾匠的衛所
1795329065,凱娜瑞斯的哀泣救贖者
1796377668,蘭田莊庭院
1797426249,埃迪夫里克隧道
1798475784,爐村墓地
1799524367,莫爾拉斯
1800572948,爐翼農舍
1801621532,王屯農莊
1802671083,老卡羅利里的棚屋
1803719679,烏托雷隧道
1804768262,老灰燼鹿棚屋
1805816844,老威克屯棚屋
1806866373,林鹿莊園
1807914951,馬雷里之深坑
1808963537,林興莊園遺跡
1810012123,羅丁礦脈
1811061704,銅田府邸遺跡
1812110313,主萊墓窖
1813159825,主屯種植園
1814208407,銅屋小屋遺跡
1815257011,林屋塔
1816305615,蓋爾村莊園遺跡
1817355120,凱娜瑞斯的恆在聖物
1818403698,老伊辛的棚屋
1819452310,老伊西薩的棚屋
1820500908,教堂維奇
1821550434,威克田莊農舍
1822599014,長沃克岩
1823647596,主田庭院遺跡
1824696178,灰燼田莊農舍
1825744762,銅鹿種植園
1826793360,老巴克田莊陋屋
1827842940,銅斯頓之據點
1828891525,凱娜瑞斯的溫柔之星
1829940103,山貓與深坑旅舍
1830989616,綠萊果園遺跡
1832038216,巴利努納的巢穴
1833086798,老埃利佐里的農場
1834135390,銅萊果園
1835183968,銅屋府邸
1836233494,骯髒的巨靈酒吧
1837283064,銅屋墓穴
1838331642,林翼莊園遺跡
1839380232,莫爾丁礦脈
1840428829,巴克萊城堡
1841477425,巴克田果園
1842527016,切斯特原窪地
1843576529,蘭道
1844625111,惡魔的劍旅店
1845673704,老巴爾博里的宅地
1846722286,巴克萊農莊
1847770864,霍原
1848819452,爐村農莊
1849868030,凱娜瑞斯的哀號先知
1850918605,凱娜瑞斯的燃燒預見者
1851968135,金貓旅舍
1853016719,老維克托薩的農場
1854065301,塔姆徑
1855113882,蓋爾屯宮殿
1856162497,主村農莊
1857211082,凱娜瑞斯的永恆救贖者
1858260616,梅貝斯
1859309197,白山
1860357782,鄉屯小屋
1861406384,鄉興塔
1862454964,灰燼興莊園
1863504476,沼屯庭院遺跡
1864553054,凱娜瑞斯的無盡預見者
1865601634,老王鹿陋屋
1866651215,銅屋種植園
1867699844,寬沃克
1868749350,蓋爾萊種植園
1869797935,威克村果園遺跡
1870846531,蓋爾萊城堡
1871895112,幸運的巨人酒吧
1872944658,凱娜瑞斯的溫柔之魂
1873993250,林田城堡
1875041873,凱娜瑞斯的神聖之光
1876091384,蟾蜍與獅鷲客棧
1877139970,女王的衛兵旅舍
1878188572,老埃洛薩的棚屋
1879237157,蓋爾村墓地
1880287695,王萊農舍
1881336284,蓋爾興莊園遺跡
1882384870,灰林
1883433458,灰燼屯墓窖
1884483050,伊里克祭壇
1885532575,凱斯莫斯公地
1886581187,凱娜瑞斯的歡愉之星
1887629770,沼萊塔遺跡
1888679299,凱娜瑞斯的溫柔預兆
1889727900,巴克鹿墓地
1890777466,灰燼斯頓墓窖
1891826058,凱娜瑞斯的靜默聖物
1892875658,灰燼屯莊園
1893925192,老沼興棚屋
1894973772,尖叫的顱骨酒吧
1896022354,牛橋
1897071910,主興府邸遺跡
1898120489,巴拉坦澤薩之巢穴
1899169108,灰莊
1900218644,銅翼公墓
1901267222,凱娜瑞斯的泣血祭壇
1902315802,蓋爾斯頓公墓
1903364380,加洛城
1904412958,霍堡
1905461543,凱娜瑞斯的神聖之星
1906510136,老蓋爾萊宅地遺跡
1907559692,彭塔
1908608273,堡堡岩
1909656878,老沼興棚屋
1910706402,銅萊宮殿遺跡
1911755980,綠村的據點
1912804563,王屯墓地
1913854134,格魯姆沃爾
1914902721,凱娜瑞斯的哀號日出
1915951299,鷹興農莊
1917000886,利提凡之鬼域
1918049487,莫爾迪里克挖掘場
1919099061,老鼠與衛兵客棧
1920148613,新要塞
1921198220,維格里爾神龕
131233,鷹斯頓公墓
1179833,灰燼翼農莊
2228420,老灰燼屯陋屋
3277965,爐田莊園
4326545,查興
5376109,林匠種植園
6424695,霍爾田莊
7473275,鄉鹿莊園
8521866,老鄉萊棚屋
9570447,內克羅莫加恩城堡
10619029,凱娜瑞斯的祝福昇天
11668571,蓋爾津農莊
12717158,老埃拉拉的棚屋
13765736,吉姆·塞神龕
14814319,阿克橋
15863871,王斯頓莊園
16912457,蓋爾鹿莊園遺跡
17961044,老綠萊陋屋
19009626,老利西納的宅地
20058204,老利西里的宅地
21106790,阿爾德沼
22156329,銅津果園
23204908,蘭布隆
24253503,蘭田莊
25303064,凱娜瑞斯的燃燒先知
26351650,老銅萊棚屋
27400237,老巴克萊棚屋
28448815,凱娜瑞斯的歌唱預見者
29498364,老鷹鹿棚屋
30546948,賽伊聖物庫
31595532,林匠府邸
32645087,鄉屯農莊
33693665,阿拉比威爾的監牢
34742268,埃芬神龕
35790853,唱莫斯
36840401,阿格里恩監獄
37888982,鄉村之墓窖
38937561,查屯
39986144,切斯特堡
41035708,凱娜瑞斯的靜默預見者
42084302,主興府邸
43133869,凱斯要塞
44182460,凱娜瑞斯的歌唱重生
45232008,西萊
46280586,范牆丘
47329165,梅田莊庭院
48377753,長特里田
49427320,教堂井
50475913,主屯農莊
51524492,沼匠宮殿
52574041,哥特村
53622628,蘭堡自治鎮
54671213,杜諾雷實驗室
55720691,主興莊園
56769371,鼴鼠與土撥鼠酒吧
57818841,主匠墓窖
58867426,威克萊宮殿
59916004,男爵加魯洛斯之宅邸
60964647,銅萊莊園
62013237,巴克翼莊園
63061829,霍堡
64111285,威克萊墓穴
65159864,唱橋
66208447,凱娜瑞斯的歡愉先知
67257029,西爾斯提納祭儀所
68305607,豬與貓酒館
69354190,爐斯頓莊園遺跡
70402769,中田莊
71451430,灰燼田莊墓穴
72500010,查倫伯恩窪地
73549483,銅屯農莊
74598066,貝爾橋
75646652,貝爾灣
76695233,老巴克屋陋屋
77743878,威克興種植園
78792458,裂伯恩
79841045,死亡的頭盔旅店
80890501,林萊府邸
81939081,林萊府邸
82987660,鄉匠農莊
84036238,凱娜瑞斯的泣血昇天
85084816,爐鹿宮殿
86133397,老伊索爾達的陋屋
87181980,林田莊城堡
88230562,中沼
89279143,鷹田庭院
90327726,女王的巨人旅舍
91376364,凱斯灣
92424948,堡谷
93473531,凱娜瑞斯的燃燒之光
94522991,蘭谷
95571584,黑維奇
96620162,查特里
97668743,老吉夫尼里的宅地遺跡
98717325,凱娜瑞斯的恆在祭壇
99765934,王田農莊
100815425,鷹津府邸
101864009,林村庭院
102912587,蓋爾匠之堡壘
103961172,凱娜瑞斯的聖祭壇
105009761,歡笑的獾旅舍
106058341,灰燼屯府邸
107106930,灰燼村農莊
108155512,威克興府邸
109204112,弗拉丁古斯之宅邸
110252690,嚎叫的龍酒館
111301277,牛維奇
112349872,特迪里克實驗室
113398478,惡魔的獅鷲酒館
114447915,老埃利里的陋屋
115496495,堡鎮
116545077,狐狸與野蠻人酒吧
117593655,寬津
118642233,凱娜瑞斯的泣血聖像
119690844,野鎮
120739444,鄉田葬地
121788033,蓋爾萊莊園
122836627,綠屯庭院
123885227,鄉田莊之要塞
124934670,金幼鹿酒館
125983278,十字山
127031856,巴克萊莊園
128080437,銅翼墓窖
129129020,灰燼鹿墓穴
130177606,灰燼鹿農莊
131226186,范原
132274766,爐斯頓之墓穴
133323345,沼津農莊
134371924,范要塞公地
135420502,陰林
136469081,銅村之據點
137517665,爐村墓穴
138566243,綠津莊園
139614830,灰堡
140663412,白莫斯
141711992,斯特倫納港灣
142760574,主翼府邸
143809163,老沼屯陋屋
144857754,唱村府邸
145907179,裂里奇
146955780,哥特門
148004360,林興種植園
149052941,阿拉巴內感化院
150101522,鄉翼莊園
151150120,凱娜瑞斯的神聖聖物
152198723,林田莊之據點
153247301,威克興莊園
154295887,凱斯堡
155344474,西門
156393064,梅堡
157442518,圖恩屯
158491105,主斯頓府邸
159539685,不安的酒杯旅店
160588263,野蠻的裂谷酒吧
161636842,尖叫的刺蝟旅店
162685464,幸運的獾客棧
163734042,伊里克祭壇
164782628,陰伯恩
165831217,蓋爾田莊府邸
166879806,銅津墓地
167928394,阿爾丁津
168976991,黑原
170025573,彭堡村落
171074153,老伊索爾達的陋屋
172123580,斯托谷
173172166,巴克翼種植園
174220747,牛莊
175269333,女王的深坑酒吧
176317913,蓋爾興宮殿
177366492,蘭興
178415074,深紅的城堡酒館
179463656,威克斯頓墓穴
180512236,老西爾斯提恩的棚屋
181560848,長興
182609444,蝙蝠與酒壺旅舍
183658025,綠萊宮殿
184706614,科羅加爾城堡
185755211,蓋爾興農莊
186803799,白伯恩
187853213,普里瓦提爾的據點
188901793,主翼城堡
189950376,克羅姆牆
190998955,老吉夫尼薩的陋屋
192047536,鄉鹿果園
193096135,裂徑荒地
194144722,霍爾塔
195193307,貝達爾德實驗室
196241888,骯髒的酒壺旅店
197290479,霍爾城
198339077,泉城
199387669,范市集
200436247,銅津種植園
201484827,斯托岬
202533424,綠村城堡
203582842,蓋爾萊莊園
204631423,老利薩納的棚屋
205680001,老埃拉拉的棚屋
206728581,哥特道園
207777159,堡萊
208825740,爐田庭院
209874333,老王津棚屋
210922913,佩里斯塔爾之地城
211971525,伊格魯戈斯
213020106,鷹斯頓農莊
214068697,海狸與龍旅舍
215117282,林萊果園
216165860,西山
217214448,凱娜瑞斯的溫柔祭壇
218263028,爐斯頓農莊
219311629,老爐鹿宅地
220360224,鹿莊
221408805,查鎮岩
222457391,老鷹興宅地
223505971,彭布隆
224555377,爐屯莊園
225603966,東要塞岩
226652559,王興宮殿
227701137,阿克莫斯
228749718,綠津農莊
229798298,凱娜瑞斯的神聖預兆
230846876,蝙蝠與獅鷲旅店
231895458,灰鎮
232944052,老埃洛里的宅地
233992630,哥特道
235041208,國王的地城酒吧
236089811,王興農莊
237138390,老王斯頓宅地
238186976,灰燼村之堡壘
239235559,鷹田莊莊園
240284157,賢者紀念碑
241332737,灰燼屋墓地
242381333,綠萊的衛所
243429918,范沼
244479300,鷹村的據點
245527879,威克匠庭院遺跡
246576461,賢者紀念碑
247625046,沼鹿果園
248673627,騎士郡
249722206,切斯特維奇
250770796,狐狸與野蠻人酒館
251819375,老巴克田棚屋
252867956,加羅莫斯之墓室
253916539,新村
254965120,蓋爾屋府邸
256013702,主津庭院
257062280,貝爾莊村落
258110861,灰燼津的據點遺跡
259159439,貢迪里克實驗室
260208017,加雷諾爾府邸
261256595,死亡的獅鷲旅舍
262305173,綠村果園
263353754,上谷櫟林
264402339,蓋爾屋莊園
265450917,灰燼興果園
266499495,主屯農舍
267548100,加洛井
268596696,梅門
269645275,不幸的麝香鼠旅店
270693858,王津庭院
271742456,白獾酒館
272791039,唱井
273839617,唱堡林地
274888195,沼屋城堡
275936777,林田莊農莊
276986161,凱娜瑞斯的歡愉神諭
278034747,凱娜瑞斯的燃燒之魂
279083329,黑要塞
280131912,凱娜瑞斯的哀泣殉者
281180491,巴克田莊府邸
282229069,巴克屋農莊
283277650,灰燼興府邸
284326251,長市集園
285374834,威克萊農莊
286423432,老瓦納內的陋屋
287472017,特里斯提里克學院
288520595,老沼津陋屋
289569176,老銅鹿陋屋
290617758,鷹興農莊遺跡
291666354,寬徑大教堂
292714933,老卡羅拉納的宅地
293763544,蘭屯
294812132,霍沼田
295860718,綠惡棍酒吧
296910102,鷹屋墓地
297958683,海狸與地城旅舍
299007270,東灣
300055853,東橋
301104445,爐屋小屋
302153024,切斯特城
303201603,蓋爾翼墓地
304250183,特羅格克爾
305298763,獅子與蠍子旅舍
306347343,白麝香鼠旅舍
307395926,林津農舍
308444516,堡泰爾
309493098,鄉斯頓墓地
310541707,朱比莫爾貢之深坑
311590307,長泰爾
312638885,長堡
313687467,老貝拉丁的陋屋
314736051,老威克興陋屋
315784636,銅匠農舍遺跡
316833219,邁伊神龕
317881806,惡棍與山羊酒館
318930388,伊普泰爾
319978968,飛翔的酒壺酒吧
321028348,凱娜瑞斯的哀號先知
322076946,王萊莊園
323125528,死亡的頭盔酒館
324174109,塔姆維奇
325222690,凱娜瑞斯的燃燒重生
326271281,凱娜瑞斯的泣血神諭
327319861,黑沼
328368454,鄉翼小屋
329417038,凱娜瑞斯的祝福殉者
330465622,查城
331514201,爐田莊種植園
332562780,凱娜瑞斯的燃燒昇天
333611376,威克津莊園
334659958,喬德神龕
335708538,維爾姆東
336757116,林斯頓莊園
337805699,豬與野蠻人客棧
338854281,加洛要塞
339902863,老埃利納的陋屋
340951441,加洛泰爾
342000021,舞蹈的侏儒旅舍
343048599,深紅的麝香鼠旅店
344097191,哥特灣
345145773,林田的衛所
346194356,薩赫薩洞窟
347242942,銅屋之墓穴
348292327,凱斯塔丘
349340907,佩里納克實驗室
350389486,新田莊
351438067,新塔
352486645,埃洛納之召集所
353535223,海狸與頭盔旅店
354583805,阿克谷
355632391,灰岬府邸
356680973,綠萊農莊
357729563,老利西維拉的棚屋
358778144,白維奇
359826731,邁伊神龕
360875320,鄉萊果園
361923920,威克興農莊遺跡
362972519,死亡的土撥鼠旅店
364021109,王屯莊園
365069702,老巴爾博納的宅地遺跡
366118281,綠田莊農莊
367166867,老維克提維拉的陋屋
368215458,林翼莊園
369264845,十字田莊田
370313433,生鏽的食人魔旅舍
371362034,蓋爾屯墓地
372410617,加洛谷荒原
373459197,銅屋府邸
374507813,切斯特灣村落
375556398,陰道
376604988,巴克匠種植園
377653568,芬恩庇所
378702148,灰燼鹿莊園
379750727,東要塞
380799306,蓋爾匠塔遺跡
381847908,老沼興宅地
382896492,歡笑的深坑客棧
383945079,老利西納的農場遺跡
384993669,銅田莊莊園
386042252,陰莊府邸
387090833,特迪納克實驗室
388140218,威克萊墓地
389188796,林翼墓地
390237388,嚎叫的獅鷲酒吧
391285966,威克鹿府邸
392334544,老貝拉多爾達的棚屋
393383147,迪瓦德紀念碑
394431728,凱娜瑞斯的聖神諭
395480315,林田農舍
396528894,林萊農莊
397577481,鄉萊農莊
398626068,老埃利維拉的陋屋
399674648,沼屋之據點
400723229,老巴爾博里的農場
401771807,老卡羅洛爾達的農場遺跡
402820404,泉維奇
403868984,惡魔的龍客棧
404917563,鷹屯農莊
405966151,阿拉博雷監獄
407014734,教堂萊
408063321,老卡羅利維拉的宅地
409111910,老卡羅洛納的農場
410160488,教堂莊
411209072,裂萊
412257663,裂郡
413307037,鷹鹿之塔
414355624,切斯特沃克
415404221,銅萊墓地
416452799,凱娜瑞斯的無盡聖像
417501379,惡棍與劍酒吧
418549958,鄉匠宮殿
419598568,飛翔的獅鷲酒吧
420647156,老伊薩納的棚屋
421695738,彭莊丘
422744340,老埃利齊納的棚屋
423792922,老巴爾比薩的農場
424841513,綠田莊園
425890098,弗拉迪米斯城堡
426938676,爐翼墓穴
427987276,林匠農莊
429035859,彭門
430084449,矮人與土撥鼠旅店
431133848,威克村府邸
432182428,圖恩莫斯
433231027,中堡
434279610,阿爾丁沃克林地
435328205,銅田莊農舍
436376794,巴克匠莊園
437425374,威克萊的衛所
438473961,黑里奇
439522539,莫拉羅克之鳥舍
440571117,主萊莊園
441619711,嚎叫的鳥旅店
442668297,沼斯頓宮殿
443716877,王鹿的據點
444765473,蓋爾斯頓莊園
445814071,黑門
446862659,綠翼庭院
447911246,綠屯農莊
448960626,惡魔的刺蝟旅店
450009205,賽伊聖物庫
451057798,斯庫斯
452106376,埃維利里祭儀所
453154958,查萊
454203539,鄉屋之墓窖
455252118,查倫泰爾
456300712,林萊莊園
457349304,范橋
458397882,巴克津莊園
459446460,獅子與土撥鼠旅店
460495051,克羅姆維奇丘
461543639,威克斯頓農莊
462592220,阿塞姆塞納的巢穴
463640805,牛井
464689385,霍特里窪地
465737963,老埃維利里的宅地
466786551,裂城林地
467835136,薩什洛斯蛛網
468883718,彭堡園
469932304,灰燼匠莊園
470980883,阿克堡
472029462,威克田農舍
473078055,貝爾莫斯
474126637,沼萊農莊
475175217,深紅的巨人旅舍
476224594,凱娜瑞斯的歡愉聖物
477273191,沼斯頓之據點
478321803,主興農莊
479370390,塔姆灣
480418971,凱娜瑞斯的哀號預兆
481467561,新沼
482516140,雷堡
483564720,查倫伯恩
484613301,教堂萊
485661883,老綠萊宅地
486710461,蓋爾萊宮殿
487759048,主斯頓農舍
488807631,查道
489856220,女王的惡棍旅舍
490904806,霍爾泰爾
491953409,伊普山
493001993,加洛谷岩
494050572,斯托維奇田
495099163,綠鹿府邸
496148562,凱娜瑞斯的溫柔日出
497197145,哥特城
498245723,巴克屋農舍
499294305,小鼠與雄鹿旅舍
500342883,老灰燼鹿棚屋
501391471,凱娜瑞斯的靜默日出
502440091,威克萊庭院
503488683,銅萊之要塞
504537273,沼屯莊園
505585925,寬要塞
506634506,銅田莊府邸
507683885,凱娜瑞斯的可畏昇天
508732478,王津墓窖
509781106,鷹萊之要塞
510829688,凱娜瑞斯的哀泣之星
511878271,切斯特布隆
512926861,凱娜瑞斯的內在祭壇
513975447,范塔庭院
515024030,口渴的侏儒旅店
516072613,裂萊赫
517121192,老埃利扎比斯的農場
518169773,黑津
519218354,凱娜瑞斯的溫柔先知
520266937,老莫爾戈納的宅地
521315517,唱沃克
522364096,老吉夫寧的宅地
523412675,中萊
524461254,灰道
525509846,十字谷
526558438,生鏽的狼旅舍
527607817,沼萊農莊
528656439,凱娜瑞斯的哀泣日出
529705017,蘭萊櫟林
530753605,雷布隆
531802200,陰谷
532850781,沼屋庭院
533899363,凱娜瑞斯的燃燒日出
534947955,阿爾丁牆
535996546,老銅興宅地
537045128,十字伯恩
538093731,新道
539142320,巴克屯公墓
540190899,蓋爾村農舍
541239478,蓋爾田的衛所
542288056,加雷洛斯之墳墓
543337464,中灣
544386059,綠萊果園
545434637,上鎮
546483224,老利西維拉的宅地
547531804,霍林園
548580387,老鄉村宅地
549628976,騎士村
550677558,凱娜瑞斯的永恆之星
551726138,十字堡
552774733,王津種植園
553823312,巴羅戈斯之墳墓
554871902,老莫爾吉里的棚屋
555920488,貢丁之巢穴
556969079,林翼農莊
558017665,迪瓦德紀念碑
559066249,鄉匠果園
560114829,鄉興庭院
561163410,爐田莊府邸
562211989,灰燼萊莊園
563260583,灰燼斯頓莊園
564309179,沃吉洛東
565358558,巴克津農莊
566407170,伊滕的蛛網
567455751,西灣
568504357,狐狸與劍酒吧
569552936,范津
570601515,沼屋之墓穴
571650120,老埃利維拉的棚屋遺跡
572698711,主田公墓
573747291,不幸的幼鹿旅舍
574795879,銅萊農舍
575844460,梅萊
576893056,綠匠農莊
577941637,黑維奇
578990217,唱林
580038796,羽毛與劍旅舍
581087381,野林岩
582135965,利提凡之墓室
583185348,塔姆貝斯
584233936,老埃利扎內的棚屋
585282531,老維克塔納的棚屋
586331109,綠津府邸
587379693,長門
588428275,林興府邸
589476872,蓋爾田墓地
590525450,口渴的惡棍旅舍
591574043,爐屯農莊
592622622,凱娜瑞斯的哀泣之樹
593671200,蓋爾村公墓
594719785,老埃利佐里的陋屋
595768363,威克村之墳場
596816947,烏提斯塔爾之巢穴
597865525,老林匠陋屋
598914106,新林林地
599962689,鄉鹿府邸
601011276,巴盧切克斯的巢穴
602059862,巴克村之墳場
603108445,克羅姆要塞
604157029,銀鳥酒吧
605205610,王萊塔
606254198,黑地城旅舍
607302778,鷹屋府邸
608351377,薩霍德爾洞穴
609400751,主匠之堡壘
610449333,銅斯頓墓窖
611497929,凱娜瑞斯的聖聖物
612546525,薩謝魯斯
613595112,威克斯頓之要塞
614643690,凱娜瑞斯的永恆日出
615692269,爐鹿葬地
616740858,凱娜瑞斯的歌唱之星
617789463,凱娜瑞斯的溫柔之樹
618838041,凱娜瑞斯的神聖之樹
619886628,貝爾卡特
620935207,嚎叫的顱骨旅舍
621983793,裂市集
623032374,老瓦諾里的棚屋
624080963,野津
625129543,霍爾井
626178122,主津之城堡
627226703,佩里斯塔爾實驗室
628275284,戰里奇荒原
629323867,斯塔迪瓦姆之古塚
630373287,長津
631421883,老埃利津的宅地
632470465,斯托莊
633519047,尖叫的貓客棧
634567630,骯髒的獾酒館
635616216,伊普橋
636664794,凱娜瑞斯的無盡預兆
637713372,莫爾金巫會
638761950,中市集岩
639810532,堡山
640859129,鄉斯頓之據點
641907716,威克興小屋
642956295,哥特要塞
644004873,死亡的哥布林客棧
645053477,泉城
646102069,林屋農舍
647150663,羽毛與巨靈酒館
648199257,凱娜瑞斯的內在之星
649248639,羽毛與貓旅店
650297245,加洛津
651345835,鹿灣
652394413,巴克匠農莊
653443004,林翼之塔
654491599,老利索薩的棚屋
655540178,蓋爾田之堡壘
656588757,爐萊莊園
657637342,林田莊葬地
658685923,泉堡
659734505,舞蹈的龍客棧
660783101,凱娜瑞斯的祝福之樹
661831688,塔姆卡特
662880276,野蠻的仙子客棧
663928854,蓋爾屯莊園
664977433,老利薩比斯的陋屋
666026022,王萊農舍遺跡
667074613,斯托莫斯窪地
668123197,凱娜瑞斯的祝福先知
669171775,老沼村陋屋
670221161,杜寧實驗室
671269760,老維克塔內的農場
672318346,林興宮殿
673366927,加洛伯恩
674415505,埃多夫林實驗室
675464091,老西爾斯提里的農場遺跡
676512680,新城
677561269,老伊薩納的陋屋
678609897,凱娜瑞斯的聖日出
679658516,威克萊農舍
680707105,鷹田莊農莊
681756494,骯髒的狼旅舍
682805081,銅斯頓墓窖
683853662,阿拉博雷之巢穴
684902241,巴克興小屋
685950821,長沃克
686999405,上維奇
688048019,野特里
689096625,凱娜瑞斯的神聖昇天
690145206,凱娜瑞斯的內在之魂
691193791,老主鹿棚屋
692242369,凱娜瑞斯的可畏殉者
693290984,凱娜瑞斯的無盡重生
694339563,十字卡特
695388161,凱娜瑞斯的歌唱之魂
696437584,沼鹿之墓窖
697486172,蓋爾萊公墓
698534759,堡特里
699583341,王匠莊園
700631921,哥特道府邸
701680499,陰塔窪地
702729081,阿爾德卡特
703777669,蓋爾村果園
704826255,獅子與巨人客棧
705874834,唱塔
706923415,爐鹿莊園
707972003,牛林
709020595,王萊農莊
710069176,爐萊農舍
711117757,阿格里恩實驗室
712166341,鷹萊種植園
713214933,鷹鹿農莊
714263516,凱娜瑞斯的泣血殉者
715312130,凱娜瑞斯的哀泣聖物
716360708,林興城堡
717410110,霍村
718458723,威克津農舍
719507315,凱娜瑞斯的哀號之星
720555893,鄉翼塔
721604483,范村林地
722653063,銅鹿種植園
723701649,銅萊農莊
724750227,陰塔府邸
725798806,老卡羅利里的陋屋
726847384,灰燼田府邸
727895979,巴克屋府邸
728944563,威克田莊莊園
729993159,埃利津之巫會
731041741,德穆喬圖拉洞窟
732090322,班迪神龕
733138903,嚎叫的城堡旅店
734187492,銅萊種植園
735236070,老巴克屋宅地
736285463,灰燼匠農莊遺跡
737334059,王萊農莊
738382642,克羅姆井
739431222,蓋爾田農舍
740479805,鄉萊農莊
741528389,鄉田莊農莊
742576979,梅橋
743625586,爐津種植園
744674179,凱娜瑞斯的溫柔殉者
745722781,鹿堡
746771360,維格里爾神龕
747819945,長鎮
748868545,東卡特
749917136,耶弗瑞神龕
750965716,綠屋之據點
752015090,沼田公墓
753063697,老巴克萊宅地
754112279,老灰燼田莊宅地
755160860,騎士塔丘
756209442,王津城堡
757258024,威克村種植園
758306603,沼萊小屋
759355185,老西爾斯塔內的棚屋
760403766,銅翼宮殿
761452354,老埃維拉拉的棚屋
762500935,老巴克村棚屋
763549516,巴克興果園
764598095,維拉滕
765646674,凱娜瑞斯的燃燒神諭
766695252,老利薩拉的農場
767743831,凱斯谷
768792417,林翼宮殿
769841007,梅堡
770889602,戰村
771938189,長泰爾高地
772986782,德魯洛滕巢穴
774035386,主萊墓窖
775084764,老伊索爾達的陋屋
776133344,裂門田
777181949,王翼莊園
778230535,爐鹿墓地
779279154,鷹村莊園
780327745,老鷹興陋屋
781376326,林屋果園
782424912,凱娜瑞斯的靜默救贖者
783473492,范里奇盡頭
784522074,斯塔丁甘之宅邸
785570653,圖恩萊
786619234,主匠葬地
787667824,老威克萊宅地
788716424,威克村果園
789765002,長莫斯
790813580,伊芙琳之密室
791862159,凱娜瑞斯的聖預兆
792910741,林田莊小屋
793959321,巴克屋小屋
795007908,瓦諾薩之聚落
796057308,王村莊園遺跡
797105909,蓋爾匠莊園
798154488,黑徑
799203079,查林
800251662,斯托岬窪地
801300244,格魯梅托斯的巢穴
802348822,蘭城窪地
803397406,銅田農莊
804445996,貝迪克托爾的監牢
805494581,綠田莊莊園
806543162,巴克匠之墓窖
807591758,霍爾萊
808640338,蓋爾田農莊
809688936,主萊府邸
810737515,主萊農莊
811786093,埃迪夫瓦爾感化院
812834681,老伊索納的農場
813883263,雷津
814931845,巴克匠之要塞
815981225,凱娜瑞斯的燃燒殉者
817029820,國王的裂谷酒館
818078402,喬德神龕
819126989,銅屯塔
820175572,銅鹿果園遺跡
821224163,克羅姆谷
822272743,蓋爾匠果園遺跡
823321321,鄉田莊園
824369931,巴克萊農莊
825418511,灰燼萊農舍
826467136,老灰燼翼陋屋
827515755,威克屋府邸
828565139,迪瓦德紀念碑
829613720,老巴爾比維拉的農場
830662299,凱娜瑞斯的歡愉聖像
831710882,不幸的麝香鼠酒吧
832759479,主匠農莊
833808071,阿爾丁林園
834856662,朱班齊洞穴
835905245,塔姆道荒原
836953823,不幸的顱骨旅店
838002402,巴克興農舍
839050983,巴克田農莊
840099564,口渴的貓旅舍
841148145,老蓋爾田莊棚屋
842196732,凱娜瑞斯的哀號救贖者
843245313,迪瓦德紀念碑
844293918,特里塞爾貢
845342496,沼翼公墓
846391074,口渴的城堡客棧
847439673,梅城
848488263,綠匠公墓
849536842,鄉匠城堡
850585422,綠萊農莊
851634010,彭貝斯
852683385,斷崖巫會
853731992,圖恩田莊
854780570,凱娜瑞斯的可畏之光
855829158,爐翼庭院
856877738,老巴爾巴比斯的農場
857926321,爐津庭院
858974899,凱娜瑞斯的溫柔之魂
860023478,蓋爾村墓地
861072057,中要塞櫟林
862120636,塔姆林
863169234,林萊農莊
864217831,阿克津
865266411,巴克屯庭院
866315046,灰燼匠小屋
867363642,長井
868412223,吉夫諾里巫會
869461603,灰燼津墓地
870510182,泉岬
871558767,蓋爾津農舍
872607355,切斯特萊
873655943,雷維奇
874704550,沼津莊園遺跡
875753136,牛谷
876801715,林翼庭院
877850294,巴盧爾之洞穴
878898884,王田莊宮殿
879947481,阿爾丁維奇
880996081,凱娜瑞斯的祝福神諭
882044659,黑里奇村落
883093240,戰谷
884141821,灰徑
885190420,沼興之據點
886238998,幸運的祭司旅舍
887287576,巴克斯頓之塔
888336154,綠屋府邸
889384733,王斯頓果園
890433317,綠鹿種植園
891481899,沼興農莊
892531280,凱娜瑞斯的永恆神諭
893579865,弗拉迪沃恩城堡
894628448,泉堡
895677035,銀狼酒館
896725613,瑞恩聖物庫
897774200,長市集
898822783,小鼠與豪豬酒吧
899871367,查倫鎮
900919953,沼鹿府邸
901968534,銅田莊庭院
903017121,銅匠莊園
904065704,巴克興莊園
905114287,霍爾牆
906162865,切斯特莊
907211447,凱斯山
908260026,彭要塞櫟林
909308653,阿恩拉魯戈斯
910357235,新城庭院
911405813,凱娜瑞斯的聖聖像
912454391,查倫橋田
913502969,凱娜瑞斯的可畏預見者
914551560,梅村荒地
915600139,蓋爾屋種植園
916648725,鹿沃克
917698099,長萊
918746687,伊普莊田
919795268,特迪瓦爾實驗室
920843850,老埃利扎內的農場
921892460,白林自治鎮
922941045,老莫爾加拉的陋屋
923989628,唱布隆
925038211,貝爾堡
926086791,霍爾伯恩林地
927135371,吉夫尼薩之法環
928183954,斯托莊荒原
929232539,蓋爾村之據點
930281126,達爾科武斯之古塚
931329708,威克屋農莊
932378295,阿恩迪納克實驗室
933426882,鷹田莊之據點
934475466,鷹興農莊
935524047,老林斯頓宅地
936572643,斯托橋
937621223,老巴克田莊宅地
938669816,威克斯頓莊園遺跡
939719214,凱娜瑞斯的歡愉祭壇
940767792,灰燼田莊墓地
941816378,銅匠農莊
942864958,老銅田莊陋屋
943913537,哥特沃克岩
944962115,女王的顱骨酒吧
946010694,凱娜瑞斯的祝福之光
947059273,阿內洛斯之巢穴
948107852,主村公墓
949156433,主鹿莊園
950205057,斯特倫納港灣
951253640,威克村之城堡
952302230,中村
953350818,王田小屋
954399413,王屋農舍遺跡
955447996,長里奇
956496579,凱娜瑞斯的燃燒救贖者
957545158,塔姆岬
958593751,圖恩莊
959642330,鄉萊種植園
960690914,老爐萊棚屋
961740299,牛村田
962788890,灰貝斯
963837472,鷹田府邸
964886052,基蘭劇院
965934656,達爾克內扎爾之墓陵
966983234,鷹翼城堡
968031817,王萊城堡
969080396,蓋爾翼農莊
970128976,威克萊葬地
971177565,凱娜瑞斯的可畏神諭
972226155,凱娜瑞斯的無盡昇天
973274740,凱娜瑞斯的泣血救贖者
974323342,老沼鹿陋屋
975371925,沼田莊莊園
976420511,老銅萊陋屋
977469107,銅翼府邸
978517689,灰燼田塔
979566278,梅村
980614856,騎士鎮
981663437,凱斯原
982712812,老埃利佐爾達的陋屋
983761406,埃迪夫斯塔爾收容所
984809984,老維克提薩的陋屋
985858595,銅田之城堡
986907203,老利薩比斯的農場
987955786,凱娜瑞斯的恆在神諭
989004375,林匠之墓穴
990052959,阿爾德要塞丘
991101562,新伯恩窪地
992150166,寬特里
993198756,雷屯
994247347,主匠之墓窖
995295927,凱娜瑞斯的哀泣昇天
996345313,老埃維洛薩的宅地
997393891,陰里奇園
998442476,生鏽的頭盔酒館
999491068,主萊塔
1000539664,西布隆
1001588242,老鼠與深坑客棧
1002636826,陰要塞
1003685407,老主屋宅地
1004733988,陰岬
1005782582,莫爾迪斯提爾之巢穴
1006831165,凱娜瑞斯的恆在昇天
1007879745,凱娜瑞斯的可畏救贖者
1008928329,老卡羅拉納的棚屋
1009976938,教堂卡特林地
1011025540,凱娜瑞斯的歌唱之樹
1012074126,圖恩維奇
1013123518,白田莊
1014172103,霍市集
1015220688,蘭萊田
1016269271,阿扎爾戈斯蛛網
1017317857,死亡的巨人酒吧
1018366444,爐津農莊
1019415024,老埃利齊納的棚屋
1020463604,牛道
1021512191,沃吉貢之巢穴
1022560783,圖恩塔
1023609366,林津莊園
1024657948,白屯
1025706541,哥特徑
1026755119,戰萊赫
1027803707,雷興
1028852288,西田莊村落
1029900873,山貓與麝香鼠旅店
1030949454,鄉津庭院
1031998043,凱娜瑞斯的神聖祭壇
1033046634,凱娜瑞斯的可畏日出
1034095220,威克興農莊
1035143800,凱娜瑞斯的泣血之星
1036192381,鄉斯頓宮殿
1037241787,舞蹈的惡棍酒吧
1038290369,凱娜瑞斯的歡愉昇天
1039338948,爐斯頓葬地
1040387534,克羅姆堡府邸
1041436118,主斯頓宮殿遺跡
1042484703,口渴的麝香鼠酒館
1043533282,圖恩貝斯村落
1044581860,鹿興自治鎮
1045630448,加洛堡
1046679027,灰燼萊塔
1047727609,埃洛里之秘社
1048776199,老銅萊宅地
1049824782,朱比提瓦的巢穴
1050873360,長維奇園
1051921947,老綠斯頓宅地
1052970528,銅田公墓
1054019117,上郡
1055067719,十字原自治鎮
1056116297,凱娜瑞斯的靜默聖像
1057164888,沼鹿農莊遺跡
1058213481,老伊辛的棚屋
1059262068,凱娜瑞斯的聖重生
1060311452,鄉萊小屋
1061360030,霍維奇
1062408613,蓋爾屯城堡遺跡
1063457208,騎士莫斯
1064505786,海狸與匕首客棧
1065554370,羽毛與獵人客棧
1066602962,老莫爾加納的棚屋
1067651540,切斯特灣
1068700145,凱斯沃克
1069748723,羽毛與獅鷲酒館
1070797307,主興種植園
1071845885,耶弗瑞神龕
1072894463,牛城
1073943041,灰燼匠農莊
1074991628,阿克沃克
1076040215,老威克屋陋屋
1077088797,中徑
1078137376,加洛莊荒地
1079185956,凱娜瑞斯的內在之光
1080234554,豬與衛兵旅店
1081283141,陰維奇
1082331720,彭徑櫟林
1083380302,灰燼村府邸
1084428885,堡林
1085477463,查倫興
1086526042,霍市集公地
1087575440,銅屯莊園
1088624018,阿爾丁沃克
1089672596,霍爾里奇
1090721176,貝拉多薩巫會
1091769767,霍爾屯村落
1092818356,蓋爾村府邸
1093866935,裂原盡頭
1094915526,幸運的酒壺酒館
1095964127,爐翼莊園
1097012705,老伊索納的宅地
1098061294,王村種植園
1099109874,嚎叫的豪豬旅店
1100158458,鄉斯頓公墓
1101207067,主興之塔
1102255648,凱娜瑞斯的哀號重生
1103304235,貝爾莊
1104353667,維雷努斯之古塚
1105402252,老埃維拉拉的棚屋
1106450833,西田莊
1107499411,教堂堡
1108548002,長堡荒原
1109596593,白獾旅舍
1110645172,國王的刺蝟酒吧
1111693755,老瓦寧的農場
1112742339,寬山林地
1113790917,歡笑的衛兵旅店
1114839499,銅田莊農莊
1115888078,阿爾丁谷園
1116936664,巴克翼庭院
1117985245,凱娜瑞斯的燃燒預兆
1119033839,威克鹿之要塞
1120082422,上塔荒原
1121131020,蝙蝠與麝香鼠酒吧
1122179606,王鹿公墓
1123228203,女王的哥布林旅舍
1124277603,耶弗瑞神龕
1125326194,老鷹斯頓棚屋遺跡
1126374788,山貓與祭司旅店
1127423366,巴克興塔
1128471953,蓋爾萊的據點遺跡
1129520561,查泰爾
1130569144,梅盧拉之洞穴
1131617749,老埃拉內的陋屋
1132666330,范田莊林地
1133714908,爐斯頓府邸
1134763491,巴拉蘇納窪地
1135812076,羽毛與蠍子酒館
1136860655,鷹屋莊園
1137909244,蝙蝠與雄鹿酒吧
1138957827,彭泰爾公地
1140007255,威克斯頓果園
1141055836,海狸與蠍子客棧
1142104415,王屋城堡
1143153002,灰燼翼莊園遺跡
1144201590,銅斯頓庭院
1145250178,老銅鹿陋屋
1146298768,阿恩達內實驗室
1147347366,中貝斯
1148395945,老灰燼翼陋屋
1149444523,灰燼匠農舍
1150493112,斯托井櫟林
1151541691,鄉田莊的衛所
1152590286,沼屋莊園
1153638865,貢迪克托爾之巢穴
1154687457,加洛灣
1155736040,利托加恩之鬼域
1156784628,鄉斯頓府邸
1157833206,綠屋果園
1158881785,鄉斯頓墓窖
1159930364,蓋爾村莊園
1160979809,林翼種植園
1162028389,羅多林之感化監獄
1163076967,凱娜瑞斯的永恆預見者
1164125550,老爐田莊宅地
1165174138,上萊赫
1166222716,王津莊園
1167271297,王翼城堡
1168319899,巴克斯頓之墳場
1169368485,十字市集
1170417075,伊普岬
1171465660,灰燼屋農莊遺跡
1172514245,鄉村庭院
1173563675,老銅田莊宅地
1174612259,銅屋莊園
1175660844,幸運的雄鹿客棧
1176709424,裂維奇
1177758003,灰燼萊農莊
1178806585,長原庭院
1179855167,老瓦尼維拉的棚屋
1180903755,切斯特郡
1181952338,沼村莊園
1183000920,巴克鹿之墓穴
1184049500,堡牆
1185098091,長牆
1186146675,巴克屯農莊
1187195255,綠村宮殿
1188243846,白村
1189292424,灰燼津農莊
1190341030,口渴的野蠻人客棧
1191389617,賢者紀念碑
1192439045,威克田之墓窖
1193487624,爐鹿遺跡
1194536207,裂山庭院
1195584797,沼田庭院
1196633375,主屯農舍遺跡
1197681956,戰林
1198730545,林村農舍
1199779128,特里斯塔內之地城
1200827710,巴克鹿之塔
1201876297,綠田的據點
1202924875,王興莊園
1203973455,威克斯頓府邸
1205022037,小鼠與酒壺酒館
1206070617,西要塞櫟林
1207119202,老吉夫寧的農場
1208167800,老吉夫尼里的宅地
1209216381,老埃洛里的宅地
1210264959,綠村之墓窖
1211313537,銅匠府邸
1212362117,狐狸與侏儒酒吧
1213410697,威克翼公墓
1214459281,凱娜瑞斯的內在預見者
1215507860,鷹萊農舍
1216556443,海狸與食人魔酒吧
1217605888,老銅匠宅地
1218654467,老埃維利薩的農場
1219703060,伊普郡
1220751644,查道岩
1221800232,蓋爾村農莊
1222848815,彭堡
1223897411,凱娜瑞斯的哀號神諭
1224945992,綠田莊莊園遺跡
1225994576,黑檀臂鐵砧
1227043156,威克斯頓墓地
1228091741,王翼農莊
1229140341,老王田棚屋
1230188926,東灣荒原
1231237514,凱娜瑞斯的歌唱救贖者
1232286103,惡魔的惡棍旅店
1233335508,惡棍與龍酒吧
1234384087,鷹鹿府邸
1235432669,林萊庭院
1236481261,十字特里
1237529839,泉原
1238578417,鹿維奇
1239626995,埃芬神龕
1240675577,巴克斯頓之據點
1241724166,堡貝斯櫟林
1242772764,堡城
1243821342,巴克屯之據點
1244869923,牛貝斯
1245918501,林田莊府邸
1246967085,老鼠與狗旅店
1248015667,馬戈恩加恩之鬼域
1249064258,阿爾丁灣丘
1250112842,凱娜瑞斯的恆在聖物
1251161420,灰燼萊莊園
1252210001,伊里克祭壇
1253258594,凱娜瑞斯的歡愉預見者
1254307188,凱斯屯
1255356624,白維奇
1256405213,野市集盡頭
1257453791,凱娜瑞斯的神聖救贖者
1258502372,舞蹈的豪豬旅店
1259550952,老王萊陋屋
1260599548,王萊葬地
1261648130,生鏽的巨靈旅店
1262696721,德魯戈德
1263745309,嚎叫的匕首旅店
1264793903,蓋爾興府邸
1265842509,巴克斯頓農舍遺跡
1266891087,凱娜瑞斯的泣血預見者
1267939670,查倫津
1268988249,黑萊公地
1270036836,黑幼鹿旅店
1271085415,鄉津墓窖
1272134826,灰燼屋農莊
1273183423,銅匠墓地
1274232023,十字泰爾林地
1275280605,查倫堡村落
1276329198,裂維奇公地
1277377788,老莫爾加納的農場
1278426375,豬與蠍子酒館
1279474959,蓋爾津墓穴
1280523546,唱堡公地
1281572139,豬與惡棍酒館
1282620718,班迪神龕
1283669298,凱斯興
1284717898,騎士卡特
1285766481,陰里奇大教堂
1286815895,凱娜瑞斯的可畏之魂
1287864509,幸運的衛兵旅店
1288913089,蓋爾萊果園
1289961672,老蓋爾屋宅地
1291010263,匕首雨
1292058842,老主村宅地
1293107422,長郡
1294156000,鄉屋墓窖
1295204584,鄉興莊園
1296253182,彭門櫟林
1297301791,凱娜瑞斯的哀號聖物
1298350371,綠興農莊
1299398949,裂沼
1300447529,老蓋爾津棚屋
1301496107,巴利提窪地
1302545546,凱娜瑞斯的哀號殉者
1303594156,王興之塔
1304642739,爐鹿塔
1305691319,鷹興種植園
1306739903,銅田莊園
1307788490,凱娜瑞斯的神聖日出
1308837069,巴克屯農舍
1309885655,銅田之墳場
1310934233,老巴爾比薩的陋屋
1311982811,梅山
1313031446,范谷
1314080025,黑卡特窪地
1315129455,主興果園
1316178064,鷹興之要塞
1317226661,埃維利納之集會
1318275256,裂灣
1319323837,黑道林地
1320372468,老維克塔拉的棚屋
1321421942,蓋爾鹿墓窖
1322470529,凱斯萊
1323519126,瓦諾薩巫會
1324567704,灰燼田墓地
1325616282,上谷自治鎮
1326664861,蘭津村落
1327714387,老鷹萊宅地
1328762965,阿爾德塔丘
1329811553,老銅興宅地
1330860135,狐狸與貓酒館
1331908718,中堡
1332957319,弗拉迪瓦拉爾之石塚
1334006847,蓋爾萊之要塞
1335055425,嚎叫的哥布林旅店
1336104019,綠地城旅舍
1337152615,爐斯頓莊園
1338201197,陰興
1339250717,伊里克祭壇
1340299295,維爾梅羅格之蛛網
1341347877,凱娜瑞斯的泣血預兆
1342396463,東井公地
1343445045,不安的獅鷲旅舍
1344493643,格羅拉東蛛網
1345542227,羽毛與巨人酒吧
1346590807,爐萊的衛所
1347640330,舞蹈的狼酒吧
1348688911,凱娜瑞斯的靜默神諭
1349737492,哥特屯盡頭
1350786075,老西爾斯提納的宅地
1351834685,貢迪斯提爾實驗室
1352884200,泉伯恩
1353932793,新灣
1354981376,凱娜瑞斯的靜默重生
1356029978,牛灣
1357078556,雷泰爾
1358127136,銅田墓地
1359176663,鹿橋窪地
1360225242,鄉斯頓果園
1361273834,巴克翼墓地
1362322414,惡魔的刺蝟酒館
1363371960,爐村的據點
1364420538,骯髒的匕首旅舍
1365469134,凱娜瑞斯的哀號昇天
1366517712,老西爾斯提維拉的棚屋
1367566292,老埃維洛納的棚屋
1368614887,西岬荒原
1369663471,銀山羊旅店
1370712999,老瓦尼維拉的宅地
1371761579,堡特里公地
1372810157,蝙蝠與衛兵客棧
1373858736,埃利齊薩議會
1374907314,野村
1375955892,凱娜瑞斯的聖之光
1377004474,瓦諾納巫會
1378053055,綠村農莊
1379101633,蓋爾田莊莊園
1380150225,梅塔
1381198804,唱田莊
1382248327,霍穆努切扎洞穴
1383296906,鷹屯的衛所
1384345489,長維奇盡頭
1385394085,主村的衛所
1386443677,灰燼萊府邸
1387494257,王興庭院
1388549770,泉谷盡頭
1389599343,陰屯
1390649917,彭原
1391699491,莫爾吉里之秘社
1392748072,阿爾德徑府邸
1393796650,林屋農莊
1394847220,主斯頓庭院
67150,阿克沼
1116757,迪瓦德紀念碑
2166310,唱谷
3214912,威克翼農舍
4264466,鷹田莊宮殿
5313044,林屋農莊
6361622,白谷
7410205,教堂道
8459765,格雷魯拉修道院
9508343,彭村
10556943,澤尼薩爾的神聖之光
11606497,黑沃克
12655076,王翼之墳場
13703658,銅田莊莊園
14752250,黑堡
15801799,灰燼萊果園
16850396,泉要塞
17899942,王屋農舍遺跡
18948530,莫爾迪克托爾之塔
19997130,老貝拉多爾達的棚屋
21046686,巴克田種植園
22095265,澤尼薩爾的無盡聖物
23143854,銅興墓地
24193399,林興莊園
25241983,林田果園
26290563,泉特里
27339154,中卡特
28387740,雷塔
29437289,灰燼斯頓之墳場
30485878,澤尼薩爾的燃燒聖物
31535433,老銅田莊棚屋
32585005,鷹萊墓地
33633593,斯塔德霍恩城堡
34682192,彭沼
35731740,蓋爾村農莊遺跡
36780324,巴克屯農舍
37829910,澤尼薩爾的恆在日出
38878489,銅村農莊
39927067,野城
40975647,塔姆沼
42024244,羽毛與深坑客棧
43073763,巴克鹿墓地
44122351,唱沼
45170930,弗拉迪瓦蘭之鬼域
46219510,鄉萊城堡
47268121,鄉匠塔遺跡
48316706,邁伊神龕
49366243,灰燼萊果園
50414824,威克鹿墓地
51463413,主匠小屋
52512005,西谷
53561525,澤尼薩爾的燃燒預見者
54610108,老莫爾加內的棚屋遺跡
55658686,威克萊農舍
56707289,主屯農莊
57755889,沼匠莊園
58804469,沼斯頓府邸
59853997,老鄉興宅地遺跡
60902583,巴克萊農莊
61951175,騎士莊
62999754,霍沃克
64048332,威克匠府邸
65096927,威克興莊園
66146465,查津
67195065,白卡特
68244607,寬橋
69294187,雷泰爾田
70342766,巴勒布雷里瓦迴廊修道院
71391347,威克興果園遺跡
72439938,雷要塞
73488535,林萊墓地
74538050,老維克托里的宅地遺跡
75586640,騎士維奇
76635239,老貝拉多爾達的陋屋遺跡
77684797,埃洛爾達祭儀所
78733375,灰燼屋種植園
79781983,威克津農莊
80831512,深紅的野蠻人客棧
81880098,白布隆府邸
82928690,德珍旅舍
83977283,蓋爾田莊種植園
85025865,灰燼屯公墓
86075382,灰燼萊莊園遺跡
87123972,鄉村的據點遺跡
88172558,巴克田莊農莊
89221138,爐鹿小屋遺跡
90269718,鼴鼠與龍客棧
91318301,蓋爾田種植園
92366881,戰莊
93415479,鼴鼠與狗酒吧
94464996,蘭卡特
95513577,小鼠與惡棍旅店
96562160,鄉斯頓墓窖
97610773,老莫爾戈里的宅地
98660302,老王田莊棚屋
99708899,綠屋果園
100757504,老鷹津棚屋
101806087,雷原
102855618,格拉托斯洞穴
103904201,綠津果園
104952806,羅迪里克學院
106002326,德珍旅舍
107050910,維拉內扎爾城堡
108099489,伊辛之巫會
109148083,老西爾斯提納的農場
110196692,矮人與山羊客棧
111246227,巴克萊莊園
112294806,灰燼屋果園
113343390,庫恩特弗拉多班城堡
114391968,威克萊之要塞
115440546,吉姆·塞神龕
116489152,主匠之塔
117538658,雷徑岩
118587238,山貓與顱骨酒館
119635819,圖恩萊赫
120684417,阿爾丁徑
121732995,阿爾丁田莊
122781586,沼鹿小屋遺跡
123830182,鄉田種植園
124879704,澤尼薩爾的燃燒日出
125928302,凱斯林
126976887,爐屯果園
128026415,灰燼匠小屋遺跡
129075012,老莫爾吉薩的陋屋遺跡
130123596,王萊莊園遺跡
131172180,綠萊農莊
132220765,灰燼萊公墓
133269366,蓋爾興莊園遺跡
134318886,巴克匠宮殿
135367472,小鼠與匕首客棧
136416062,中原
137464659,雷村
138514182,巴克田農莊
139562779,巴克萊莊園
140611357,王津公墓
141659944,澤尼薩爾的歡愉聖物
142709492,主斯頓塔遺跡
143758072,野谷岩
144806670,王屋府邸
145856204,莫爾多雷之實驗室
146904798,獅子與雄鹿旅店
147953384,騎士塔
149001963,特里斯提納克之監獄
150050542,斯托興
151099147,長郡
152147728,堡要塞
153196306,阿拉博林之監獄
154244896,林村農莊
155294424,唱貝斯
156343017,王翼宮殿
157391605,爐萊之據點
158441111,圖恩林荒地
159489708,王興庭院遺跡
160538290,圖恩鎮
161586869,爐村城堡
162635452,澤尼薩爾的內在日出
163684040,綠屋府邸
164732630,塔姆谷
165781209,蘭村
166829794,埃迪夫瓦爾學院
167878375,迪瓦德紀念碑
168927873,老利索爾達的農場
169976466,威克田莊墓窖
171025055,主萊府邸遺跡
172073638,爐翼莊園遺跡
173122226,德珍旅舍
174170804,沼田莊種植園
175219409,鄉津府邸遺跡
176268910,巴爾特齊斯之墳墓
177317490,銅屋之墓窖
178366070,主田莊府邸
179414675,主萊庭院
180463265,爐田公墓
181511853,蓋爾翼果園遺跡
182560434,銅萊宮殿
183609012,吉姆·塞神龕
184657590,克羅姆堡荒原
185706174,老維克托納的農場
186755665,老貝拉迪薩的棚屋
187804256,老莫爾戈薩的棚屋
188852841,巴爾特隆之宅邸
189901423,格倫波因特
190950013,灰萊
191998594,巴克田莊園
193047182,賢者紀念碑
194096699,沼田城堡遺跡
195145284,鷹村農莊
196193889,林興農莊
197242471,威克鹿府邸遺跡
198291087,爐興城堡
199339665,鄉屯小屋
200389158,霍爾塔櫟林
201437746,綠萊農莊遺跡
202486329,塔姆鎮
203534910,塔姆牆
204583488,灰燼匠之塔
205632075,查倫村
206680657,澤尼薩爾的可畏之光
207730195,賽伊聖物庫
208778788,雷郡大教堂
209827390,野萊
210875985,卡羅洛納秘社
211924573,主匠城堡遺跡
212974062,灰燼鹿之塔
214022643,埃利佐納之秘社
215071221,王村莊園
216119806,蓋爾匠的據點遺跡
217168400,澤尼薩爾的溫柔昇天
218216978,綠翼莊園
219265565,威克萊之據點
220314157,爐萊之塔
221362753,主萊小屋遺跡
222412274,喬德神龕
223460866,阿爾丁屯
224509474,唱萊
225558055,蓋爾鹿莊園
226606641,蓋爾田莊農莊
227656133,阿恩迪納克實驗室
228704711,蓋爾村公墓
229753293,巴克匠莊園遺跡
230801872,老莫爾加納的宅地
231850456,鷹津農莊
232899036,鄉翼農莊
233947634,林田莊果園
234996237,飛翔的深坑旅店
236044827,騎士田莊
237094333,唱塔村落
238142957,唱要塞
239191537,綠斯頓莊園
240240119,綠鹿莊園
241289612,泉興
242338201,灰燼萊農莊
243386786,因弗奧博爾城堡
244435367,主斯頓小屋
245483959,沼鹿庭院
246532558,裂田莊
247581137,蓋爾田莊墓地
248629732,銅翼宮殿
249678316,綠興城堡
250726896,澤尼薩爾的無盡之樹
251776427,梅利特雷納牧師宅
252825028,林匠農莊
253873626,貝達內實驗室
254923113,蓋爾田莊小屋
255971696,喬德神龕
257020282,主斯頓莊園
258068866,伊辛傳統會
259117445,巴爾托博斯之墓室
260166029,爐萊庭院
261214607,王屋農莊
262263203,戰卡特
263311791,澤尼薩爾的恆在救贖者
264361288,牛萊
265409875,巴克興之墓穴
266458470,蓋爾田莊城堡遺跡
267507070,沼匠墓地
268555648,主津農舍
269604226,老鄉村棚屋遺跡
270652806,沼匠農莊
271701391,沼斯頓果園
272749996,銅翼種植園
273799493,阿克莫斯盡頭
274848074,鄉津莊園
275896660,老莫爾加納的陋屋遺跡
276945239,野岬
277993818,霍爾堡
279042402,西原
280091005,綠津墓窖
281139589,爐鹿墓窖
282189086,巴克斯頓墓地
283237686,斯托堡
284286292,老銅匠棚屋
285334871,銅興農莊
286383451,老維克廷的宅地遺跡
287432061,霍爾興
288481539,威克津農莊遺跡
289530156,銅津農莊
290578743,老巴克屯棚屋
291627351,阿拉比斯塔爾實驗室
292676850,鄉翼府邸
293725428,黑頭盔客棧
294774011,老伊西納的農場
295822590,爐興農舍
296871169,男爵巴里瓦雷扎爾府邸
297919748,埃維利維拉祭儀所
298968329,灰燼屋府邸遺跡
300016931,蓋爾田公墓
301065532,林斯頓農莊
302114119,林田莊園
303163646,主斯頓農莊
304212239,主興公墓
305260828,老沼田莊棚屋
306309407,沼屋農莊
307358915,王翼城堡遺跡
308407497,威克翼種植園
309456083,老威克屯宅地
310504701,巴勒布雷塞納洞穴
311553297,澤尼薩爾的靜默之樹
312601877,林田農莊
313651365,老綠村宅地
314699980,埃芬神龕
315748568,灰沼
316797150,威克匠墓窖
317845730,主屯小屋
318894318,爐匠莊園
319942907,老伊西里的農場
320991488,王村果園遺跡
322040966,老瓦納比斯的宅地
323089564,杜格羅德神龕
324138147,蓋爾萊農莊遺跡
325186725,堡塔庭院
326235304,阿克田莊
327283897,口渴的雄鹿客棧
328332478,王村的據點
329381068,迪瓦德紀念碑
330429652,阿克岬
331478238,澤尼薩爾的歡愉之魂
332526826,沼田府邸遺跡
333576314,塔姆道
334624902,蓋爾田之據點
335673503,林田莊之墳場
336722084,查倫徑
337770688,鷹斯頓農莊
338819272,綠村農舍
339867855,澤尼薩爾的歌唱殉者
340917340,王萊莊園
341965928,老埃利佐爾達的棚屋
343014544,骯髒的土撥鼠旅舍
344063122,王村農莊遺跡
345111702,主匠農莊
346160287,林匠果園
347209835,東林
348258442,弗拉德希斯之鬼域
349307021,巴克興農莊
350356513,鄉匠莊園
351405091,爐興府邸
352453674,灰燼田莊墓地
353502262,鄉田莊塔遺跡
354550843,內克羅梅倫之宅邸
355599421,蘭萊
356648017,鷹斯頓府邸
357696598,維格里爾神龕
358745177,蘭莫斯
359793758,老埃拉內的棚屋
360842370,巴克興的據點
361891846,蓋爾興莊園
362940429,野井
363989007,沼萊墓窖
365037588,骯髒的巨靈旅店
366086170,澤尼薩爾的永恆之魂
367134802,王興小屋
368183390,查倫屯
369231971,綠津小屋
370280550,莫里武斯府邸
371330035,領主尼布烏拉姆城堡
372378617,主田莊塔
373427199,巴克津小屋遺跡
374475821,蓋爾匠的衛所遺跡
375525361,裂谷
376573941,綠萊種植園
377622520,綠屋莊園遺跡
378671099,澤尼薩爾的永恆聖像
379719681,中郡
380768274,戰特里林地
381816855,灰燼田農莊遺跡
382865449,老西爾斯托納的農場
383914031,王翼農莊遺跡
384962610,十字岬
386012099,主屯莊園
387060681,蓋爾興城堡
388109267,老鼠與哥布林酒館
389157873,斯托堡
390207405,巴克村農莊
391256003,灰燼興莊園
392304584,灰燼田果園
393353179,霍爾岬
394401763,澤尼薩爾的祝福之星
395450344,牛鎮
396498938,鷹興宮殿
397548430,鷹屯的據點
398597046,長堡大教堂
399645675,十字沃克
400694256,威克斯頓農舍
401743756,爐斯頓公墓
402792347,尼布奧沃爾之鬼域
403840935,綠村宮殿
404889519,銀野蠻人旅舍
405938102,威克津之據點遺跡
406986682,鄉津小屋
408036193,吉姆·塞神龕
409084775,綠田莊宮殿
410133368,金獾旅舍
411181973,貝達爾德之實驗室
412230554,斯托村
413279144,霍爾要塞
414328657,邁伊神龕
415377273,蘭泰爾
416425889,巴克村莊園遺跡
417475379,林鹿農莊
418523973,林田莊農舍
419572586,鄉萊農莊
420621164,女王的仙子酒館
421670711,瑞恩聖物庫
422719306,埃迪夫威爾實驗室
423767916,王匠府邸
424816506,綠鹿莊園遺跡
425865991,銅萊莊園
426914598,骯髒的侏儒酒館
427963178,巴克津塔遺跡
429011757,王村庭院遺跡
430060351,裂要塞
431108931,澤尼薩爾的靜默之星
432157516,王田墓地
433207020,中鎮
434255604,爐屯小屋
435304182,綠萊莊園
436352776,威克萊小屋
437401369,圖恩林
438449947,澤尼薩爾的內在預見者
439498526,銅匠之據點
440547104,斯特倫納港灣
441595698,鷹鹿府邸遺跡
442644281,澤尼薩爾的泣血之光
443693823,阿爾丁灣
444742437,沼萊果園
445791932,澤尼薩爾的歌唱預見者
446840513,利提瓦羅斯之墳墓
447889150,沼萊塔遺跡
448937736,莫拉爾托斯之巢穴
449986319,上里奇
451035820,爐斯頓農莊
452084447,霍穆諾貢之修道院
453133036,鄉津府邸
454181620,爐村庭院
455231119,老貝拉多爾達的陋屋
456279697,維羅博爾之墳墓
457328281,鷹津庭院
458376905,賽伊聖物庫
459425485,灰燼村果園
460475059,老林田莊陋屋
461523641,林屋農舍
462572220,王興莊園遺跡
463620798,巴克屯農莊
464670301,蓋爾村莊園
465718879,澤尼薩爾的永恆祭壇
254125,基蘭劇院
1303690,教堂貝斯村落
2352284,特里斯托雷實驗室
3401853,主萊果園
4451431,瑪拉的歌唱之光
5500014,瑪拉的溫柔殉者
6549568,瑪拉的內在預兆
7598148,爐屋之據點
8647736,白山羊旅店
9697304,嚎叫的獅鷲客棧
10745891,伊里克祭壇
11795453,吉夫諾納之秘社
12845024,鄉田莊的據點
13893611,沼田農莊
14943183,白要塞
15992750,鄉屋墓窖
17041339,綠土撥鼠旅舍
18090909,鄉屯塔
19141479,威克田莊小屋
20190063,鷹屋府邸
21241630,教堂岬岩
22290211,鷹翼農莊
23340783,深紅的蠍子旅舍
24390361,威克田莊之據點遺跡
25439935,威克萊墓地
325404,法勒姆城堡
1373982,塞爾帕爾農莊
2424556,布比西達塔
3474137,羅爾克府邸
4535696,帕拉通
5585279,福朱姆之堡壘
6634853,哨兵城
7684419,阿格利雷特
8733005,鼴鼠與巨靈酒館
9782562,德喬姆塔
10831143,梅爾格農莊
11880734,克洛爾波恩塔
12930287,賈洛尼
13978869,拉吉克庭院
15027455,利尼薩
16077012,博薩姆農莊
17125612,梅西通
18175166,伊格爾托斯之巢穴
19223747,菲什莊園
20272325,塔蘇·戈拉
21321890,納雷薩
22370472,老布利什滕宅地
23419056,納里里雷特
24467634,阿凱的神聖之樹
25517216,伊斯法卡比
26566769,巴勒布羅恩之修道院
27615348,烏姆班達迪蘇
28664932,布博帕達
29713513,阿凱的泣血救贖者
30762091,女王的狼旅店
31811644,老爾的棚屋
32860226,老洛爾特·伊的棚屋
33908814,克拉爾內姆的據點
34958376,斯利菲爾克農舍
36006958,卡爾托姆城堡
37055545,法爾姆農莊
38105100,薩爾克農莊
39153678,阿卡哈努
40202270,阿科圖達塔
41251811,姆·伊吉
42300408,克勒克巴祭儀所
43348986,克羅什農莊
44397569,老弗爾庫姆宅地
45447118,戈托恩府邸
46495699,阿恩特拉吉達
47545267,澤努諾
48593849,加爾肯之墓窖
49642443,老克里斯·西的棚屋
50691023,菲爾圖爾莊園
51740574,賈拉·科羅姆
52789156,薩胡拉洞穴
53837745,老迪夫卡的棚屋
54887304,金狼旅店
55935882,老拉爾姆棚屋
56984466,羽毛與頭盔旅舍
58033062,扎古姆巴·科姆
59082633,阿普圖萬
60132186,伊薩克
61180773,馬科拉納
62229351,西斯特克恩庭院
63278911,莫加雷特
64327493,莫加拉賈
65376071,舞蹈的祭司酒館
66424659,古爾提爾庭院遺跡
67473237,口渴的幼鹿酒吧
68521817,克爾克特府邸
69570397,霍穆納特西之洞穴
70619940,克拉斯特的衛所
71668522,蟾蜍與劍旅舍
72717110,紅蠍子客棧
73765699,拉爾普克恩莊園
74815237,多隆莊園
75863816,老弗洛夫塔的農場
76912400,阿凱的哀泣之星
77960988,卡喬傑特
79009568,卡吉西扎
80058146,維爾格姆農莊遺跡
81106729,巴哈扎爾
82157267,弗拉爾普克恩宮殿
83205851,老梅奇棚屋
84254435,格舒爾農莊
85303018,塞賈爾府邸
86351605,迪斯皮斯之洞穴
87401141,阿凱的哀泣日出
88449726,阿凱的哀號預兆
89498320,納羅努
90546901,塔爾皮爾果園
91595492,野蠻的衛兵旅店
92644073,老圖什宅地
93692652,魯吉滕小屋
94742177,馬科迪蘇
95790755,特
96839363,菲爾坦礦坑
97887951,格盧格滕宮殿
98936585,奎奧文神龕
99986051,國王的酒壺酒吧
101034655,莫林吉斯之宅邸
102083241,布勒斯特基巫會
103131835,老諾爾德加的陋屋
104181366,拉米里拉納
105229947,阿凱的無盡昇天
106278527,拉梅米·戈拉
107327113,老基爾普卡的棚屋
108375695,賈維里卡特
109424282,老維蘇姆棚屋
110472862,霍穆努格克斯窪地
111521446,女王的地城旅舍
112570043,貝爾納爾農莊遺跡
113618647,老米爾普提的陋屋
114668122,弗洛爾德克恩塔遺跡
115716713,庫德納·哈西
116765292,斯勒查姆種植園
117813883,老梅斯倫宅地
118862482,老福爾特宅地
119911071,庫達卡薩
120959655,布布姆巴雷特
122008238,卡瓦爾小屋
123056817,骯髒的酒杯酒館
124105395,布巴克賈
125153973,霍穆內蘇納之洞穴
126203456,銀地城旅舍
127252047,貝爾比斯
128300638,海狸與城堡旅店
129349225,科茲種植園
130397815,阿凱的溫柔聖像
131446419,武奇恩農莊
132495934,塞羅帕托爾
133544527,塞拉拉普勒克斯
134593108,伊薩克
135641692,科爾尼爾農舍
136690281,拉內拉扎
137738881,老尼爾彭陋屋
138787459,朱賓扎窪地
139836037,阿基里
140884621,弗洛吉莊園
141933199,阿卡斯庫·伊吉
142981779,尖叫的惡棍旅舍
144031241,皮布達
145079819,阿凱的燃燒之星
146128402,老勒卡爾陋屋
147176980,皮托圖拉納
148225560,老米爾基的宅地
149274154,布拉爾科姆的衛所
150322733,卡吉爾莊園
151371314,老塔爾法的宅地
152419897,雷爾克莊園
153468490,特盧塔姆之實驗室
154517069,吉薩哈·戈拉
155565660,吉索圖卡特
156614240,弗盧維姆之據點
157662818,狐狸與哥布林酒吧
158711409,納里利西
159759993,納羅哈諾
160809483,福切恩宮殿遺跡
161858063,老克雷格特塔的農場
162906654,布盧爾克的衛所
163955235,巴爾科姆小屋
165003824,舞蹈的城堡酒館
166052413,馬爾格爾小屋
167100998,費納哈文
168149585,阿凱的無盡預見者
169198172,老格魯爾特加的棚屋
170247638,阿恩特利利加
171296217,阿凱的哀號日出
172344797,沃格克城堡
173393385,老弗洛爾迪的棚屋
174441987,埃利拉比
175490582,迪斯皮恩齊瓦之大教堂
176539167,烏姆博科·科姆
177587755,阿凱的哀泣聖像
178636347,澤諾古斯
179685833,卡金里
180734421,卡吉
181783002,阿特魯希薩
182831584,達查爾之墳場
183880163,蟾蜍與地城旅店
184928743,格里切府邸
185977336,阿特里拉萬
187025920,賈盧托爾
188074499,庫迪普勒克斯
189123089,庫德傑特
190171672,老菲爾普倫陋屋
191220255,老福奇陋屋遺跡
192268840,不幸的巨人旅舍
193317420,科爾杜爾農莊
194366886,西倫庭院
195415468,卡洛通
196464054,雷奇莊園
197512674,巴加斯塔拉納
198561285,老德吉克恩陋屋
199609866,阿凱的無盡祭壇
200658458,薩爾莊園
201707956,阿凱的無盡殉者
202756537,老尼爾奇薩的棚屋
203805122,老塔希的棚屋
204853703,老雷詹棚屋
205902287,老克雷斯塔棚屋
206950866,阿凱的神聖殉者
207999446,拉奇姆之堡壘
209048027,貝爾貝圖卡特
210096606,拉爾普滕府邸遺跡
211145193,貝爾比西
212193771,骯髒的刺蝟旅舍
213242362,阿皮里諾
214290948,奧塞拉
215340401,達馬斯塔·科羅姆
216388979,伊薩克
217437562,老爾的陋屋
218486159,拉吉姆農莊
219534738,伊薩克圖比
220583318,馬克米加
221631903,阿卡克比
222680497,圖勒米·科姆
223729099,老圖克塔的農場
224777690,肖吉城堡
225826282,圖洛斯
226875777,老卡倫塔的陋屋
227924361,吉喬姆之據點
228972944,紅巨人酒館
230021533,小鼠與鳥酒吧
231070111,霍里
232118692,老巴克特法的宅地
233167272,斯洛爾努姆府邸
234215850,布洛斯庭院
235264428,梅洛塔隱修所
236313008,莫加卡
237361590,格魯爾丹農舍
238410170,庫克特府邸
239458762,莫吉薩
240507343,烏姆巴克萬
241555924,阿凱的歌唱救贖者
242605374,古爾內莊園
243653957,內斯薩傳統會
244702540,薩哈斯之深坑
245751134,阿凱的祝福之星
246799718,骯髒的酒壺旅舍
247848301,伊斯福帕
248896886,莫爾普莊園
249945498,伊斯菲傑爾
250994076,西魯爾府邸
252042656,提爾達爾府邸
253091257,阿凱的無盡之魂
254140714,弗爾之實驗室
255189297,布比布雷格
256237886,小鼠與城堡酒吧
257286491,國王的刺蝟酒館
258335089,澤納諾
259383674,弗勒特府邸
260432254,朱比隆迴廊修道院
261480842,布爾克姆城堡
262529420,惡魔的城堡酒吧
263577998,羅加拉拉
264627462,生鏽的貓旅舍
265676046,里斯莊園
266724628,卡喬哈雷特
267773206,費爾德墓地
268821829,貝勒莊園
269870409,野蠻的獾旅店
270918990,貝拉賈
271967574,西爾斯莊園
273016156,博哈文
274064736,阿凱的歡愉救贖者
275113325,賈拉斯庫·科羅姆
276161913,賈勒林
277210499,杜克達爾克希斯之宅邸
278259078,福爾卡秘社
279307657,奧西西比
280356235,阿凱的聖預兆
281405682,塞達哈·科姆
282454260,弗盧爾梅姆種植園
283502860,福斯特之據點
284551465,女王的城堡酒吧
285600052,阿凱的恆在殉者
286648633,小鼠與裂谷酒館
287697222,梅索圖斯
288745811,克盧爾姆果園
289794391,貝爾奇農莊遺跡
290842979,梅西利尼斯
291892447,老布奇塔陋屋
292941038,格盧菲拉姆農莊
293989630,阿凱的內在聖像
295038211,山貓與狼客棧
296086790,拉祖姆府邸
297135398,老克魯爾普提的宅地
298183985,老杜奇法的宅地
299232589,巴吉利迪蘇
300282062,瓦爾格克恩墓地
301330649,阿科薩
302379229,赫爾滕蛛網
303427809,托爾坎農莊
304476407,老諾什提的宅地
305524994,阿波尼萬
306573574,飛翔的貓旅舍
307622155,阿凱的泣血聖像
308670738,塔索托爾
309719344,阿凱的哀號預見者
310768824,國王的刺蝟客棧
311817403,格利賈爾農莊
312865995,老羅倫提的陋屋
313914585,老科格法的陋屋
314963180,吉西利里
316011767,阿凱的燃燒昇天
317060349,薩肖恩農莊
318108927,托索姆礦坑
319157507,豬與蠍子酒吧
320206085,達米拉·伊吉
321254666,格洛爾普恩莊園
322303254,達梅霍
323351849,提克特之墓窖
324401293,圖洛雷格
325449874,米加爾農莊
326498453,弗夫的監牢
327547038,費努諾
328595621,貝格塔秘社
329644199,費諾拉
330692777,老提倫卡的棚屋遺跡
331741402,阿凱的可畏救贖者
332790000,胡·哈西
333838583,希達克斯
334887187,阿恩特勒雷特
335936640,老爾棚屋
336985225,巴利洛內納洞穴
338033803,老法爾德·西的陋屋
339082389,赫利爾拉斯的蛛網
340130967,瓦迪朱恩
341179548,爾塔遺跡
342228130,特格廷農莊
343276714,瓦迪賈比
344325309,歡笑的貓旅舍
345373892,拉莫加
346422472,老瓦爾普·埃的宅地
347471056,歡笑的貓旅店
348519642,老拉格托姆宅地
349568237,德魯魯戈斯之巢穴
350616818,拉馬斯塔·科羅姆
351666283,庫德米·科姆
352714870,格盧塔姆果園
353763451,不安的哥布林酒館
354812053,圖爾德農莊
355860631,老拉爾杜姆宅地
356909248,克拉利姆小屋
357957829,庫迪里斯
359006411,克利爾達爾之墓窖
360055004,布班達尼斯
361103586,布爾德特庭院
362152164,老圖爾德塔的棚屋
363201614,幸運的獅鷲酒館
364250193,丘爾姆塔莊園
365298774,阿凱的恆在之樹
366347353,朱比莫爾貢之洞窟
367395941,扎古圖迪蘇
368444530,蝙蝠與蠍子旅舍
369493110,羅格納里
370541697,德米布勒魯拉之巢穴
371590278,老庫隆宅地
372638871,卡盧圖拉
373688372,卡盧姆巴薩
374736983,特洛勒種植園
375785564,弗勒科姆墓穴
376834145,巴加卡萬
377882732,格林祖拉之洞穴
378931318,博爾奇滕之據點
379979901,阿凱的歡愉神諭
381028481,惡棍與巨人酒吧
382077064,杜西爾墓窖
383125647,莫爾奇農莊
384174228,老格里薩的宅地
385222811,貝米托爾
386271403,深紅的劍旅舍
387319983,老多爾基的宅地
388368564,小鼠與酒杯旅店
389418007,奧蘇扎
390466595,奧桑達里
391515173,老內菲爾塔的陋屋
392563752,奧索·伊吉
393612332,塞杜圖
394660910,塞多傑爾
395709505,迪爾奇克恩農莊
396758104,阿凱的無盡救贖者
397806706,斯勒菲爾莊園
398855285,特拉貢之據點
399903865,老科爾格倫宅地遺跡
400953349,布洛查姆塔
402001938,莫爾克斯之深坑
403050520,莫里拉納
404099102,塞拉卡·戈拉
405147682,老弗利爾克棚屋
406196267,羅克特爾塔
407244846,老巴斯圖恩棚屋
408293426,尖叫的祭司旅店
409342007,塞雷卡特
410390613,伊薩卡克雷格
411439225,飛翔的酒壺旅舍
412488682,阿庫拉
413537270,奎奧文神龕
414585848,魯菲利爾塔
415634430,蝙蝠與獅鷲客棧
416683020,阿凱的哀號之樹
417731598,阿凱的祝福昇天
418780198,阿凱的聖日出
419828786,阿卡·哈西
420877371,米斯倫墓窖
421925953,弗勒克農莊
422974534,布爾內府邸
424023114,塔薩拉達克斯
425071695,老努魯姆陋屋
426120276,塔索帕雷特
427168871,弗拉杜隆之鬼域
428218329,皮圖努文
429266914,吉塞拉·塔爾
430315513,國王的龍旅舍
431364113,老福茲塔的棚屋
432412694,吉辛
433461277,圖爾克府邸
434509867,莫加斯庫比
435558458,爾墓穴
436607039,納里布加
437656528,舞蹈的侏儒客棧
438705113,弗爾甘莊園
439753693,博文的衛所
440802271,肖爾卡姆果園
441850856,索爾通府邸
442899468,托爾克特小屋
443948047,米布·科姆
444996633,庫爾格種植園
446045211,老維爾潘陋屋遺跡
447093790,老沃爾克·埃的棚屋
448143268,比爾特克恩農莊
449191848,西爾克特農莊
450240428,諾夫府邸
451289007,特洛爾吉爾庭院
452337589,特
453386186,幸運的頭盔旅店
454434771,特
455483368,老比爾卡姆宅地
456531962,帕波哈達塔
457580540,蘇朱姆墓穴
458629150,塞維姆農莊遺跡
459678628,巴爾克克的據點遺跡
460727214,穆爾姆塔之巫會
461775792,老斯提斯薩的宅地
462824397,阿恩特利西萬
463872992,老格爾特塔的宅地
464921581,老內爾德宅地
465970159,格夫莊園
467018739,達爾庫盧斯之古塚
468067325,弗利切府邸
469116791,飛翔的侏儒旅舍
470165371,馬爾姆庭院
471213968,澤納哈傑特
472262556,澤諾圖扎
473311152,深紅的幼鹿旅店
474359736,斯庫爾加羅克蛛網
475408322,喬格克之堡壘
476456907,不幸的幼鹿客棧
477505490,拉瓦爾庭院
478554079,霍穆尼提之修道院
479603558,阿茲東之棲所
480652143,拉米利
481700723,卡喬古傑爾
482749324,馬爾帕爾府邸
483797907,賈沃科通
484846526,盧菲蘭實驗室
485895104,阿特拉德拉納
486943683,阿特羅尼·戈拉
487992270,庫達德卡特
489041737,梅塞雷特
490090344,提爾孔之堡壘
491138924,不安的酒杯酒館
492187517,老托爾普卡的陋屋
493236096,諾丘恩莊園
494284702,庫希恩果園
495333296,阿凱的歡愉昇天
496382795,巴爾迪姆之據點
497431374,博爾切爾墓地
498479958,馬林祖拉洞穴
499528536,希加爾之據點
500577136,貝爾賓比
501625721,阿普加
502674301,老格洛格陋屋
503722888,奧蘇拉
504771466,布洛奇滕宮殿遺跡
505820071,卡吉之要塞
506869549,克格特之塔
507918129,利托維扎爾城堡
508966713,武爾科姆葬地
510015305,老西爾格棚屋
511063883,諾齊姆果園
512112475,小鼠與衛兵酒吧
513161063,喬什農莊
514209666,老卡西的棚屋遺跡
515259164,西魯胡斯
516307753,斯庫爾戈斯蛛網
517356331,尖叫的酒杯旅舍
518404920,米圖爾農舍
519453525,索凡墓地
520502103,德魯加東之巢穴
521550693,皮提尼斯
522599291,德克特姆種植園
523648777,達梅迪蘇
524697359,巴洛吉特爾之深坑
525745985,達米里里
526794575,卡克特姆府邸
527844065,弗拉爾克恩農莊
528892646,老布拉爾德·伊的陋屋
529941225,口渴的祭司客棧
530989803,拉爾吉姆的據點
532038381,伊薩基拉
533086970,卡斯果園
534135582,達爾達姆莊園
535184163,老巴爾迪的宅地
536232743,塞爾克農舍
537281340,伊薩基里薩
538329931,德格托姆之據點
539379420,喬德神龕
540427998,馬卡萬
541476617,飛翔的雄鹿客棧
542525204,科肖恩塔
543573785,阿克納托爾
544623294,科夫種植園
545671925,幸運的麝香鼠酒吧
546720528,拉塔姆遺跡
547770073,赫米
548818651,歡笑的裂谷酒館
549867262,阿凱的可畏之樹
550916807,雷斯特克恩莊園
551965404,莫吉里扎爾
553013995,阿茲拉東之巢穴
554063529,不安的麝香鼠旅店
555112108,利菲蘭農舍
556160715,黑劍酒館
557209294,塞吉礦脈
558258839,骯髒的野蠻人旅舍
559307423,伊斯費米雷特
560356005,老弗拉茲倫陋屋
561404600,阿古賈
562453178,阿甘達文
563502730,老蘇什陋屋
564552290,阿凱的哀泣重生
565600898,獅子與土撥鼠酒館
566649483,卡吉尼斯
567699020,惡棍與雄鹿酒館
568747611,弗利爾特之墳場
569796204,老科爾格塔棚屋
570844783,老沃斯巴的陋屋
571894322,特利塔姆小屋
572942907,努奇塔之據點
573992478,不幸的酒杯酒館
575043054,阿凱的歡愉之樹
118395,主津墓地
1166987,阿恩滕鷹巢
2216540,查市集
3265118,泉堡
4313703,王屯莊園
5362289,彭谷
6410871,爐津之墳場
7459454,林翼莊園
8508040,范莊
9557559,綠興農舍
10606157,威克屯之墓穴
11655702,上莊
12704280,老鄉田莊棚屋
13752858,瑪拉的靜默之星
14801441,瑪拉的哀號之樹
15850030,威克田莊園
16898609,霍門
17947203,霍郡
18995798,鷹翼莊園
20045303,領主加雷拉爾的墳墓
21093929,陰里奇
22142516,瑪拉的恆在祭壇
23192028,霍爾堡
24240615,小鼠與衛兵客棧
25289196,特里斯提恩感化院
26337779,老銅鹿陋屋
27386366,銅屯種植園
28434955,巴克匠農莊
29483533,巴克興農莊
30532138,羅迪斯塔爾之堡壘
31581655,爐斯頓小屋
32630238,寬泰爾
33678818,威克田莊小屋
34727416,老莫爾加內的棚屋
35775994,瑪拉的恆在神諭
36824589,林屯農莊
37874104,爐翼府邸
38922701,王津莊園
39971281,王村府邸
41019867,黑鎮
42068452,伊普泰爾
43117971,阿爾丁城荒原
44166549,阿爾丁特里
45215133,達爾科古隆城堡
46263731,黑堡
47312325,埃多夫林之監牢
48361881,鷹萊之塔
49410462,巴爾比維拉之秘社
50459061,灰原櫟林
51507639,惡棍與匕首酒吧
52556217,伊拉塔爾克
53604804,十字門庭院
54653383,霍穆努喬斯之洞窟
55701961,迪斯帕恩齊瓦之修道院
56751485,瑪拉的歡愉殉者
57800087,白城堡旅舍
58848692,瑪拉的永恆神諭
59898188,長布隆
60946771,蝙蝠與酒壺旅店
61995363,威克田莊農莊
63043962,不幸的蠍子酒吧
64092541,鷹翼庭院
65141130,鷹屯墓窖
66189712,長鎮
67238298,霍爾布隆
68287809,阿爾德萊
69336393,威克斯頓莊園
70384981,老鷹翼陋屋
71433594,老鷹屯陋屋
72482174,灰燼萊莊園遺跡
73531685,寬鎮
74580268,迪瓦德紀念碑
75628856,老綠田宅地
76677435,基蘭劇院
77726018,蓋爾萊小屋
78774608,銀深坑旅舍
79823192,寬堡
80871773,卡羅拉拉之秘社
81921286,加洛里奇
82969867,巴克屋府邸
84018460,彭沃克
85067053,灰燼村莊園
86115634,鄉鹿之據點
87164221,威克萊宮殿
88212822,瑪拉的溫柔神諭
89261451,黑牆
90310032,騎士田莊自治鎮
91358614,斯托維奇村落
92408040,女王的獾客棧
93456635,巴克斯頓公墓
94505213,尖叫的顱骨酒吧
95553801,牛牆
96602382,瑪拉的永恆先知
97651013,威克萊果園
98699598,林津塔
99748176,尖叫的巨靈旅舍
100796784,王村公墓
101845370,騎士橋
102893955,生鏽的幼鹿客棧
103943378,王萊農舍
104991957,長沼
106040551,綠興莊園
107089131,矮人與麝香鼠旅舍
108137730,伊芙琳祭儀所
109186310,老林田莊陋屋
110234891,老埃利維拉的農場
111283469,黑劍旅舍
112332048,巴克鹿墓地
113380633,杜納內採石場
114429212,哥特維奇
115477802,威克屋種植園
116526387,鷹津莊園
117574971,莫爾達爾德採石場
118623583,威克斯頓莊園遺跡
119672165,查倫堡
120721599,林津農莊
121770182,切斯特要塞
122818776,鄉萊庭院
123867366,鄉萊莊園
124915966,瑪拉的聖昇天
125964565,老爐津棚屋
127013144,主匠墓地
128061727,瑪拉的無盡聖物
129110305,寬岬
130158885,鷹翼公墓
131207464,林屯莊園
132256042,林村遺跡
133304621,范谷村落
134353217,老巴克田陋屋
135401809,灰燼津莊園
136451231,尖叫的裂谷旅店
137499812,沼斯頓種植園
138548448,爐鹿小屋
139597028,塔姆萊赫
140645609,查谷
141694188,老鼠與酒杯旅舍
142742777,加洛牆
143791383,加洛谷
144839982,西爾斯塔納之教團
145888575,綠翼之要塞
146938011,新谷田
147986589,林萊公墓
149035172,尖叫的侏儒旅店
150083753,貢達斯提爾之實驗室
151132336,凱斯村
152180926,灰燼萊城堡
153229526,銅田莊莊園
154278115,老卡羅利維拉的農場
155326699,巴克翼宮殿
156375278,蓋爾屯農莊
157423861,瑪拉的內在之魂
158472441,新牆
159521019,綠萊墓地
160569597,沼津農莊
161618179,沼村小屋
162666769,銅匠小屋
163715348,阿克村
164763930,綠鹿莊園
165812509,林屋墓地
166861936,灰燼屋農莊
167910520,威克津農莊
168959103,威克鹿果園
170007688,爐斯頓的衛所遺跡
171056283,霍爾門
172104872,德曼澤納洞穴
173153450,銅津農舍
174202031,巴克村農莊
175250609,林田的衛所
176299187,灰燼屋府邸
177347767,狐狸與雄鹿酒吧
178396366,梅盧奇斯迴廊修道院
179444981,堡莊盡頭
180493566,瑪拉的哀泣重生
181542155,東堡
182591573,老林斯頓棚屋
183640156,海狸與祭司旅舍
184688745,查伯恩林地
185737334,海狸與酒杯旅店
186785912,維克塔拉祭儀所
187834493,灰燼田農莊
188883071,查倫沃克
189931677,克羅姆里奇
190980265,鷹屋農莊
192028849,鷹萊農舍遺跡
193077427,貢迪斯提爾隧道
194126010,克羅姆沃克
195174590,瑪拉的永恆之樹
196223168,爐萊葬地
197271746,灰燼津種植園
198320329,主津之塔
199368907,黑裂谷旅舍
200417485,寬井
201466067,白祭司客棧
202514658,阿諾特沃爾
203563246,鷹匠之據點
204612681,鄉興農舍
205661268,伊普灣
206709849,巴勒克斯窪地
207758443,爐田莊府邸
208807026,王村庭院
209855607,雷橋
210904185,鷹田莊園
211952763,佩拉爾德之要塞
213001344,灰伯恩
214049928,瑪拉的祝福重生
215098506,莫爾基特里瓦之巢穴
216147101,阿爾丁伯恩公地
217195704,爐萊莊園
218244303,灰燼萊農莊
219293722,爐屯塔遺跡
220342303,巴克斯頓莊園
221390883,鹿維奇
222439463,鹿堡
223488041,維格里爾神龕
224536620,老瓦納納的農場
225585210,主屯農舍
226633838,沼村府邸
227682422,上灣盡頭
228731022,王屋果園
229779602,老埃利扎納的陋屋
230828182,灰燼田莊之墳場
231876771,老維克廷的農場
232925358,蓋爾斯頓農舍
233973937,范堡
235022516,主津莊園
236071110,嚎叫的巨靈旅舍
237120516,阿克谷
238169124,瑪拉的可畏預見者
239217704,庫恩特弗拉多巴姆之墓室
240266285,阿恩戈斯之蛛網
241314865,阿克維奇
242363447,梅特里
243412045,老灰燼興宅地
244460625,泉莫斯
245509216,瑪拉的無盡昇天
246557797,塔姆特里
247606376,沼匠農舍
248654985,銅興莊園
249703566,銅田莊園
250752144,飛翔的哥布林旅店
251800743,白巨靈酒吧
252850153,王斯頓種植園
253898735,綠田農莊
254947321,班迪神龕
255995899,瑪拉的靜默祭壇
257044480,林屋農莊
258093066,老埃利薩的陋屋
259141676,斯托萊赫
260190258,惡棍與深坑旅店
261238850,羅多林的據點
262287447,斯塔達尼斯之墓室
263336026,瑪拉的靜默聖像
264384604,鷹村府邸
265433182,鷹田莊莊園
266481765,貝爾市集
267530348,利西薩巫會
268578932,薩希米恩克斯之巢穴
269627517,戰田莊
270676099,阿爾德牆
271724679,灰燼屋種植園
272773265,蓋爾萊農舍遺跡
273822681,寬谷庭院
274871260,圖恩萊
275919865,長徑
276968447,蓋爾斯頓莊園
278017033,蓋爾翼宮殿
279065617,主津農莊
280114198,教堂山
281162790,沼興莊園
282211400,老爐田棚屋
283259985,埃多夫雷之實驗室
284308579,王田莊莊園
285357183,林田莊府邸遺跡
286406589,爐翼塔
287455167,蘭林荒原
288503751,銅萊墓穴
289552333,巴克萊農莊
290600912,十字谷庭院
291649492,巴克屯之要塞
292698076,林翼塔
293746659,主萊莊園遺跡
294795264,威克田莊農舍
295843842,小鼠與獅鷲旅店
296892462,沼翼農莊
297941042,彭萊
298989640,彭郡
300038224,瑪拉的燃燒日出
301087647,牛堡
302136233,貝爾里奇
303184853,查莫斯
304233436,新卡特
305282017,杜諾林之堡壘
306330605,灰燼屋的衛所
307379188,瑪拉的歌唱聖物
308427773,深紅的巨人客棧
309476355,老伊索爾達的農場
310524952,瑪拉的恆在救贖者
311573534,加洛維奇
312622126,灰卡特
313670709,綠匠果園
314719291,鷹萊庭院
315767871,林屯墓地
316816456,威克田之墓窖
317865034,野莫斯
318913613,十字屯自治鎮
319963022,泉灣
321011609,堡津
322060187,德珍旅舍
323108774,主鹿公墓
324157352,瑪拉的神聖之樹
325205944,堡原
326254573,陰橋林地
327303165,老卡羅利納的農場
328351754,瑪拉的哀泣之星
329400336,綠屯塔
330448915,主鹿農莊
331498351,維克托爾達祭儀所
332546932,查塔
333595515,瑪拉的燃燒之樹
334644108,克羅姆堡
335692760,長屯
336741354,瑪拉的哀號預兆
337789932,加羅梅扎爾之墓室
338838511,白維奇公地
339887111,鷹萊莊園
340935703,銅鹿之要塞
341984283,阿爾德岬
343033689,蓋爾屯莊園
344082283,彭特里
345130862,主斯頓農舍
346179460,沼鹿宮殿遺跡
347228045,東堡
348276633,上灣
349325211,老銅翼棚屋
350373790,巴勒斯之修道院
351422373,斯托屯
352470952,綠田莊農舍
353519548,彭里奇
354568139,霍穆尼穆爾神龕
355616731,阿恩丁的監牢
356665314,長特里
357713907,蓋爾興公墓
358762492,哥特卡特
359811902,惡棍與狼旅舍
360860483,銅斯頓莊園
361909065,莫爾基特魯拉之洞穴
362957643,巴雷扎爾之墓陵
364006245,主興之墓窖
365054840,瑪拉的泣血神諭
366103418,綠田城堡
367152030,瑪拉的哀號救贖者
368200631,主屯農莊
369249211,沼屋之塔
370297797,綠田莊農莊
371346381,銅田農莊
372394959,銅萊農莊
373443540,巴克萊農舍
374492127,銅翼的據點
375540712,蘭岬
376590140,威克村之塔
377638718,白裂谷客棧
378687314,瑪拉的恆在之魂
379735897,圖恩鎮園
380784496,烏塔爾德的衛所
381833084,利托莫斯城堡
382881677,鷹萊墓窖
383930315,西莫斯
384978898,鷹萊莊園
386028313,銅田公墓
387076892,灰燼萊庭院
388125482,鷹屯莊園遺跡
389174070,鷹匠之墳場
390222652,赫茲諾克爾之蛛網
391271240,黑顱骨旅舍
392319818,鄉屯莊園遺跡
393368429,凱斯谷窪地
394417017,新萊赫
395465596,瑪拉的溫柔聖物
396514184,戰貝斯
397562785,馬戈恩邦之陵墓
398611370,王田府邸
399659952,舞蹈的祭司酒館
400709373,爐田莊農舍
401757960,弗拉多博斯府邸
402806544,骯髒的狗酒吧
403855132,老鼠與雄鹿旅店
404903722,巴克萊墓窖
405952317,塔姆村
407000895,林屋莊園
408049473,上牆
409098058,林田莊園遺跡
410146641,爐匠農莊
411195219,瑪拉的神聖聖物
412243832,威克翼種植園
413292411,霍萊
414340990,老莫爾吉納的陋屋
415389590,鷹興農舍
416438171,長原大教堂
417486749,老林翼陋屋
418535327,老卡羅拉拉的農場
419584734,綠屯農莊
420633334,老蓋爾匠宅地
421681928,新莫斯
422730506,克羅姆莊
423779099,克羅姆萊林地
424827677,爐萊農舍
425876270,上堡
426924854,白林
427973450,王鹿果園
429022042,切斯特里奇
430071520,瑪拉的無盡預兆
431120102,灰燼萊莊園
432168682,巴爾托蒙之古塚
433217261,切斯特市集
434265852,戰市集
435314433,綠田墓窖
436363035,伊普卡特岩
437411619,瑪拉的無盡預見者
438460200,林翼墓穴
439508779,梅堡園
440557358,巴克萊農莊
441605936,瑪拉的內在之光
442654517,蓋爾津府邸
443703117,主村庭院
444751702,白田莊荒原
445800291,威克津城堡
446848880,沼翼宮殿
447898287,白野蠻人酒館
448946871,查井
449995449,馬里布拉斯修道院
451044032,羅達爾德之堡壘
452092610,老埃洛納的宅地
453141194,貝爾維奇
454189803,爐興府邸
455238383,瑪拉的祝福先知
456286965,加洛貝斯
457335545,莫爾吉薩傳統會
458384125,鹿伯恩
459432709,伊里克祭壇
460481306,黑匕首客棧
461529895,林萊庭院
462578475,貢迪斯塔爾感化院
463627068,鄉匠葬地
464675667,喬德神龕
465725091,西市集
466773678,阿克沼大教堂
467822261,綠萊之塔
468870843,阿爾德郡
469919424,灰燼屋之塔
470968010,教堂維奇園
472016618,黑特里
473065199,鄉萊庭院
474113780,塔姆要塞園
475162360,莫里曼府邸
476210950,阿塞姆蘇納之修道院
477259566,口渴的龍客棧
478308992,老瓦尼里的棚屋
479357576,騎士特里丘
480406160,唱城庭院
481454739,寬徑
482503329,寬田莊
483551914,鄉津宮殿
484600496,林斯頓之要塞
485649078,霍萊
486697658,教堂谷
487746236,沼屯之墓穴
488794815,銅翼葬地
489843408,沼鹿農莊
490891993,沼田莊農莊
491940574,銅萊莊園
492989193,泉田莊
494037771,阿克特里
495086371,鷹翼宮殿
496135782,老巴爾博薩的棚屋
497184364,牛莫斯
498232948,幸運的土撥鼠旅店
499281534,威克翼莊園
500330128,鄉斯頓公墓
501378715,爐萊墓地
502427296,瑪拉的可畏昇天
503475885,銅屋莊園
504524478,伊普萊丘
505573073,巴克屯宮殿
506621651,瑪拉的溫柔之樹
507670230,老灰燼興陋屋
508718824,巴爾特津之陵墓
509767405,班迪神龕
510815992,克羅姆城
511864581,阿恩迪里克的衛所
512914001,陰灣
513962582,威克鹿農莊
515011167,老鼠與貓旅店
516059757,鷹萊府邸
517108342,瑪拉的祝福之魂
518156922,因弗奧古斯城堡
519205503,上門
520254085,老巴克田莊陋屋
521302671,灰燼屋莊園
522351262,老灰燼翼陋屋
523399843,瑪拉的歌唱救贖者
524448433,老貝拉丁的宅地
525497047,阿爾丁里奇
526545625,歡笑的巨靈旅舍
527594206,霍卡特
528643667,蓋爾村公墓
529692249,達爾克諾斯府邸
530740837,德莫爾貢之修道院
531789425,王屋庭院
532838014,野沼
533886600,阿爾丁鎮
534935181,尖叫的衛兵酒館
535983772,狐狸與哥布林旅舍
537032352,綠屋之墓窖
538080932,弗拉杜隆府邸
539129515,爐村種植園
540178116,灰燼田莊莊園
541227567,銅匠莊園
542276149,王斯頓農莊
543324746,黑郡
544373332,格羅姆拉斯巢穴
545421910,蓋爾村農莊
546470493,蓋爾匠莊園
547519073,主斯頓宮殿
548567652,林萊之塔
549616234,新井
550664828,羅迪納克之礦坑
551713407,貝拉多納之聚落
552762024,瑪拉的永恆救贖者
553810613,梅勒貝克斯之深坑
554860041,鷹田墓窖
555908620,爐斯頓莊園
556957205,鷹匠庭院
558005786,主村農舍
559054380,德米特雷納洞穴
560102966,瑪拉的內在救贖者
561151573,瑪拉的神聖預兆
562200177,銅屯農莊
563248777,瑪拉的無盡之樹
564297355,巴克鹿果園遺跡
565345938,中維奇
566395375,堡莊
567443968,克羅姆鎮
568492567,老巴爾博薩的農場
569541164,幸運的野蠻人旅舍
570589742,主翼公墓
571638320,鷹翼農莊
572686907,小鼠與土撥鼠旅舍
573735499,牛特里
574784077,老銅田莊棚屋
575832657,王鹿種植園
576881236,達爾基瓦里斯之宅邸
577929839,老芭芭拉的陋屋
578979284,鄉斯頓莊園
580027868,泉谷
581076446,爐津農莊
582125025,王村農莊
583173612,戰興
584222193,上萊赫荒地
585270773,霍徑
586319364,獅子與仙子旅店
587367945,王萊之要塞
588416523,國王的巨靈酒吧
589465101,霍田莊
590513692,老巴爾巴比斯的農場
591562282,灰燼田莊農舍
592610909,十字布隆
593660350,威克鹿公墓
594708928,唱徑
595757515,威克興宮殿遺跡
596806116,主斯頓農莊
597854695,彭鎮
598903273,阿恩拉貢
599951854,蝙蝠與貓酒館
601000450,老埃利扎納的陋屋
602049037,瑪拉的聖祭壇
603097623,王津公墓
604146217,阿爾德布隆
605194799,林屋公墓
606243381,十字維奇林地
607291960,鄉屯農莊
608341445,銅興農莊
609390036,哥特莫斯
610438620,巴克鹿農莊
611487199,馬戈恩維斯的墳墓
612535777,骯髒的劍旅店
613584366,查萊窪地
614632946,主田農莊
615681530,老主萊棚屋
616730113,沼田莊府邸
617778691,沼屋農莊
618827299,林斯頓之塔
619875882,紅獵人客棧
620924460,蘭鎮
621973038,范特里
623022477,中井
624071058,瑪拉的哀泣救贖者
625119638,伊普卡特
626168218,銀仙子旅店
627216798,伊普郡府邸
628265376,伊東巢穴
629313957,安蒂克萊爾
630362536,格羅吉恩克斯隱修所
631411160,鄉鹿宮殿
632459757,阿格里瓦爾之實驗室
633508337,達爾卡諾爾之宅邸
634557845,主屋農莊
635606424,老瓦諾納的棚屋
636655008,雷谷
637703591,歡笑的狗酒吧
638752169,主田農舍
639800749,巴爾博里之巫會
640849330,綠津宮殿
641897909,綠村農莊
642946488,蓋爾興農莊
643995079,加洛門田
645043659,蓋爾萊城堡
646092242,爐萊墓地
647140829,老埃林的農場
648189416,爐興農舍
649237994,爐田府邸
650286576,貝爾谷
651336029,銅斯頓庭院
652384614,銅鹿莊園
653433219,威克萊之墓窖
654481830,塔姆城
655530428,蓋爾屯農莊遺跡
656579009,林鹿府邸
657627615,塔姆津
658677068,林翼宮殿
659725681,鄉屯莊園
660774261,鄉匠莊園
661822857,戰特里
662871435,爐屋府邸
663920019,綠斯頓塔
664968597,瑪拉的聖重生
666017176,查倫萊赫
667065766,鷹斯頓農莊
668114373,特羅格古禽舍
669162954,林屯塔
670212410,巴克屯庭院
671260989,主興莊園
672309583,寬維奇大教堂
673358161,主翼農舍
674406741,灰燼萊農舍
675455340,切斯特萊
676503929,王屯之據點
677552524,銅萊莊園
678601127,老王翼宅地
679650610,威克田府邸
680699223,阿恩多雷挖掘場
681747813,鷹屯農莊
682796399,鄉田莊葬地
683844978,騎士道
684893558,十字沼
685943042,老沼屯棚屋
686991620,王匠農莊
688040199,老埃利齊薩的農場
689088784,尼布烏蘭之古塚
690138355,瑪拉的泣血之光
691186985,十字萊
692235574,堡莊岩
693284166,巴克翼農莊
694333647,主鹿莊園
695382232,新萊赫田
696430822,綠匠之墓窖
697479458,瓦諾里祭儀所
698528040,老利索里的農場
699577530,王村農舍
700626122,貝爾原
701674748,鷹萊農莊
702723336,巴克屋農莊
703772842,唱岬
704821474,蓋爾翼庭院
705870055,東井
706918634,切斯特屯
707968154,蘭屯村落
709016788,瑪拉的泣血聖像
710065368,克羅姆莊公地
711114870,沼屋公墓
712163449,雷城
713212031,老維克塔拉的宅地
714260659,牛要塞
715309237,爐鹿農莊
716357818,貢多雷之據點
717406405,鄉津農舍
718455897,莫里托爾之鳥舍
719504475,林村種植園
720553061,鄉萊農莊
721601707,老埃拉內的農場
722651205,塔姆塔
723699843,蘭堡
724748432,查倫谷
725797941,爐萊農莊
726846569,阿爾德牆岩
727896087,裂鎮
728944671,灰燼村農舍
729993301,蓋爾萊莊園
731042813,爐翼農莊
732091397,男爵科拉尼斯的墳墓
733140024,威克匠農莊
734189598,綠鹿農舍
735238179,蓋爾田莊府邸
736287758,凱斯原荒地
737337268,惡棍與麝香鼠客棧
738386847,沼鹿莊園遺跡
739436421,灰燼屋的據點
740487017,鄉鹿莊園
741536590,伊普徑
742585174,沼翼公墓
743635737,范林窪地
744684318,巴克翼墓地
745732897,灰燼村墓穴
746781479,瑪拉的靜默昇天
747830057,鷹屋之墓窖
748880618,野泰爾
749929206,野堡岩
750978773,凱斯沼府邸
752028351,綠津之墓穴
753077924,主匠種植園
277751,格里克特克之監獄
1327340,布拉爾坎府邸
2376796,深紅的野蠻人酒吧
3425425,福爾普的據點
4474053,朱利安諾斯的無盡之魂
5522634,卡盧努努
6571222,巴加斯庫萬
7620682,博爾杜姆農舍
8669355,斯圖爾德府邸
9717935,貝爾巴斯庫尼
10766518,克利爾庫姆公墓
11815980,銀祭司旅舍
12864558,阿帕拉里
13913144,巴利布勒蘇拉之修道院
14961722,西羅圖布
16010303,庫爾格倫農莊
17058915,西拉拉
18107494,皮托哈傑爾
19156072,戈爾特之據點
20204685,莫里利通
21253280,舒爾彭府邸
22301861,惡魔的裂谷旅舍
23350442,加夫克恩之據點
24399897,戈盧爾農舍
25448536,朱利安諾斯的燃燒昇天
26497124,賽伊聖物庫
27545704,老羅斯特恩棚屋
28594283,伊羅克之鳥舍
29642862,朱利安諾斯的祝福之樹
30691441,朱利安諾斯的聖昇天
31740019,朱利安諾斯的恆在日出
32788601,達莫科·戈拉
33837180,伊薩克利卡特
34885762,庫傑姆墓穴
35935229,老米爾塔宅地
36983817,爾城堡
38032399,馬科達
39080999,托爾奇莊園
40129580,馬科尼拉
41178163,朱利安諾斯的可畏先知
42226743,法爾喬恩農莊遺跡
43275323,克里爾克恩果園
44323913,朱利安諾斯的歌唱殉者
45372509,巴爾奇特莊園
46421096,朱利安諾斯的內在神諭
47469678,斯塔德澤恩之墓陵
48518257,圖拉哈·哈西
49567726,皮拉賈
50616333,皮利文
51664935,羅斯特莊園
52713516,霍古·塔爾
53762101,吉索孔
54810685,朱利安諾斯的無盡日出
55859264,莫加德比
56907843,莫戈尼加
57956423,克羅爾圖姆墓地
59005004,賢者紀念碑
60053587,格勒瓦姆府邸
61103069,朱利安諾斯的神聖之光
62151652,特洛爾普滕之墓穴
63200230,姆·科姆
64248818,格盧爾庫姆之監獄
65297413,瓦迪吉努斯
66345993,勒潘城堡
67394571,白豪豬客棧
68443197,老德丘恩陋屋
69491783,圖爾波恩公墓
70541240,莫吉塔之據點
71589819,帕普達
72638418,帕皮拉迪蘇
73687017,老塞吉卡的棚屋
74735610,格勒穆姆種植園
75784190,賈維里
76832773,費爾克墓窖
77881351,伊斯福古拉
78929933,幸運的龍旅店
79978515,阿加吉努
81027093,老貝爾米爾棚屋
82075674,阿格萬
83124263,埃拉吉托爾
84172841,薩爾克滕農莊
85222311,布布
86270898,馬吉果園
87319479,澤納斯塔扎
88368062,羅戈里
89416697,瑞恩聖物庫
90466185,歡笑的獅鷲酒館
91514771,穆沙爾宮殿
92563413,圖吉倫府邸
93612005,戈扎姆墓地
94660583,黑土撥鼠客棧
95709162,朱利安諾斯的歌唱之星
96757743,老弗洛爾克·埃的陋屋
97806329,卡傑圖傑爾
98855806,賈勒·戈拉
99904389,鼴鼠與雄鹿旅舍
100952967,賈利里卡特
102001554,奧薩雷格
103050133,勒納達
104098736,格盧吉姆宮殿
105147314,羽毛與劍客棧
106195896,狐狸與野蠻人旅舍
107244482,塞達斯塔拉
108293065,萊恩林
109341643,巴爾克滕感化院
110390246,加斯塔姆之塔
111439710,蘇爾廷塔
112488288,博克托姆莊園
113536885,索爾格姆農舍
114585477,塞德納·哈西
115634060,格羅格特克恩農莊
116682641,老奇什加的宅地
117731219,克利爾克特府邸
118779797,基蘭劇院
119828406,奧夫科爾德塔遺跡
120876994,綠匕首酒館
121925573,梅塞圖達克斯
122974162,不安的仙子酒吧
124023629,獅子與哥布林客棧
125072219,托格滕莊園
126120804,金頭盔旅舍
127169409,巴吉里·塔爾
128217987,尖叫的匕首客棧
129266588,拉南達薩
130315173,斯庫爾東之蛛網
131363762,巴格提姆農莊
132412341,拉尼里比
133461829,塔蘇圖·科姆
134510423,弗洛爾格滕城堡
135559022,鼴鼠與幼鹿酒館
136607610,西里斯
137656193,德珍旅舍
138704786,伊里克祭壇
139753364,皮塔卡尼斯
140801944,黑獅鷲旅店
141851417,博爾德特葬地
142900002,馬爾普特農莊
143948609,沃賈貢鳥舍
144997194,塞爾特府邸
146045776,老特爾登陋屋
147094361,皮特達
148142942,達馬克迪蘇
149191524,老薩爾皮的宅地
150240107,拉斯克莊園
151288685,弗勒圖姆果園
152337266,布爾克塔
153385844,達梅里
154434436,納魯拉
155483918,維爾種植園
156532524,塞爾孔之墳場
157581110,尼布埃霍斯之古塚
158629706,蟾蜍與龍酒館
159678312,馬科帕托爾
160727784,斯盧奇倫種植園
161776370,舞蹈的幼鹿旅舍
162824984,惡棍與深坑旅舍
163873568,圖洛努
164922165,海狸與酒杯旅店
165970748,尖叫的頭盔客棧
167019326,費尼扎
168067908,費努努里
169116489,赫布
170165070,朱利安諾斯的內在之樹
171213651,博爾特府邸
172263133,布桑莊園
173311714,死亡的土撥鼠旅舍
174360292,穆斯塔姆宮殿
175408873,古爾莊園
176457457,賽伊聖物庫
177506037,烏姆巴扎爾
178554621,舞蹈的酒杯酒吧
179603211,朱利安諾斯的無盡先知
180651791,不安的狼旅店
181700369,盧爾滕農舍
182748950,弗盧爾普特小屋
183797531,烏姆巴拉·戈拉
184846113,薩爾辛府邸
185894712,莫詹種植園
186943298,特洛斯特農莊
187992810,特盧爾敦之堡壘
189041415,老弗什克宅地
190089996,比菲盧姆府邸
191138577,提斯特莊園
192187171,布拉格塔爾葬地
193235751,拉莫哈達
194285220,德爾德之據點
195333799,老科爾奇加的農場
196382377,朱布爾修道院
197430957,賈維利·哈西
198479540,費斯特農莊
199528138,西爾諾恩府邸
200576720,賈瓦斯庫達克斯
201625309,尖叫的貓旅舍
202673891,阿特羅西
203722470,喬德神龕
204771071,塞爾穆姆之要塞
205819656,阿吉西賈
206869143,豬與酒壺酒吧
207917758,博菲洛姆城堡
208966355,朱利安諾斯的聖重生
210014934,舞蹈的頭盔旅店
211063523,老塞格塔爾陋屋
212112110,馬托恩之塔
213160696,扎戈哈拉
214209275,朱利安諾斯的歌唱聖物
215258744,卡洛尼尼斯
216307322,鼴鼠與祭司客棧
217355914,朱利安諾斯的靜默昇天
218404507,博達
219453090,老努斯提的農場
220501683,格拉爾特宮殿
221550261,博尼迪蘇
222598840,卡茲滕塔
223647442,貝爾巴哈里
224696024,薩希布洛納之神殿
225744603,賈爾吉拉
226793181,斯圖茲葬地
227842662,塞多古尼
228891261,蟾蜍與獵人客棧
229939852,諾爾圖爾之要塞
230988451,德穆勒納神龕
232037036,格魯姆魯戈斯巢穴
233085630,弗拉爾努姆府邸
234134217,老爾棚屋
235183686,伊薩克
236232267,拉寧傑爾
237280851,克倫感化院
238329437,朱利安諾斯的靜默殉者
239378030,阿科通
240426610,塔格特感化院
241475208,弗洛爾克特莊園
242523791,拉爾奇之堡壘
243572394,阿庫扎爾
244620973,塔索·伊吉
245670455,吉薩吉·哈西
246719050,莫加達克斯
247767636,塞爾克克恩之塔
248816223,老莫維宅地
249864810,福爾格克恩莊園
250913395,埃芬神龕
251961973,邁伊神龕
253010576,拉菲爾採石場
254059159,朱利安諾斯的永恆預見者
255108637,老菲爾甘陋屋
256157219,特·塔爾
257205808,馬羅納牧師宅
258254392,生鏽的雄鹿旅店
259302977,特
260351562,特
261400152,不幸的巨人旅舍
262448757,費內加
263497338,朱利安諾斯的泣血之樹
264545921,霍穆努勒斯之大教堂
265595426,嚎叫的巨人客棧
266644005,拉拉姆墓地
267692601,阿恩特勒納達
268741179,埃盧圖比
269789757,雷切爾莊園
270838340,芬恩庇所
271886920,迪吉庭院
272935503,比爾姆農莊
273984082,烏姆貝納里
275032660,布勒平農舍
276082156,朱利安諾斯的哀號預見者
277130734,勒格特挖掘場
278179314,費貢府邸
279227896,拉爾格之據點
280276476,斯塔奇農莊
281325056,朱利安諾斯的歌唱之魂
282373639,尖叫的哥布林酒館
283422233,內爾姆倫府邸
284470813,國王的裂谷客棧
285519412,朱利安諾斯的聖之光
286568007,銀野蠻人酒館
287616593,卡賈克尼
288666072,賈洛布
289714654,弗盧吉莊園
290763254,庫杜圖普勒克斯
291811835,納格滕之墳場
292860429,生鏽的劍酒吧
293909011,朱利安諾斯的靜默日出
294957607,古什塔種植園
296006195,布利吉特墓窖
297055678,武加爾農莊
298104271,斯特倫納港灣
299152850,狐狸與惡棍旅舍
300201435,尼爾德·埃秘社
301250017,博菲拉姆莊園
302298598,巴古拉納
303347178,科格特種植園
304395757,圖佐姆農莊
305444335,提倫克之墳場
306492915,白祭司酒館
307541496,弗利沙恩城堡
308590077,拉諾帕·哈西
309638661,克羅爾特墓窖
310687249,布塔爾種植園
311735841,貝爾博達克斯
312785320,塞克拉比斯
313833901,皮提薩
314882484,喬德神龕
315931111,莫爾克莊園
316979689,格羅爾克城堡
318028274,尼克塔姆府邸
319076862,死亡的貓客棧
320125440,迪斯果園
321174935,馬科哈拉
322223525,特利勒姆之監獄
323272108,阿克拉·科羅姆
324320687,老維爾德薩的農場
325369280,朱利安諾斯的歡愉之魂
326417863,塞格坦之據點
327466460,費塔姆農莊
328515041,貝爾府邸
329563619,圖勒利斯
330612203,老卡爾德塔的宅地
331661690,霍里
332710268,維爾德府邸
333758850,吉索圖拉
334807439,達爾基凡之古塚
335856017,老斯拉斯賈的農場
336904627,朱利安諾斯的哀泣救贖者
337953208,費爾丹府邸
339001792,班迪神龕
340050381,薩夫之塔
341098966,莫加哈努
342147546,莫戈哈達塔
343197041,瓦迪喬科
344245636,馬爾特姆小屋
345294229,朱比穆盧拉隱修所
346342818,老鼠與狼旅舍
347391402,尼爾克姆之據點
348439985,瓦迪傑利扎
349488571,克拉爾德庭院
350537152,爾農莊
351586657,蘇爾多姆莊園
352635237,盧斯提爾莊園
353683815,惡棍與刺蝟旅舍
354732399,德珍旅舍
355780998,帕帕德布
356829576,朱利安諾斯的神聖先知
357879099,朱利安諾斯的聖祭壇
358927682,老弗爾奇塔的農場
359976318,維菲爾特城堡
361024904,格拉菲爾府邸
362073483,科斯特克農莊
363122068,阿格吉通
364171549,瑞恩聖物庫
365220144,老巴茲塔的棚屋
366268772,福菲爾莊園
367317358,朱利安諾斯的永恆之魂
368366863,莫夫城堡
369415444,朱利安諾斯的恆在之樹
370464022,卡茲小屋
371512602,朱利安諾斯的永恆日出
372561231,斯科古之棲所
373609820,布拉倫克之墓窖
374658398,賈勒比
375707892,拉吉拉
376756544,莫拉魯戈斯鳥舍
377806112,塞拉比
378854690,老博什基的宅地
379903270,瓊恩神龕
380951850,嚎叫的深坑旅舍
382000428,特吉爾府邸
383049923,蝙蝠與狼酒館
384099566,西雷米
385148149,巴爾提馬爾府邸
182888,十字維奇
1231466,十字谷荒原
2281035,克羅姆道
3330580,西屯
4379163,埃芬神龕
5427741,戰林荒原
6476336,上井
7524917,阿卡托什的歌唱之樹
8573502,主田農莊
9622090,沼村葬地
10670668,陰谷荒原
11720192,野谷
12768775,林匠莊園
13817358,鄉斯頓府邸
14865938,銅田墓窖
15914523,老灰燼萊陋屋
16963104,老灰燼村陋屋
18011682,王鹿莊園遺跡
19060265,威克斯頓農莊
20108854,林翼的據點
21157433,鷹田莊果園
22206947,主田小屋
23255525,杜尼斯提爾之監獄
24304127,斯庫爾拉塔爾克之棲所
25352705,加洛興村落
26401285,埃利里巫會
27449870,陰萊大教堂
28498458,查倫維奇
29547992,堡卡特
30596587,灰燼興農舍
31645167,阿克市集
32693745,威克津之堡壘
33742343,瓊恩神龕
34790921,阿卡托什的歌唱先知
35840437,鄉屯公墓
36889015,泉林園
37937628,老王匠宅地
38986206,霍爾橋
40034793,蓋爾匠墓地
41083371,鷹津莊園
42131956,林村農舍
43181490,鹿城
44230072,裂津
45278664,切斯特沃克庭院
46328191,爐匠的據點
47376774,寬堡荒地
48425355,林田莊園
49473944,老吉夫諾納的棚屋
50522525,阿卡托什的歌唱聖像
51571115,特里塞爾比斯
52619694,中沃克
53668274,基蘭劇院
54716864,黑檀臂鐵砧
55766395,寬谷
56814978,彭塔荒原
57863568,灰燼斯頓農莊
58912152,蓋爾翼的衛所
59960734,老瓦諾爾達的陋屋
61009318,杜諾雷挖掘場
62057898,泉沼
63106479,金龍酒館
64155991,鄉田莊莊園
65204590,利索薩巫會
66253179,灰燼翼果園
67301770,主翼塔
68350348,白道
69399877,蓋爾斯頓農舍
70448465,范萊赫庭院
71497043,老瓦諾納的宅地
72545625,巴克田莊墓地
73594203,內克羅梅哈姆城堡
74642782,查倫萊櫟林
75691365,老爐鹿宅地
76739950,王田莊果園
77788528,黑檀臂鐵砧
78837111,綠興莊園
79885691,克羅姆郡
80934271,林萊小屋
81983783,凱斯萊赫
83032363,林伯恩府邸
84080944,銅萊果園
85129544,東郡
86178123,不幸的匕首旅舍
87226704,威克鹿墓穴
88275292,阿卡托什的哀泣之樹
89324820,圖恩卡特
90373406,灰燼萊墓地
91421984,阿卡托什的靜默聖像
92470567,老貝拉丁的宅地
93519147,林津之據點
94567734,骯髒的幼鹿酒吧
95616317,蘭原
96664897,杜尼瓦爾的衛所
97713481,長莊
98762059,灰堡
99810642,灰燼鹿小屋
100860142,貝爾郡林地
101908726,老維克提里的棚屋
102957313,蓋爾斯頓莊園
104005899,蓋爾田公墓
105054497,雷津荒原
106103083,阿克村村落
107152615,老埃維洛納的宅地遺跡
108201197,上維奇
109249777,灰布隆
110298365,霍灣
111346945,老鄉田莊棚屋
112395543,老卡洛琳的陋屋
113444123,教堂市集
114492704,老巴爾博里的農場
115541284,威克萊種植園
116590791,蓋爾匠農舍
117639392,阿爾德萊赫
118687997,長市集
119737523,鷹匠果園遺跡
120786113,騎士堡
121834701,長谷盡頭
122883285,塔姆興
123931880,戰道
124980460,雷山
126029039,圖恩萊荒地
127078553,王興之據點
128127133,銅斯頓墓穴
129175718,阿卡托什的靜默神諭
130224303,阿卡托什的歌唱昇天
131272891,阿卡托什的祝福救贖者
132321498,老林興宅地
133370077,綠屯之塔
134419594,老卡羅拉比斯的棚屋
135468180,老維克塔內的棚屋
136516769,蓋爾翼莊園
137565351,老利西薩的棚屋
138613934,長里奇
139662518,迪瓦德紀念碑
140712055,烏提里克之塔
141760633,東伯恩荒地
142809215,寬貝斯
143857793,埃利里之巫會
144906373,巴克村莊園
145954983,達爾庫利斯之墳墓
147003561,莫羅貝扎爾之鬼域
148052140,白橋
149101655,綠津農舍
150150237,新鎮窪地
151198821,西城
152247409,蓋爾斯頓小屋
153296026,哥特里奇
154345525,阿卡托什的無盡日出
155394105,老莫爾戈納的農場
156442703,林村種植園
157491293,陰莊
158539899,十字谷
159588477,雷堡大教堂
160637993,老瓦尼薩的陋屋
161686571,老埃洛里的農場
162735155,爐萊種植園
163783755,奎奧文神龕
164832360,鹿萊赫
165880941,阿卡托什的哀泣之星
166930441,老威克興陋屋遺跡
167979029,阿卡托什的永恆救贖者
169027609,鷹興果園
170076190,西沃克田
171124769,凱斯谷
172173360,泉谷府邸
173221943,老巴克匠陋屋
174270529,戰萊赫大教堂
175319112,貝爾屯
176367698,教堂特里
177416280,主鹿之墓穴
178465785,沼屯之墓窖
179514382,阿克原庭院
180562965,老維克提里的農場
181611547,長村園
182660130,巴克屯之據點
183708722,主村的衛所
184757303,范泰爾
185805891,裂萊
186855391,斯托沼
187903975,埃維利納之秘社
188952553,貝爾伯恩田
190001152,長萊自治鎮
191049734,紅獅鷲酒館
192098317,老王津陋屋遺跡
193146913,黑檀臂鐵砧
194195496,嚎叫的衛兵客棧
195244080,主興農莊
196293570,阿塞姆拉之深坑
197342157,阿爾丁維奇庭院
198390740,查倫里奇窪地
199439318,蘭沃克
200487896,王村農莊
201536486,黑井
202585086,主屯公墓
203633664,林翼府邸
204682242,林屯農莊
205730835,查門
206779413,賢者紀念碑
207828003,爐田農莊
208877456,灰燼興府邸
209926063,邁伊神龕
210974661,老瓦尼納的棚屋
212023248,老西爾斯提恩的棚屋
213071830,蓋爾興公墓
214120417,伊霍斯
215169004,銅田莊果園
216217590,十字谷
217266176,阿克原
218315667,霍貝斯庭院
219364250,貝達斯提爾的監牢
220412830,十字堡
221461408,爐匠之堡壘
222509986,十字泰爾
223558587,鷹田莊莊園
224607185,中牆自治鎮
225655770,爐田莊之堡壘
226704357,霍爾城丘
227752947,鄉萊莊園
228802431,范道
229851012,特羅格克爾
230899598,霍布隆
231948180,灰燼萊農舍
232996764,寬谷
234045372,主興莊園
235093951,西牆荒地
236142543,班迪神龕
237191123,老沼田莊陋屋
238239703,銅屋莊園
239288286,切斯特牆
240337740,新貝斯
241386320,達古比斯之巢穴
242434899,杜納爾德挖掘場
243483480,老鷹津陋屋遺跡
244532058,老吉夫諾爾達的農場
245580641,霍興
246629220,伊普沃克窪地
247677802,格魯拉蘇拉之大教堂
248726383,切斯特谷
249774991,阿卡托什的歡愉之星
250823579,阿卡托什的無盡預見者
251872169,鼴鼠與地城酒吧
252920749,彭萊赫
253969327,查倫特里
255017905,綠田莊之據點
256066484,林翼小屋
257115065,特里塞拉斯
258163649,林萊之堡壘
259213104,圖恩牆自治鎮
260261701,綠村墓穴
261310286,沼斯頓公墓
262358868,戰沼
263407472,老巴克屋宅地
264456050,紅狗客棧
265504645,阿克里奇
266553235,銀深坑旅舍
267601827,爐鹿之要塞
268650405,爐興之墓穴
269699862,灰燼津之據點
270748454,爐匠莊園
271797032,圖恩堡
272845610,加洛山
273894212,長山
274942800,鹿鎮田
275991389,騎士沃克
277039979,范鎮
278088559,上城
279137141,騎士村公地
280185737,沼屯莊園遺跡
281234328,鷹屋之據點
282283797,梅林
283332376,威克村農莊
284380959,老貝拉多爾達的陋屋
285429545,鷹萊種植園
286478144,塔姆門
287526734,老吉夫納拉的農場
288575321,林匠宮殿
289623903,不幸的蠍子旅店
290672486,戰岬自治鎮
291721080,灰燼津果園
292769660,查山林地
293818238,牛谷自治鎮
294867704,埃芬神龕
295916307,克羅姆貝斯
296964886,利托文城堡
298013466,利薩比斯傳統會
299062044,阿卡托什的神聖之星
300110642,老卡羅拉比斯的陋屋
301159228,阿爾丁布隆
302207825,埃芬神龕
303256404,阿尼沃爾
304304984,老主村陋屋
305353563,霍爾卡特
306402141,彭林
307450722,威克萊公墓
308499304,鄉屯之墓穴
309548749,王村府邸
310597329,鷹斯頓塔遺跡
311645917,野城田
312694549,鹿谷
313743137,阿爾德沃克
314791718,老吉夫尼維拉的農場
315840304,鄉津農舍
316888884,蘭山府邸
317937462,爐萊莊園
318986056,寬林
320035511,達爾科武斯之鬼域
321084108,狐狸與地城酒館
322132689,寬原
323181270,老鷹斯頓宅地
324229857,林田種植園
325278437,長興
326327032,威克村之據點
327375611,格魯梅魯斯之棲所
328424193,銅萊農莊
329472773,教堂市集大教堂
330521362,阿卡托什的聖重生
331569940,老威克萊棚屋
332618530,教堂泰爾大教堂
333667111,沼田莊園
334715689,長堡
335764268,哥特伯恩
336812846,老卡羅利維拉的陋屋
337861431,老卡羅洛納的陋屋
338910884,斯特倫納港灣
339959465,東泰爾
341008044,查倫堡庭院
342056641,阿卡托什的祝福之星
343105222,維爾姆德雷德
344153808,西爾斯塔拉之秘社
345202389,查維奇
346250967,阿卡托什的永恆聖像
347299546,梅莫斯
348348124,凱斯布隆
349396710,莫爾金之秘社
350445297,彭橋
351493914,梅谷
352543374,老綠萊陋屋
353591967,吉姆·塞神龕
354640549,老林津陋屋
355689131,阿爾德貝斯
356737713,東谷
357786313,老埃拉內的宅地
358834899,彭城荒原
359883483,斯托郡
360932061,巴利布拉恩齊牧師宅
361980669,灰燼興的據點
363029247,蝙蝠與山羊旅店
364077833,莫爾達爾德之礦坑
365127279,莫爾迪納克隧道
366175864,堡原荒原
367224442,阿卡托什的靜默祭壇
368273026,東門盡頭
369321617,長谷
370370204,白田莊府邸
371418782,巴克萊農舍
372467381,王斯頓之要塞
373515960,灰燼屋農莊
374564541,老威克津陋屋
375613132,威克田庭院
376661710,上要塞
377710295,尼布伊沃爾之鬼域
378758878,騎士泰爾
379807456,沼匠墓穴
380856042,巴克村農莊
381904620,老巴克田莊宅地
382953199,查田莊
384002644,阿卡托什的泣血昇天
385051236,維格里爾神龕
386099815,阿爾德維奇
387148399,利辛之教團
388196987,銅翼塔
389245566,老西爾斯托里的陋屋
390294183,綠田墓窖
391342763,王田莊莊園
392391353,堡萊赫
393439947,蓋爾斯頓府邸遺跡
394489410,爐斯頓農舍
395538016,女王的雄鹿旅店
396586601,王津農莊
397635181,威克村果園
398683763,山貓與豪豬酒館
399732347,杜納斯提爾礦坑
400780931,唱岬大教堂
401829509,白徑
402878089,泉布隆
403926677,貝爾岬庭院
404975261,老灰燼田陋屋
406023862,斯特倫納港灣
407072444,鄉萊之墳場
408121904,老巴克屋宅地
409170488,金深坑旅店
410219072,馬戈恩沃斯府邸
411267650,教堂林
412316249,羽毛與土撥鼠旅舍
413364829,斯托莊大教堂
414413413,阿卡托什的靜默之光
415461992,沼匠種植園
416510582,中堡自治鎮
417559160,貝爾田莊
418607739,喬德神龕
419656320,老巴克屯棚屋
420704907,貝達內城堡
421753498,鄉萊城堡
422802080,斯特倫納港灣
423851566,老沼興陋屋
424900153,銅斯頓農莊
425948731,長門
426997309,裂谷
428045909,主興墓地
429094488,戰牆
430143066,中萊荒原
431192582,林匠之塔
432241176,克羅姆灣村落
433289759,老爐津宅地
434338345,莫里魯戈斯
435386924,查山
436435503,綠萊莊園
437484084,查倫里奇
438532666,阿卡托什的可畏聖像
439581258,彭谷
440629849,中谷
441678427,沼興公墓
442727005,沼屋公墓
443775583,爐屯莊園
444824181,王匠府邸
445873656,裂卡特荒原
446922237,銅鹿之宅邸
447970848,林匠府邸
449019429,霍岬庭院
450068008,伊普堡
451116586,老鼠與惡棍酒吧
452165164,牛莊丘
453213743,陰泰爾盡頭
454262331,白狼酒館
455310923,鷹鹿農莊
456360407,鄉田農莊
457408995,老埃拉比斯的農場
458457575,灰燼萊宮殿
459506154,陰萊赫田
460554733,切斯特谷荒地
461603318,黑布隆荒原
462651896,鷹田莊種植園
463700486,主匠墓穴
464749067,查林園
465797661,尖叫的獵人酒吧
466846247,巴克屋果園
467894827,邁伊神龕
468943413,老巴爾比維拉的農場
469991991,科雷希斯之宅邸
471040574,加洛莫斯
472090073,長井
473138658,林鹿墓窖
474187243,阿卡托什的祝福重生
475235824,赫齊爾克爾
476284412,主興之塔
477332990,老巴克斯頓宅地
478381570,爐屋莊園遺跡
479430151,白萊
480478730,主村小屋
481527317,泉堡庭院
482575897,幸運的劍酒館
483625391,老埃維利維拉的棚屋
484673990,林田之據點
485722574,范門
486771153,灰屯盡頭
487819733,老蓋爾萊棚屋
488868314,惡魔的鳥客棧
489916892,塔姆屯
490965471,老西爾斯托薩的陋屋
492014068,老伊索爾達的陋屋
493062660,王屋種植園
494112148,老綠屯陋屋
495160730,埃拉比斯之秘社
496209331,鹿谷
497257920,裂灣園
498306521,威克津庭院遺跡
499355102,銀侏儒客棧
500403688,寬萊赫
501452279,阿卡托什的聖聖像
502500864,王鹿宮殿
503550334,野里奇
504598934,綠萊塔遺跡
505647518,阿卡托什的溫柔之光
506696101,爐村公墓
507744682,惡棍與顱骨旅店
508793298,堡谷荒原
509841879,塔姆井
510890466,上屯
511939060,老威克萊棚屋
512987638,主津公墓
514036216,生鏽的顱骨酒館
515085675,林萊農莊
516134281,斯托維奇
517182859,霍津
518231445,烏提克托爾深坑
519280023,灰燼萊農莊遺跡
520328603,主津之要塞
521377183,上貝斯岩
522425763,威克津農莊
523474343,老莫爾加拉的宅地
524522921,老莫爾金的農場
525571499,老銅斯頓宅地
526620080,矮人與貓旅舍
527668678,巴利斯迴廊修道院
528717262,圖恩井窪地
529766736,迪瓦德紀念碑
530815338,綠屯之據點
531863918,主屯宮殿
532912501,沼村農莊
533961081,凱斯徑
535009665,老埃維洛里的棚屋
536058262,灰燼村城堡
537106848,佩拉斯提爾實驗室
538155462,堡貝斯
539204041,蓋爾屋農舍
540252619,老蓋爾田棚屋
541302070,切斯特塔
542350676,瓊恩神龕
543399256,寬城
544447856,騎士道田
545496442,寬城
546545028,騎士萊
547593626,老利薩拉的宅地
548643104,堡門
549691702,鄉匠墓穴
550740286,騎士原
551788878,埃利里傳統會
552837477,王匠莊園
553886058,阿卡托什的神聖昇天
554934674,綠鹿種植園
555983255,沼斯頓葬地
557032738,凱斯莊
558081322,林田莊塔
559129914,鄉鹿莊園
560178495,教堂伯恩府邸
561227098,泉郡
562275685,白維奇荒地
563324290,賢者紀念碑
564373745,老吉夫尼薩的陋屋
565422323,戰谷林地
566470902,梅布隆
567519518,伊普山荒地
568568105,爐翼果園
569616689,銅津墓地
570665279,梅隆之神殿
571713864,老莫爾戈爾達的農場
572762443,老莫爾吉維拉的宅地
573811028,陰沼
574859617,切斯特塔田
575908195,老鄉匠宅地
576956780,阿卡托什的歌唱神諭
578006207,威克田莊種植園
579054793,塔姆谷岩
580103412,尖叫的野蠻人酒館
581151992,特里斯提斯塔爾實驗室
582200578,主田莊之據點
583249160,鹿牆
584297739,圖恩堡
585346331,貝迪里克實驗室
586394913,老卡羅利里的農場
587443502,彭泰爾
588492095,老灰燼鹿棚屋
589540687,佩里威爾實驗室
590589265,雷谷
591638703,伊格拉托爾鳥舍
592687304,老西爾斯塔比斯的農場
593735892,嚎叫的狗酒館
594784471,老銅屋陋屋
595833054,薩什諾羅格
596881645,巴克鹿府邸
597930241,野牆丘
598978822,烏塔爾德之堡壘
600027407,唱谷
601075995,老主屯宅地
602124573,阿爾丁萊赫
603173182,銅萊城堡
604222632,阿卡托什的歡愉之光
605271219,海狸與幼鹿旅舍
606319797,阿卡托什的溫柔救贖者
607368397,梅谷府邸
608416975,蓋爾斯頓宮殿
609465553,耶弗瑞神龕
610514136,黑田莊
611562721,老瓦尼納的棚屋
612611303,主萊公墓
613659891,切斯特市集園
614708490,克羅姆莫斯園
615757082,蘭津
616805663,老維克廷的陋屋
617854241,莫爾戈納秘社
618902820,蓋爾田莊園
619952262,彭牆櫟林
621000851,切斯特岬林地
622049447,鄉屋農莊
623098080,鄉興塔
624146664,女王的龍酒館
625195242,老埃利扎比斯的宅地
626243820,尖叫的惡棍客棧
627292406,綠翼宮殿
628341006,塔姆泰爾荒原
629390437,老林鹿宅地
630439035,途歇城
631487617,鄉屋庭院
632536201,山貓與獾客棧
633584780,瑞恩聖物庫
634633369,彭屯
635681956,威克田莊小屋
636730544,威克屋莊園
637779127,騎士徑府邸
638827707,加洛山公地
639876294,長道大教堂
640924877,老吉夫尼薩的農場
641974347,老鄉鹿棚屋
643022948,梅沃克窪地
644071526,林屋莊園遺跡
645120120,阿克布隆荒地
646168700,老鼠與食人魔旅店
647217287,王屋公墓
648265870,阿卡托什的泣血之樹
649314449,中維奇
650363029,爐屯城堡
651411624,老銅田陋屋
652460202,巴克萊果園
653508780,迪斯佩貝斯之神殿
654557360,阿拉比威爾之感化監獄
655605939,沼田莊農莊
656654530,老灰燼鹿宅地
657703128,查倫城盡頭
658751713,中市集
659801171,老巴爾比納的棚屋遺跡
660849754,沼屯小屋
661898332,銅鹿小屋
662946910,塔姆道田
663995501,王興公墓
665044082,巴克津農莊
666092660,巴勒布魯盧拉神龕
667141255,阿卡托什的無盡神諭
668189836,蘭谷荒地
669238414,馬古恩洛斯之鬼域
670287009,特迪瓦爾之感化監獄
671335588,凱斯貝斯窪地
672384176,銅興農莊
673432754,黑貝斯
674481341,綠鹿莊園
675529923,查倫興丘
676579356,蓋爾村農莊
677627968,老蓋爾興陋屋
678676558,伊薩拉之巫會
679725143,吉姆·塞神龕
680773727,銅萊莊園遺跡
681822307,老伊辛的宅地
682870898,阿卡托什的恆在昇天
683919484,王鹿農莊
684968095,老綠萊宅地
686016686,白徑園
687066143,老蓋爾翼宅地
688114724,霍爾鎮
689163307,阿齊爾塔爾克的巢穴
690211896,阿卡托什的恆在預兆
691260499,斯托市集
692309088,老伊薩納的棚屋
693357676,蓋爾萊公墓
694406258,阿卡托什的歌唱日出
695454839,阿爾丁堡
696503418,伊普泰爾丘
697552002,主斯頓之堡壘
698601455,阿爾丁郡
699650053,阿卡托什的永恆先知
700698634,老埃利薩的陋屋
701747214,沼田莊公墓
702795792,灰燼津農莊
703844373,死亡的獾旅店
704892954,老威克興陋屋
705941534,鷹田農莊
706990115,不安的哥布林旅舍
708038693,阿卡托什的靜默殉者
709087274,馬雷布拉恩扎神龕
710135873,彭岬大教堂
711184458,老卡羅洛里的宅地
712233038,銅津種植園
713281618,老灰燼萊宅地
714330198,綠屋之堡壘
715378789,凱斯沼自治鎮
716427372,阿卡托什的哀泣聖像
717475955,沼萊農莊
718524536,老埃維拉內的棚屋
719573115,黑雄鹿酒吧
720621694,沼屯之塔
721670272,查倫原丘
722719727,灰燼田莊莊園
723768315,梅泰爾庭院
724816895,老瓦諾納的陋屋
725865476,白泰爾大教堂
726914076,上岬丘
727962694,霍爾原田
729011272,銅屋農莊
730060778,凱斯布隆府邸
731109361,老卡羅利里的宅地
732157939,蓋爾興墓穴
733206518,阿格里里克感化院
734255097,口渴的祭司旅舍
735303677,喬德神龕
736352255,瑞恩聖物庫
737400841,雷郡
738449420,矮人與深坑客棧
739498004,王田莊農莊
740546588,綠匠小屋
741595167,烏提斯提爾塔
742643752,塞科特魯戈斯
743692332,瑞恩聖物庫
744740916,主萊宮殿
745789494,牛堡岩
746838072,銅斯頓城堡
747886651,爐鹿府邸
748935230,王田莊種植園
749984716,范堡
751033296,哥特卡特村落
752081879,特里塞羅克的蛛網
753130476,爐屋之據點
754179071,長谷
755227649,鄉屋府邸
756276235,寬郡府邸
757324822,凱斯原村落
758373431,爐匠農莊
759422902,查里奇府邸
760471482,老埃利扎納的宅地
761520065,貝拉丁之巫會
762568653,東塔
763617232,戰城府邸
764665820,沼翼之宅邸
765714402,阿卡托什的哀號聖像
766762992,切斯特牆自治鎮
767811573,鷹村塔
768860152,威克田之據點
769908736,狐狸與食人魔客棧
770957318,杜尼克托爾挖掘場
772005897,林村小屋遺跡
773054482,銀雄鹿客棧
774103063,老吉夫尼薩的棚屋
775152570,老卡羅拉內的農場
776201153,泉井荒地
777249734,奎奧文神龕
778298316,爐田果園遺跡
779346894,白谷
780395492,吉姆·塞神龕
781444088,莫爾迪納克之採石場
782493572,歡笑的豪豬酒吧
783542156,東原
784590737,老巴爾博納的宅地
785639316,深紅的仙子旅舍
786687915,威克匠莊園
787736509,阿爾丁市集田
788785087,灰原
789833667,蓋爾田莊墓地
790882248,小鼠與城堡客棧
791930832,梅利特爾隱修所
792979410,阿卡托什的無盡昇天
794027996,德珍旅舍
795076580,東沃克
796125162,老利辛的棚屋
797173743,阿格里克托爾收容所
798223223,查谷
799271812,德珍旅舍
800320394,老埃利齊薩的陋屋
801368973,生鏽的麝香鼠客棧
802417553,阿克郡
803466140,凱斯道櫟林
804514738,蓋爾翼果園
805564257,阿卡托什的內在重生
806612838,死亡的裂谷酒館
807661431,長里奇荒原
808710024,圖恩市集
809758602,寬伯恩
810807180,加洛興園
811855758,伊普谷
812904336,獅子與酒杯酒吧
813952914,維格里爾神龕
815001493,埃維洛爾達之法環
816050079,林村之要塞
817098663,爐鹿小屋
818147243,騎士灣
819196748,鷹萊府邸
820245339,范谷府邸
821293921,泉門窪地
822342500,堡牆荒原
823391078,林翼宮殿
824439680,老巴爾巴比斯的陋屋
825488258,灰燼萊果園
826536853,老貝拉達納的陋屋
827585435,埃多夫林深坑
828634016,鷹津之據點
829683539,阿卡托什的溫柔重生
830732131,老埃維拉納的宅地
831780721,巴克屯之塔
832829304,巴克萊種植園
833877887,邁伊神龕
834926475,德曼澤薩之修道院
835975054,阿卡托什的哀泣神諭
837024560,沼斯頓小屋
838073153,克羅姆田莊自治鎮
839121742,唱塔公地
840170324,特里斯提里克實驗室
841218915,伊普門
842267498,灰燼田府邸
843316078,老巴爾博薩的棚屋
844365590,女王的酒杯旅舍
845414173,蓋爾萊墓窖
846462753,灰燼屋塔
847511331,阿卡托什的燃燒之樹
848559909,銅萊府邸
849608495,新谷
850657074,切斯特原
851705658,沼屋之塔
852754249,阿卡托什的燃燒之星
853802845,老主萊陋屋
854852347,灰城庭院
855900929,塔姆牆林地
856949523,長沼田
857998122,阿卡托什的燃燒重生
859046722,加洛谷大教堂
860096230,威克翼農莊遺跡
861144834,牛郡
862193432,不幸的劍旅店
863242016,女王的裂谷旅店
864291524,蓋爾田莊之據點
865340102,獅子與城堡酒館
866388716,基蘭劇院
867437294,鄉萊農莊
868485893,飛翔的顱骨酒吧
869534478,東里奇盡頭
870583057,陰維奇自治鎮
871632612,阿爾丁橋荒原
872681194,哈爾酒館
873729776,沼村城堡
874779284,堡市集大教堂
875827920,女王的狼客棧
876876500,戰特里荒原
877925078,鷹萊的據點
878973663,巴克村公墓
880022242,梅泰爾
881070820,東布隆
882120388,新郡
883168974,斯庫爾托斯之棲所
884218542,切斯特牆園
885268120,奎奧文神龕
886316699,霍郡岩
887366269,沼屯農舍
888414853,王屋之據點
889464423,長堡自治鎮
890513001,黑哥布林酒吧
891563575,圖恩山
136870,老蓋爾萊陋屋遺跡
1185449,灰燼津莊園遺跡
2234035,王田莊城堡
3284591,王屯之據點遺跡
4334174,裂原
5382765,奧法什斯托恩塔遺跡
6432315,老巴爾博爾達的陋屋
7481916,王興葬地
8531488,綠田塔
9580074,蓋爾萊墓地
10629627,巴克匠種植園
11678220,巴克興農莊
12727776,蓋爾匠之據點遺跡
13776369,中徑丘
14825935,老埃維洛爾達的陋屋遺跡
15874516,鷹斯頓之據點
16924073,灰燼田城堡遺跡
17972660,塞克魯戈斯
19021260,奧辛紐姆
20070818,老卡羅利薩的陋屋遺跡
21119411,巴克津府邸遺跡
22170960,主田莊種植園
23219540,老灰燼興棚屋遺跡
24268118,林屯果園遺跡
25316699,老吉夫尼納的宅地遺跡
26367257,老埃利佐納的棚屋
27415851,阿茲拉斯
28464450,格里普多斯
29513989,灰燼田農莊
30563573,格羅姆戈斯
31612158,斯科東
32662733,霍穆內巴斯神龕
33712320,沼興農舍遺跡
34761870,主鹿小屋遺跡
35811451,巴勒布拉斯之石窟
36860045,沼匠的據點遺跡
37908628,老埃維洛里的棚屋
38958164,塞庫斯
40006787,主斯頓莊園遺跡
41056318,鷹屯農莊
42104904,銅田城堡遺跡
43153494,王屯府邸遺跡
44202079,老蓋爾興棚屋遺跡
45251619,老鷹斯頓棚屋遺跡
46300212,維爾姆羅克
47348809,老伊薩內的宅地
48398349,老芭芭拉的陋屋遺跡
49446944,鷹匠的據點遺跡
50496523,銅匠農舍
51546083,主匠塔遺跡
52594703,老吉夫納納的農場
53644227,綠村農莊
54692819,老巴爾比里的陋屋遺跡
55742384,王匠府邸遺跡
56790963,鄉津府邸遺跡
57840546,銅津農莊
58889129,阿恩迪威爾礦坑
59938691,綠屋種植園
60987287,格羅莫滕
62036850,爐匠莊園遺跡
63085435,鄉田莊塔遺跡
64135027,銅田莊農舍遺跡
65184571,蓋爾興小屋
66233154,蓋爾田小屋
67281744,主萊小屋
68331290,灰燼斯頓城堡
69379887,阿蘇姆勒扎之洞穴
70428469,老灰燼斯頓棚屋
71477062,雷特里
72526617,蓋爾屯莊園遺跡
73577179,爐鹿之墓窖
74625770,老維克塔拉的農場遺跡
75674380,威克田莊塔遺跡
76723903,王斯頓府邸遺跡
77774481,王興之墓穴
78823079,綠斯頓府邸遺跡
79873654,王鹿農莊遺跡
80923258,老埃維利納的宅地
81972791,德魯洛斯
83021375,沼鹿農莊遺跡
1001,曼特拉核心
1050578,你的船
2102157,你的船
1240,戰伯恩
1049851,西泰爾
2099387,巴克村農舍
3147976,老利西納的農場遺跡
4196581,彭城
5246122,老埃利佐里的農場
6294721,惡魔的祭司酒吧
7343302,黑谷
8392856,灰谷
9441459,加洛堡
10490982,小鼠與哥布林酒館
11539560,老鼠與祭司客棧
12588141,騎士谷
13636727,鄉興莊園
14685310,瑪拉的哀泣聖像
15733892,不安的龍旅店
16782477,女王的酒杯旅店
17831056,綠屯公墓
18880610,沼田農莊
19929194,梅布隆田
20977774,主萊塔
22026369,塔姆田莊
23074954,塔姆布隆
24124469,不安的巨靈酒館
25173053,老埃洛爾達的農場
26221648,鄉萊農舍
27271195,斯托牆
28319779,蓋爾屋莊園
29368370,灰燼興之要塞
30416980,阿爾德村
31466510,小鼠與巨人旅舍
32515117,教堂莫斯
33563710,爐津之墳場
34612293,老巴爾比里的宅地
35661802,王鹿小屋
36710401,特羅戈特拉斯鷹舍
37759012,埃維拉拉之秘社
38808527,王村農莊
39857113,綠興農莊
40905720,綠田宮殿
41954306,蓋爾鹿府邸
43002897,老蓋爾屯宅地
44052415,老威克翼宅地
45101001,威克屯果園
46149584,鷹村庭院
47198189,雷里奇園
48247738,瓊恩神龕
49296318,銅興府邸
50344900,灰市集
51393479,野橋
52443010,巴克匠莊園
53491588,巴克萊莊園
54540182,凱斯維奇
55588763,歡笑的哥布林酒館
56637379,王屯之據點
57686896,嚎叫的祭司客棧
58735477,羽毛與獵人酒吧
59784060,林鹿農莊
60832677,瑪拉的無盡預兆
61882194,貝爾沼
62930778,鼴鼠與哥布林旅店
63979370,老埃維洛里的農場
65027951,裂塔
66076537,綠田莊農莊
67125123,鄉萊庭院遺跡
68173712,舞蹈的城堡旅店
69223223,莫爾洛滕鷹巢
70271806,喬德神龕
71320397,長塔
72368990,老貝拉迪里的宅地
73417571,伊普田莊
74466164,中岬
75514746,死亡的雄鹿客棧
76564260,林萊果園
77612842,飛翔的刺蝟旅店
78661422,瑪拉的燃燒神諭
79710007,羽毛與衛兵旅店
80758596,基蘭劇院
81808152,凱斯萊
82856743,沼斯頓公墓
83905349,老鼠與匕首旅舍
84953929,惡棍與獾旅店
86003443,鄉鹿之墳場
87052053,阿茲加拉斯之棲所
88100632,沼田莊農莊
89150179,克羅姆卡特
90198765,鄉翼果園遺跡
91247352,威克屋府邸
92295931,主斯頓之據點
93344515,克羅姆原
94394053,哥特津
95442639,戰原
96491229,銅屯之墓窖
97539813,王田宮殿
98588403,綠萊農莊
99636985,綠田莊莊園
100685567,卡洛琳之秘社
101735112,老銅翼陋屋
102783698,雷維奇
103832291,巴克匠農舍
104880873,豬與刺蝟旅店
105930377,凱斯特里
106978964,嚎叫的獅鷲酒館
108027545,斯庫爾沃爾鷹舍
109076127,幸運的獾酒館
110124706,巴克翼農莊
111173300,堡沼
112221903,斯庫洛滕鳥舍
113271401,瑪拉的歡愉日出
114320987,綠翼公墓
115369574,瑪拉的恆在日出
116418155,霍爾牆
117466755,瑪拉的永恆之星
118515355,老利西里的棚屋
119563936,主村墓地
120613438,尖叫的巨人客棧
121662042,中萊
122710620,灰燼鹿塔
123759201,沼屋莊園
124807783,豬與狗酒館
125856377,哥特山
126905891,爐萊小屋
127954515,查鎮
129003118,王屋莊園
130052608,新里奇
131101207,灰沃克
132149789,灰井
133198425,主津種植園
134247928,主匠之塔
135296560,鄉田莊遺跡
136345139,陰井
137394635,鄉屯果園
138443214,伊魯戈斯
139491798,爐斯頓莊園
140540381,爐屋農莊
141588976,貝爾泰爾
142637554,阿尼魯戈斯之蛛網
143686134,貝爾堡
144734731,裂城
145783330,威克屋公墓
146832835,長泰爾
147881418,莫雷欣之宅邸
148930016,蓋爾鹿果園
149978637,長谷
151028121,卡洛琳祭儀所
152076705,迪斯普奇恩扎迴廊修道院
153125330,蘭沼
154173923,女王的食人魔酒吧
155222502,維克塔拉祭儀所
156271096,銅村庭院
157320556,王津農莊
158369138,范徑
159417716,巴克田墓地
160466303,鷹田莊園
161514922,老吉夫諾薩的農場
162563510,范萊赫
163612114,鄉匠農莊
164660702,瑪拉的內在預見者
165710160,長村
166758756,伊里克祭壇
167807340,王匠果園
168855976,老鼠與蠍子客棧
169904572,瑪拉的祝福之樹
170954054,瑪拉的可畏聖像
172002632,老卡羅洛爾達的陋屋
173051258,老利薩內的農場
174099839,寬門
175148461,銀侏儒旅店
176197041,白莊
177246504,金頭盔酒吧
178295098,蟾蜍與麝香鼠酒館
179343754,林津之宅邸
180392333,灰燼興府邸
181440919,羽毛與地城客棧
182490376,彭卡特
183538957,伊普原
184587543,豬與酒壺旅舍
185636133,伊普興
186684717,鷹屋種植園
187733295,狐狸與巨人酒吧
188781913,雷市集
189830491,國王的衛兵旅店
190879078,圖恩橋
191928562,騎士城荒地
192977155,賢者紀念碑
194025746,王屯農舍
195074380,老埃利津的宅地
196122967,格羅姆洛斯鷹巢
197171552,羅迪斯塔爾之要塞
198221021,深紅的鳥酒吧
199269607,霍岬
200318222,長要塞
201366803,巴克屋宮殿
202415434,耶弗瑞神龕
203464876,爐翼種植園
204513481,狐狸與侏儒旅店
205562060,鷹津墓地
206610652,威克興農舍
207659256,老鷹田宅地
208707840,蓋爾興墓窖
209756431,東岬
210805029,爐萊公墓
211853610,鄉斯頓莊園
212903055,哥特田莊
213951633,老伊西里的農場
215000248,主鹿公墓
216048839,瑪拉的可畏之魂
217098375,沼屋宮殿
218146972,爐津府邸
219195601,加洛萊
220244197,王興果園
221292780,主鹿之據點
222341380,綠翼農莊
223390821,山貓與地城旅舍
224439400,爐萊墓地
225488021,新莊
226536599,白狗酒吧
227585193,灰萊
228633796,巴克興農莊
229682391,灰郡
230730985,巴克鹿種植園
231780420,堡卡特荒地
232828998,陰莫斯
233877578,灰燼匠果園
234926179,格羅勒克爾
235974758,蝙蝠與蠍子客棧
237023362,蝙蝠與豪豬旅舍
238071993,吉夫諾納之召集所
239120597,達吉羅克蛛網
240170119,蓋爾萊庭院
241218698,迪瓦德紀念碑
242267288,鼴鼠與土撥鼠客棧
243315894,蓋爾田莊墓地
244365360,老利西里的宅地
245413944,凱斯門
246462525,主翼種植園
247511103,戰屯
248559719,戰堡
249608297,東屯
250656890,金獾酒吧
251706379,灰燼興農莊
252754972,加洛特里
253803564,巴克翼墓地
254852154,瑪拉的歌唱聖物
255900744,鼴鼠與刺蝟酒吧
256949323,惡棍與獵人旅舍
257997901,克羅姆泰爾
259046512,老銅萊陋屋
260095119,泉塔
261144543,主津公墓
262193136,林屯府邸
263241753,鄉村農莊
264290371,北沼
265338954,牛谷櫟林
266387542,黑幼鹿酒吧
267436123,瑪拉的溫柔預見者
268485622,老綠興陋屋
269534202,克羅姆萊
270582790,十字道
271631368,斯特倫納港灣
272679964,主屋宮殿
273728544,吉夫納拉秘社
274777124,瑪拉的祝福重生
275825721,銅萊莊園
276874321,鹿田莊大教堂
277922916,陰特里
278972388,班迪神龕
280021006,莫羅穆隆府邸
281069604,老主斯頓宅地
282118183,阿爾德道
283166761,老西爾斯托爾達的農場
284215361,老威克村陋屋遺跡
285264802,戰萊
286313399,爐萊莊園遺跡
287361978,西莊
288410575,王斯頓墓窖
289459164,沼田公墓
290507746,瑪拉的永恆重生
291556324,威克屯宮殿
292604904,西萊
293653492,瑪拉的祝福之光
294702074,林田莊墓穴
295750666,老埃維洛納的宅地
296799257,巴克屯莊園
297848743,阿爾丁門
298897331,鄉田莊城堡
299945913,迪斯佩比圖拉大教堂
300994491,佩拉斯提爾之塔
302043098,威克萊農莊
303091721,銅田莊之據點
304141177,瑪拉的哀泣預見者
305189780,林屯公墓
306238366,德莫吉特爾之修道院
307286953,老利索爾達的農場
308335544,主田莊公墓
309384135,銅萊莊園
310432731,林村墓穴
311481318,瑪拉的靜默神諭
312530773,威克萊農舍
313579356,阿克橋林地
314627953,沼津農莊
315676558,莫爾吉納祭儀所
316725145,阿克貝斯
317773752,銅萊農莊
318822343,威克萊果園
319870929,灰燼興宮殿遺跡
320919511,老巴爾賓的棚屋
321968978,鄉屋農莊
323017605,查倫維奇
324066231,爐村庭院
325114813,霍城
326164303,瑪拉的靜默日出
327212890,鼴鼠與鳥客棧
328261492,戰城
329310095,蓋爾匠莊園
330358682,瑪拉的恆在祭壇
331407285,鷹屋之墓穴
332456740,幸運的貓酒吧
333505348,威克翼府邸
334553928,寬塔
335602530,深紅的獾酒吧
336651114,威克興果園遺跡
337699692,長沼
338748274,老鼠與貓旅舍
339796852,紅侏儒客棧
340845450,教堂塔
341894032,中要塞
342942619,沼田莊之據點
343992106,主萊之據點
345040691,老灰燼匠棚屋
346089303,迪斯波斯大教堂
347137910,老貝拉多薩的陋屋
348186490,矮人與城堡旅店
349235956,山貓與城堡客棧
350284550,主屯之宅邸
351333149,蓋爾津府邸
352381753,莫爾吉納巫會
353430332,阿爾丁山
354478934,爐萊種植園
355527513,瓦納內秘社
356576115,瑪拉的內在祭壇
357625573,蓋爾斯頓塔遺跡
358674164,十字莫斯
359722748,野蠻的蠍子旅舍
360771346,銅村之墓窖
361819945,十字林
362868525,堡莫斯
363917141,堡堡
364965721,威克田之墓窖
366015174,瑪拉的靜默聖物
367063767,陰谷
368112363,查倫卡特
369160997,羽毛與食人魔旅舍
370209577,獅子與巨靈客棧
371258167,埃利佐爾達集會所
372307636,鄉田種植園
373356235,爐萊莊園
374404814,貝爾井
375453417,王屋農舍
376502015,裂門
377550594,鼴鼠與深坑旅店
378599177,紅顱骨酒吧
379647781,飛翔的惡棍旅舍
380697240,沼村府邸
381745889,羽毛與貓酒館
382794477,東興
383843060,綠翼庭院
384891638,瑪拉的溫柔先知
385941117,老貝拉多里的宅地遺跡
386989732,瑪拉的內在重生
388038322,威克匠果園
389086917,泉道
390135504,林萊農舍
391184082,骯髒的惡棍旅店
392232700,弗拉多莫斯之石塚
393282175,老埃拉拉的農場
394330756,灰燼斯頓墓地
395379336,爐萊莊園
396427932,加洛堡
397477467,老主田莊宅地
145840,生鏽的刺蝟旅店
1194422,銅村農莊
2243003,銅興果園
3293566,銅萊宮殿
4342144,梅市集
5390731,綠匠莊園
6440282,爐翼的據點
7488874,阿克城
8538426,死亡的巨靈酒吧
9587006,巴克屋莊園
10635589,灰燼萊城堡
11684169,蓋爾翼種植園
12732749,伊普塔
13781339,老鄉村宅地
14832862,沼萊宮殿
15881480,白獵人客棧
16931046,上泰爾盡頭
17979624,灰燼斯頓莊園
19029173,蓋爾翼莊園
20077758,銅斯頓墓地
21126345,鄉萊農莊
22174943,教堂林田
23224481,雷井
24273066,爐翼種植園
25321659,沼村墓地
26371197,白山羊旅舍
27419776,鹿屯田
28468355,老威克萊棚屋
29516944,老鷹興棚屋
30565525,迪貝拉的溫柔聖物
31614104,老吉夫諾薩的陋屋
32662687,喬德神龕
33711270,巴克屋農莊
34760803,王村墓地
35809394,查倫城
36857986,霍谷
37906578,新萊
38956133,克羅姆津
40004726,老瓦諾里的農場
41053304,哥特谷
42102844,銅鹿農莊
43151425,迪貝拉的內在聖像
44200008,灰田莊
45248586,灰燼興庭院
46297169,王匠墓地
47345748,主鹿莊園
48394341,黑村
49443871,銅屯農莊
50493453,主萊之塔
51542045,長谷園
52591627,林斯頓農莊
53641177,蓋爾鹿之墓窖
54689763,貝拉迪納祭儀所
55738344,伊普莊
56786925,鷹鹿葬地
57835503,圖恩灣
58884086,老伊西里的陋屋遺跡
59932669,喬德神龕
60982207,牛萊赫
62030797,老西爾斯提納的農場
63080365,迪貝拉的神聖聖像
64128971,鷹萊種植園
65178520,不幸的獅鷲酒吧
66227106,羽毛與狗酒館
67275685,王津農莊
68325269,蓋爾翼農莊
69374825,威克屯庭院
70423410,鷹匠小屋
71472005,鷹斯頓莊園
72520590,圖恩興
73571137,老西爾斯托納的農場
74620716,阿克谷大教堂
75669308,上塔
76717889,飛翔的狼旅舍
77767427,莫里武隆之墓室
78816047,銅萊墓窖
79865618,巴克萊莊園
80915155,上沃克公地
81963733,幸運的仙子酒吧
83012312,阿克堡
84060894,鹿山
85110472,鄉匠之墓窖
86159051,瑞恩聖物庫
87207637,鼴鼠與劍旅店
88256225,林屯塔
89305787,新津林地
90355341,骯髒的地城客棧
91403922,灰燼村果園
92452510,迪貝拉的歌唱神諭
93502081,生鏽的幼鹿旅舍
94551664,銅津墓地
95600254,林萊農莊
96649796,加洛萊
97698400,西爾斯托納巫會
98746985,莫里爾多斯
99795567,王鹿小屋
100845096,銀刺蝟酒吧
101893696,迪貝拉的可畏祭壇
102942284,威克田莊宮殿遺跡
103991826,特里塞爾拉斯
105040406,克羅姆莫斯
106088989,老王興陋屋遺跡
107138592,克羅姆谷
108188128,迪貝拉的永恆昇天
109236715,新堡
110285299,沼屯種植園
111333883,口渴的獾客棧
112382476,老埃維利里的棚屋
113432014,野蠻的酒杯旅舍
114480592,老莫爾戈里的農場
115529207,伊普村
116578766,蓋爾萊農莊
117627347,生鏽的巨靈旅店
118676892,迪貝拉的恆在祭壇
119725471,梅內維亞
120774054,銅萊農莊
121822636,銅萊府邸
122871232,王翼的衛所
123919811,巴克津農莊
124969355,長堡窪地
126017943,鄉興莊園
127066521,長津
128116109,鷹斯頓墓穴
129165655,哥特岬
130214234,鼴鼠與顱骨旅店
131262818,迪貝拉的溫柔日出
132311403,迪貝拉的聖預兆
133360947,老西爾斯提恩的農場
134409529,范林
135458128,蓋爾興公墓
136506712,貝爾堡
137556264,老莫爾加比斯的宅地
138604845,凱斯門庭院
139653430,林屋莊園
140702024,惡魔的頭盔酒吧
141750602,白劍客棧
142800129,老瓦諾里的宅地遺跡
143848730,老埃利齊維拉的農場
144897317,王津庭院
145945898,綠村農莊
146994484,綠匠農莊
148044021,惡棍與龍旅店
149092602,戰郡
150141184,灰燼翼墓窖
151189786,沼屋宮殿
152239327,貝爾布隆
153288913,灰燼津公墓
154337505,銅翼農莊
155386085,老埃維洛納的農場
156435627,裂布隆公地
157484219,埃芬神龕
158532815,威克屯莊園
159582373,山貓與龍酒館
160630961,綠萊農莊
161679540,綠田莊莊園
162729092,威克翼種植園
163777697,阿爾德特里
164826278,塔姆門盡頭
165875809,巴克屯墓穴
166924403,范郡
167972989,爐村農舍
169022534,銅田莊園
170072113,斯托津盡頭
171120697,霍爾特里
172169279,戰堡公地
173217857,迪貝拉的哀泣救贖者
174266438,爐鹿之墓穴
175315019,裂城岩
176363605,威克翼果園
177412192,老威克屯陋屋
178462721,老爐津宅地
179511307,灰燼村莊園
180559895,迪貝拉的神聖之樹
181608481,威克萊農莊
182658019,舞蹈的侏儒酒吧
183706597,查倫要塞
184755180,銀豪豬酒館
185803759,綠田莊園
186852346,阿爾丁堡
187900925,老鼠與野蠻人旅店
188949509,野谷
189999079,銅興府邸
191047666,灰燼田莊園
192096249,灰燼翼農舍
193145802,沼匠農莊
194194387,老沼斯頓陋屋
195242982,杜格羅德神龕
196292506,西堡
197341089,野蠻的雄鹿客棧
198389667,舞蹈的惡棍酒館
199438250,老威克屯棚屋
200486849,東村丘
201535428,切斯特布隆荒地
202585017,塞卡德雷德
203633596,威克屯公墓
204683105,杜尼納克挖掘場
205731682,塔馬里林巫會
206780263,埃利佐納之聚落
207828842,萊桑達斯之墓
208877459,白塔園
209926989,鷹屯庭院
210975581,奧夫威克卡姆塔遺跡
212024159,林斯頓莊園
213072779,克羅姆城公地
214122324,銅村府邸
215171867,老埃利薩的農場
216220446,塔姆伯恩
217269033,戰要塞
218319629,老瓦尼維拉的農場
219368208,主翼種植園
220417751,切斯特堡
88705,老埃利佐爾達的陋屋遺跡
1140283,耶弗瑞神龕
2188861,灰燼村之塔
3237442,爐津的據點
4288014,凱娜瑞斯的溫柔預見者
5337586,銅鹿府邸
6387167,鷹斯頓庭院
7435746,王村塔
8486321,蓋爾萊小屋
9534903,蓋爾翼農莊
10584470,爐田之堡壘
11633062,獅子與裂谷酒館
12682613,霍爾沃克
13731196,矮人與野蠻人酒館
14779787,巴克田農莊
15829331,寬里奇
16877911,賢者紀念碑
17926503,綠田公墓
18976065,沼翼城堡
20024650,泉津
21073229,彭要塞
22121811,雷橋荒原
23170397,賽伊聖物庫
24218975,鷹屋農莊
25268518,王匠農莊
26317099,老埃拉內的農場遺跡
27365688,綠田種植園
28414282,蓋爾萊農莊
29463830,灰燼匠種植園
30512422,老蓋爾萊陋屋
31561003,主翼農莊
32610552,惡棍與衛兵旅店
33659136,阿爾凱爾巫會
34707722,銅田莊城堡
35757283,老銅萊宅地
36805861,銅翼府邸
37854452,長萊盡頭
38904008,凱娜瑞斯的永恆之光
39952595,女王的狗客棧
41002158,陰市集
42050743,威克屋種植園
43099329,老莫爾戈納的陋屋
44148878,黑檀臂鐵砧
45197465,歡笑的仙子旅舍
46246051,赫齊羅格之棲所
47294642,威克興農莊
48344190,主村農莊
49392771,老鄉興棚屋
50442357,阿克山
51490939,巴克田莊宮殿遺跡
52539519,梅徑
53588098,銅屋的衛所遺跡
54636679,蓋爾匠農莊
55685258,林屯之堡壘
56734800,斯托林
57783405,領主斯塔德佐恩的古塚
58832959,蝙蝠與劍酒吧
59881539,阿爾凱爾
60930118,獅子與匕首旅舍
61978700,主興墓地
63027278,灰燼村府邸遺跡
64076858,雷伯恩
65125438,老莫爾戈爾達的農場
66174993,蓋爾斯頓農舍
67223579,吉姆·塞神龕
68272172,鷹鹿農舍遺跡
69321718,凱娜瑞斯的歡愉重生
70370313,范堡大教堂
71418891,杜尼威爾實驗室
72468458,羅迪斯塔爾採石場
73518031,女王的哥布林酒吧
74566617,巴克萊之墳場
75616176,綠村之要塞
76664762,格羅姆東鷹巢
77713343,主田莊農舍
78762907,鷹田農舍
79812492,新林
80861071,凱娜瑞斯的內在預見者
81909651,鄉翼宮殿遺跡
82960197,綠斯頓莊園
84008787,林翼種植園
85057367,杜格羅德神龕
86105949,鄉村農莊
87154528,主田莊莊園遺跡
88203107,威克興小屋遺跡
89252650,綠翼府邸
90301240,克羅姆市集
91350823,巴克斯頓農莊
92399406,幸運的巨人酒吧
93448003,西維奇
94497543,爐萊庭院
95546129,巴克匠之據點
96594713,凱娜瑞斯的泣血預見者
97643309,綠斯頓農舍
98691887,鷹鹿農莊
99741445,黑惡棍酒吧
100790032,主屋農舍
101839583,鄉田莊園
102888168,老卡羅拉比斯的棚屋
103936758,騎士萊赫
104986309,凱娜瑞斯的靜默預兆
106034901,埃迪夫威爾之實驗室
107083490,林屋莊園
108133035,陰村
109181620,灰燼萊之堡壘
110230210,蓋爾興宮殿
111278788,凱娜瑞斯的可畏之魂
112327368,歡笑的酒杯酒吧
113375955,維爾姆法恩鷹舍
114425498,鷹田莊小屋
115474109,鷹萊小屋
116523665,王津府邸
117572251,哥特郡
118621799,蓋爾興公墓
119670378,紅雄鹿酒吧
120718990,巴克田莊農莊
121767574,哥特萊
122817093,沼萊農莊
123865675,銅村農莊
124914262,凱斯伯恩
125962845,巴克斯頓庭院
127011424,威克田城堡
128060013,凱娜瑞斯的聖預兆
129108593,蓋爾萊宮殿
130157180,老瓦尼里的陋屋
131206711,莫爾迪瓦爾之實驗室
132255291,沼田莊莊園遺跡
133303884,凱娜瑞斯的燃燒之魂
134352471,白泰爾
135401064,灰燼匠農舍
136449644,灰燼斯頓府邸
137499169,灰燼田之據點
138547749,沼津莊園遺跡
139596343,巴克鹿種植園
140644922,老西爾斯托里的宅地遺跡
141693508,蘭維奇
142742090,威克興果園
143790669,圖恩徑
144840233,泉道
145889814,沼斯頓之要塞
146938407,老維克塔內的陋屋
147986986,凱娜瑞斯的恆在之光
149036537,蓋爾鹿莊園
150085124,鷹田莊之據點
151133706,尖叫的劍旅店
152183290,教堂卡特
153231868,主斯頓農莊
154281430,銅萊之塔
155330008,戰門
156378590,黑堡
157428164,老王屯宅地
158476744,綠村府邸
159525324,白野蠻人客棧
160574903,主鹿農舍
161623483,王斯頓之據點
162674061,老維克提里的陋屋
163724637,鷹田之要塞
164775214,綠屯墓地
165826796,歡笑的貓客棧
39658,國王的麝香鼠客棧
1089243,迪貝拉的哀號殉者
2139821,灰燼田府邸遺跡
3190391,老沼鹿宅地遺跡
4238974,鄉鹿墓地
5289547,綠屯塔
6338128,裂橋
7387695,中城
8437279,牛岬
9485858,迪貝拉的恆在之魂
10535422,霍谷
11584003,霍維奇
12635571,白巨人旅舍
13686147,格羅洛斯
14734731,老鼠與雄鹿旅舍
15784301,迪貝拉的哀號之魂
16832885,老埃利佐薩的棚屋
17882457,沼津農莊
18933042,蘭谷
19982600,老瓦尼里的棚屋
21031183,沃吉里拉斯蛛網
22080768,騎士萊
23129372,迪貝拉的祝福日出
24177952,灰燼斯頓果園
25227488,迪貝拉的靜默先知
26277057,白興
27325676,綠興府邸
28374255,白沃克
29423789,沼翼種植園
30472399,迪貝拉的祝福預兆
31522945,灰燼屋墓窖
32573521,陰田莊
33622100,林翼農舍
34670697,耶弗瑞神龕
35719283,巴克萊莊園
36770828,查村
37819410,王田城堡
38868003,國王的蠍子客棧
39916596,銅萊塔
40966136,灰燼興農莊
42014721,灰燼斯頓宮殿
43064282,豬與哥布林客棧
44112888,銅村農舍
45161468,巴爾特諾恩之鬼域
46211002,林田墓地
47259582,鄉屋莊園
48308184,貝爾維奇
49356770,黑雄鹿酒館
50407321,王屋府邸
51455900,綠翼農莊
52505470,爐田莊的衛所
53554059,王鹿農莊
54602643,口渴的祭司旅店
55651228,迪貝拉的哀泣之光
56700807,灰燼鹿宮殿
57749390,堡道
58798921,鼴鼠與匕首客棧
59847507,迪貝拉的哀泣救贖者
60897107,老灰燼翼宅地
61946658,紅深坑酒吧
62995246,教堂堡庭院
64044794,灰燼鹿種植園
65093380,灰燼萊農莊
66141972,陰堡
67190559,威克翼果園
68239154,灰燼翼公墓
69288702,林興宮殿
70338253,威克翼農莊
71386836,科格里亞
72435414,鷹萊庭院
73484024,林田莊農莊
74533559,老利辛的棚屋
75582159,范堡園
76630739,老鼠與匕首客棧
77679322,爐匠墓地
78728870,霍井
79778449,巴克津莊園
80827066,老利西納的農場
81876591,沼田莊莊園
82925192,長橋
83973771,班迪神龕
85023352,林田農莊
86071939,鄉村庭院
87122472,克羅姆徑
88173056,埃利佐納之巫會
89221635,王萊公墓
90270234,不幸的蠍子酒館
91319775,銅翼農舍
92368354,綠屯農莊
93416934,老綠匠陋屋
94465531,山貓與狼酒館
95514109,賢者紀念碑
96563680,沼屋農莊
97612266,喬德神龕
98661837,阿爾德城
99710424,阿爾德灣
100760979,綠萊種植園
101810565,紅祭司客棧
102859143,巴克匠小屋
103908706,薩希洛爾戈尼瓦石窟
104958267,灰燼屋農莊
106006849,東貝斯
107056408,舞蹈的龍旅舍
108104997,加洛屯
109153579,鄉屋的衛所
110202163,彭堡
111253719,巴克興農莊
112302298,山貓與野蠻人酒吧
113350878,迪貝拉的哀號之星
114399464,克羅姆塔
115450023,埃洛薩祭儀所
116498619,灰燼津農莊
117548182,陰津
118597750,鄉萊種植園
119646336,老鄉萊陋屋
120697907,老主匠陋屋
121748481,泉貝斯
122797074,黑劍酒吧
123847632,赫爾克爾
124898210,老伊西里的農場
125946790,爐田宮殿
126996372,綠麝香鼠旅店
128046945,莫魯拉姆之石塚
129097518,海狸與土撥鼠旅舍
130146110,霍屯
131195677,貢達爾德之監牢
132245248,銅興莊園
133294827,德穆格齊窪地
87641,蘭維奇府邸
1136219,西城
2184799,巴克田果園遺跡
3233377,查灣
4282925,爐斯頓之墓穴
5331513,貢迪斯塔爾之採石場
6381081,喬德神龕
7429677,蝙蝠與獵人旅店
8479247,主村宮殿
9527834,沼田莊農舍遺跡
10577382,鄉屋小屋
11625967,爐村墓窖
12675530,長貝斯
13724108,銅匠公墓
14772693,維里穆斯之墓室
15821281,奎奧文神龕
16870831,加洛興
17919431,沼田莊莊園
18968016,加洛沃克
20017544,斯丹達爾的祝福重生
21066143,霍維奇大教堂
22114723,鄉興小屋遺跡
23163301,沼萊莊園
24212882,唱維奇
25262434,侯爵馬格恩努斯之石塚
26311032,王屋庭院
27359612,綠津農莊
28409150,不安的豪豬酒吧
29457743,鷹萊公墓
30506359,綠屯之堡壘
31555875,格羅爾拉法恩
32604467,主屯莊園
33653056,堡谷
34701636,沼興農莊
35750229,老沼田宅地
36798809,斯丹達爾的神聖之魂
37848333,白堡
38896943,林田莊葬地
39945522,鷹翼農莊
40995074,東興岩
42043678,灰燼田莊農舍
43093219,老埃利扎比斯的宅地
44141808,狐狸與幼鹿旅店
45191376,新沼窪地
46239963,新泰爾
47288549,紅頭盔酒吧
48337133,沼鹿農舍
49385725,王屯府邸
50435295,鷹翼的據點
51484810,威克屯宮殿
52533402,主匠府邸
53581980,沼萊農莊
54630592,查倫塔
55679173,查倫田莊
56727755,老瓦尼里的農場遺跡
57777264,灰燼田莊農莊
58825855,威克屋農莊
59874456,老貝拉多納的農場
60923036,銀頭盔旅舍
61971614,老沼萊宅地
63021153,埃利扎比斯傳統會
64069732,不幸的豪豬客棧
65118317,鄉萊公墓
66166896,鷹屋農莊
67215475,林津果園
68264055,泉城岩
69312637,范興
70361229,灰燼村墓地
71410751,林田莊農莊
72459329,綠翼之墓窖
73507911,霍爾原
74556538,爐田府邸
75606053,王田農莊
76654646,老貝拉達比斯的陋屋
77703225,鷹萊宮殿
78751815,西要塞
79800399,教堂原
80848986,鷹翼遺跡
81898534,黑維奇荒地
82947149,威克屋之墓穴
83995730,格魯姆拉斯
85045229,斯丹達爾的可畏重生
86093819,沼翼農莊
87142429,凱斯道
88191027,堡谷荒原
89240526,查倫布隆
90289118,銅屯農舍
91337701,利西納秘社
92386301,迪斯波尼瓦洞穴
93434887,鄉津墓地
94483471,蓋爾津種植園
95532061,主屯農莊
96581550,老巴爾比納的陋屋
97630185,威克興農莊
98678777,威克屋農舍
99727372,斯托布隆
100776865,裂興
101825456,蘭特里
102874077,彭市集
103922661,泉橋
104971246,口渴的顱骨客棧
106019825,斯特倫納港灣
107069344,老維克廷的農場
108118886,凱斯城
109167477,狐狸與顱骨酒館
110216061,主鹿農舍
111264641,爐翼的衛所遺跡
112313254,斯丹達爾的內在之光
113362783,白萊赫
114412333,爐津塔
115460942,灰燼匠塔
116509537,吉姆·塞神龕
117558116,老瓦尼納的宅地
118607641,鷹萊莊園
119656225,中谷
120704813,博里安
121753395,中牆
122801987,圖恩谷
123850577,巴克萊莊園
124900095,威克興塔遺跡
125948685,綠匠莊園遺跡
126997265,主翼之墳場
128045847,雷萊
129095393,凱斯郡
130144023,主匠庭院
131192601,沼斯頓農莊
132241183,沼田莊葬地
133290702,沼屋果園
134339282,斯丹達爾的歌唱之光
135387881,銅村農莊
136436484,嚎叫的山羊酒吧
137486004,爐萊小屋
138534602,爐屋莊園
139583209,王津府邸
140632741,尖叫的貓旅店
141681355,銅萊莊園
142730887,飛翔的巨人客棧
143779471,哥特維奇荒地
144828058,貝迪斯塔爾城堡
145876656,戰津
146925239,山貓與祭司旅店
147974769,林斯頓之塔
149024343,死亡的惡棍客棧
150072936,巴克翼府邸
151121514,惡魔的祭司客棧
152170110,灰燼萊小屋遺跡
153219660,林村莊園
154268245,騎士谷
155317797,沼田莊之據點
156366377,莫爾達內礦坑
157414960,王興農莊
158463562,上特里庭院
159513114,林萊農舍遺跡
160561708,斯丹達爾的無盡殉者
161611257,銅興小屋遺跡
162660846,新山
163709425,蓋爾屋庭院
164758009,霍林
165806593,老埃利納的農場
166855171,新徑
167903751,老伊薩內的陋屋
168952330,林津之墓窖
170001864,鼴鼠與土撥鼠客棧
171050447,斯丹達爾的歡愉之樹
172099027,沼村農莊
173147613,阿爾丁市集
174198169,維羅莫斯之墳墓
175246749,斯丹達爾的燃燒祭壇
176295339,克羅姆沼
177343927,長城
178392507,白沼
179441085,鷹匠農莊
180490639,鹿興
181539223,蓋爾萊農莊
182588780,特里斯塔內深坑
183637388,老維克托納的陋屋
184686934,野萊
185735513,沼田莊庭院
186784096,野山
187832697,利托格恩之墳墓
188882250,斯丹達爾的歡愉殉者
189930839,阿克貝斯園
190980420,戰泰爾
192035017,伊普莫斯
193084591,老爐翼陋屋
194134174,老埃維洛里的農場
195183725,王鹿塔
196232322,矮人與深坑旅店
197283879,利提瓦姆之宅邸
198333451,老瓦納比斯的農場
40639,林屯城堡
1089220,主萊莊園
2137801,鄉田莊農舍
3187356,綠斯頓庭院
4235938,爐村之塔
5284535,王津城堡
6334049,威克翼宮殿
7382631,查谷
8431217,沼匠農莊
9479798,鄉田之要塞
10528385,查道荒地
11576976,骯髒的獅鷲旅舍
12626517,鷹田莊之堡壘
13675109,林津農莊
14723693,威克萊葬地
15772283,鄉萊種植園
16820865,澤尼薩爾的祝福之星
17870382,王村的據點
18918965,狐狸與顱骨客棧
19967551,爐鹿莊園
21016130,老埃利佐爾達的農場
22064709,王萊宮殿
23113299,綠興小屋
24161881,綠翼墓地
25210471,老巴爾巴內的棚屋遺跡
26259994,銀雄鹿客棧
27308595,灰燼村城堡
28357193,查倫井
29406720,巴克萊塔
30455303,灰燼萊府邸
31503886,惡棍與麝香鼠酒館
32552469,綠津的據點
33601069,鷹斯頓庭院
34650610,伊普伯恩
35699194,銅屋墓地
36747803,爐田莊宮殿
37796382,威克田莊塔
38845911,沼萊庭院
39894496,沼村莊園
40944074,銅屋府邸遺跡
41992655,灰燼田莊塔
43041237,特迪斯塔爾之地城
44089843,灰燼興農莊
45139363,老莫爾吉納的宅地
46187971,綠興莊園遺跡
47236565,生鏽的山羊旅舍
48285144,老林鹿宅地
49334674,王匠農莊
50383285,綠匠墓穴
51431863,綠鹿府邸
52480441,哥特莊公地
53529019,林村農莊
54578547,主萊之要塞
55627127,銅匠城堡遺跡
56676710,蓋爾翼墓窖
57725288,鹿井
58773868,班迪神龕
59822465,羽毛與裂谷酒吧
60871059,范屯
61920598,沼翼之墳場
62969197,鄉村農舍
64017775,沼萊莊園遺跡
65066366,灰燼斯頓農莊
66115885,蓋爾匠的據點
67164473,塔姆堡窪地
68213052,貢迪里克之感化監獄
69261633,塔姆泰爾
70311196,銅斯頓塔
71359774,口渴的豪豬客棧
72408378,澤尼薩爾的燃燒之魂
73456957,坎布里亞
74505540,澤尼薩爾的靜默殉者
75555084,鷹匠農莊
76603679,鷹斯頓果園
77653219,鄉屯府邸遺跡
78701821,威克匠塔遺跡
79750411,哥特維奇
80799978,巴克翼小屋
81848566,沼屯塔
82897151,灰燼村莊園
83946682,鹿萊
84995263,鷹萊城堡
86043842,上道
87092430,蘭郡
88141013,騎士山
89189596,杜克內克羅梅胡隆城堡
90239114,唱門
91287708,老埃拉比斯的農場
92336301,蓋爾村種植園遺跡
93384888,爐翼農莊
94433474,王斯頓農莊
95482982,教堂田莊
96531561,主村種植園
97580143,主興農莊
98628750,老西爾斯提薩的農場
99677349,綠萊莊園遺跡
100725932,王屯農莊
101775436,白酒壺旅店
102824046,灰燼鹿農莊
103872637,老埃維拉拉的農場遺跡
104921232,威克萊果園
105970759,老埃利佐里的陋屋
107019358,綠翼塔
108067943,老維克托爾達的陋屋
109116527,鷹萊之堡壘
110165105,澤尼薩爾的溫柔祭壇
111213685,爐萊之墓穴
112262266,林翼之要塞
113310844,威克村莊園遺跡
114360344,銅屯宮殿
115409001,鷹興之據點
116458503,牛堡
117507104,奎奧文神龕
118555684,鷹田種植園
119604268,馬魯格魯拉窪地
120652852,馬格恩澤扎爾之墳墓
121701430,卡羅利里之集會所
122750011,牛灣
123798597,爐匠墓窖
124847190,凱斯沼
125895771,巴克匠之據點
126944350,不安的豪豬旅舍
127993843,綠翼之堡壘
129042429,威克興莊園
130091012,深紅的城堡客棧
131139621,野城
132188200,老鷹田莊宅地
133237729,灰燼田果園遺跡
134286311,銅鹿塔遺跡
135334906,銅匠的衛所
136383491,鷹屋之堡壘
137432088,林鹿之堡壘
138480686,巴克津的據點遺跡
139530171,綠翼農莊
140578755,蓋爾屯農莊
141627350,蓋爾村宮殿
142675954,鷹田莊之據點
143724535,主屋農莊
144773134,灰燼斯頓公墓
145822629,銀獾客棧
146871208,老瓦尼里的陋屋
147919799,澤尼薩爾的可畏聖物
148968378,巴克萊的據點
150016960,銅鹿城堡遺跡
151065577,老銅屋陋屋
152114156,海狸與仙子酒館
153162735,巴克鹿莊園
154212242,圖恩郡
155260822,林田莊之要塞
156309400,威克津莊園
157357988,澤尼薩爾的哀泣日出
158406578,鷹斯頓府邸遺跡
159455161,蝙蝠與惡棍旅店
160503747,老埃維洛里的陋屋
161552346,巴克津庭院
162600934,埃迪夫斯塔爾之據點
163650415,梅原
164699010,灰燼津農莊
165747612,爐翼墓地
166796208,老威克興陋屋
167844792,小鼠與雄鹿酒館
168893386,梅津
169942882,鄉屋庭院
170991480,貝爾津
172040062,巴克萊之墓窖
173088654,綠匠莊園遺跡
174137238,塞克托爾
175185834,綠匠塔
176234415,綠屯府邸
177282996,澤尼薩爾的歡愉重生
178332507,不安的鳥酒吧
179381102,長維奇
180429680,貝迪斯提爾採石場
181478273,鄉村府邸
182526857,格里普德雷德
183575435,蓋爾萊之堡壘
184624934,澤尼薩爾的永恆之魂
185673512,鼴鼠與狗酒館
186722090,彭谷
187770671,彭維奇
188819280,灰燼萊塔遺跡
189867868,沼津種植園
190916472,澤尼薩爾的燃燒救贖者
191965054,嚎叫的匕首旅店
193014549,巴克田莊府邸
194063133,蓋爾屋農莊
195111730,老利西薩的宅地
196160308,爐津莊園遺跡
197208897,不安的野蠻人酒館
198257516,沼萊莊園
199306096,灰維奇
200355575,老貝拉迪納的陋屋
201404179,林田之據點
202452760,烏提里克實驗室
203501350,堡萊
204549936,澤尼薩爾的靜默救贖者
205598517,鷹斯頓公墓
206647108,巴克興莊園
207695686,老巴爾博里的農場
208745187,銀哥布林客棧
209793770,澤尼薩爾的無盡殉者
210842348,林津墓地
211890964,死亡的雄鹿客棧
212939562,裂林
213988151,不幸的雄鹿旅舍
215036730,埃迪夫斯提爾收容所
216085309,斯托莫斯
217133888,鷹田莊莊園
218183376,威克田莊農舍遺跡
219231966,蘭井
220280564,威克屯之要塞
221329150,鄉村宮殿
222377739,威克斯頓農莊遺跡
223426330,查倫莫斯
224475827,牛特里自治鎮
225524419,阿拉比斯提爾深坑
226573004,林興果園
227621586,伊里克祭壇
228670176,鄉鹿農莊
229718756,鼴鼠與狗旅店
230767349,新維奇
231815931,威克興府邸
232865430,王興墓地
233914025,鷹田莊園
234962629,老吉夫納比斯的宅地
236011218,堡堡
237059796,鄉匠農莊
238108402,陰特里園
239157908,克羅姆谷
240206490,灰燼萊小屋遺跡
241255074,威克萊小屋遺跡
242303652,不幸的仙子旅舍
243352243,爐匠農莊
244400835,銅斯頓宮殿遺跡
245449429,威克田農莊
246498013,鷹萊莊園
247546591,寬維奇丘
248596070,弗拉迪沃爾之古塚
249644671,王匠莊園
250693252,綠斯頓宮殿
251741830,阿爾丁萊
252790418,林萊農莊
253839007,澤尼薩爾的神聖之光
254887585,鄉興種植園
255936163,鄉斯頓農莊
256984744,威克興府邸遺跡
258033338,灰燼屯府邸
259081923,阿爾丁道
260131425,特里塞拉霍斯
261180032,爐村莊園
262228613,巴爾塔諾斯府邸
263277202,女王的顱骨旅店
264325780,綠翼莊園
265374381,小鼠與狗旅舍
266423865,黑檀臂鐵砧
267472443,主匠農舍
268521024,沼田墓地
269569612,爐田農莊
270618190,王萊果園
271666769,海狸與獵人客棧
272715381,主田莊之墓穴
273763974,骯髒的深坑旅店
274812562,蓋爾鹿農舍
275861145,巴克村的據點
276910629,老瓦尼維拉的農場
277959218,鼴鼠與仙子酒館
279007805,蓋爾萊農舍遺跡
280056391,阿爾德堡
281104976,澤尼薩爾的靜默聖像
282153597,巴克翼種植園
283203078,羽毛與野蠻人酒館
284251687,澤尼薩爾的溫柔殉者
285300297,巴克斯頓農莊
286348875,巴克鹿府邸
287397479,黑檀臂鐵砧
288446960,沼鹿公墓
289495540,澤尼薩爾的燃燒日出
290544126,王津庭院
291592723,豬與幼鹿客棧
292641309,王屋種植園
293689887,澤尼薩爾的祝福祭壇
294738467,鷹屯莊園
295787998,梅谷
296836584,威克興之要塞遺跡
297886192,小鼠與狼旅店
298935734,綠翼之據點
299984318,鄉萊莊園
301033874,杜尼瓦爾實驗室
302082457,爐萊農莊
303131035,澤尼薩爾的哀泣之魂
304179616,老王興宅地
305229202,主翼農莊
306277783,主津府邸
307327328,巴克鹿農莊
308375923,阿拉博雷礦坑
309424503,老灰燼屋棚屋
310474064,中橋
311523638,格里波拉斯
312572229,鄉翼宮殿
313620809,爐屯府邸
314669389,綠匠城堡
315718944,基蘭劇院
316768522,范萊
317817107,灰燼斯頓種植園
318866685,阿克萊
319915263,威克萊府邸
320964848,澤尼薩爾的溫柔之魂
322014420,查堡
323063985,威克田城堡
324112563,蓋爾屯府邸
1456,老威克津陋屋
1050051,威克村農莊
2098677,鷹興農莊
3147255,老莫爾吉薩的農場
4195849,西堡
5244438,巴勒斯之洞穴
6293927,威克田莊墓穴
7342505,斯丹達爾的燃燒救贖者
8391162,阿爾丁要塞
9439761,阿爾丁泰爾
10489287,主萊之塔
11537865,鷹屋小屋
12586478,老吉夫尼薩的棚屋
13635091,老吉夫諾薩的棚屋
14684518,特達斯提爾實驗室
15733122,斯丹達爾的靜默之魂
16781738,老瓦諾里的棚屋
17830381,斯丹達爾的溫柔殉者
18878969,范塔
19928388,阿克徑
20976993,巴克翼種植園
22025627,斯克菲恩通巫會
23074204,老巴爾賓的農場
24122831,老巴爾博爾達的宅地
25172292,爐匠府邸
26220886,長谷
27269468,老王鹿棚屋
28318092,女王的頭盔客棧
29366692,王鹿之據點
30415274,不幸的侏儒旅店
31463855,羽毛與惡棍酒館
32512449,長道
33561041,白谷
34610458,霍爾徑
35659041,爐萊之堡壘
36707631,貝爾山
37756318,斯丹達爾的歌唱救贖者
38805781,銅匠庭院遺跡
39854365,林萊莊園
40902944,老吉夫納內的宅地
41951533,幸運的巨人酒吧
43000161,惡魔的地城酒吧
44048753,老爐鹿宅地
45097375,沼田莊墓地
46145953,寬郡
47195372,灰燼津農舍
48243953,斯丹達爾的可畏預兆
49292558,主田莊莊園
50341174,主屋府邸
51389760,沼翼種植園
52438364,爐鹿公墓
53486953,銅匠莊園
54536396,林萊之據點
55584997,老鄉斯頓陋屋
56633620,查郡
57682208,查卡特
58730788,灰燼村農舍
59779387,威克興莊園
60827977,威克田農莊
61876559,加洛郡
62925151,老鷹田莊宅地
63974591,蓋爾萊莊園
65023213,斯特倫納港灣
66071806,爐田莊之堡壘
67120446,綠匕首客棧
68169049,斯丹達爾的祝福之魂
69218512,灰燼屯農莊
70267101,新津
71315716,新原
72364306,老主屋陋屋
73413782,綠村之堡壘
74462360,老鄉屋宅地
75510945,爐津莊園
76559529,爐村府邸
77608130,老鷹村棚屋遺跡
78656714,銅鹿塔
79705295,老莫爾加納的棚屋
80753923,斯丹達爾的哀泣之魂
81802501,綠津之墳場
82851111,斯丹達爾的祝福殉者
83900533,老沼萊陋屋
84949122,銅萊莊園
85997710,王翼府邸
87046292,梅城
88094879,斯丹達爾的祝福預兆
89143463,唱伯恩
90192101,爐田莊種植園
91240689,阿恩迪克托爾學院
92289267,唱泰爾
93337860,沼興之墓穴
94387320,長城
95435975,白堡庭院
96484559,斯丹達爾的歡愉重生
97534020,老伊薩比斯的農場
98582607,東谷
99631306,鷹萊農莊
100679902,主斯頓葬地
101728481,主匠城堡
102777931,薩哈恩克斯之神殿
103826523,貝拉多爾達之集會所
104875174,綠翼塔遺跡
105923753,阿爾丁谷
106972351,斯丹達爾的哀泣預兆
108021788,銅斯頓莊園
109070372,老埃維洛薩的棚屋
110118975,黑裂谷酒吧
111167628,沼津種植園
112216214,銅屯莊園
113265666,白地城客棧
114314247,上萊
115362837,霍莊
116411423,老埃洛里的農場
117460106,十字郡
118509560,基蘭劇院
119558154,陰堡
120606825,灰燼鹿之據點
121656292,巴克屋農舍
122704970,迪斯佩賓澤薩之洞窟
123753556,教堂里奇
124802136,蓋爾村莊園
125850714,教堂貝斯
126900155,威克屯莊園
127948735,巴克翼城堡遺跡
128997322,鷹斯頓果園
130046025,銅屯的據點
131094603,佩里瓦爾之實驗室
132144048,黑堡田
133192729,鹿要塞
134241312,上泰爾
135289892,巴克津塔
136338477,爐興種植園
137387903,主鹿莊園
138436486,梅岬
139485064,爐鹿塔遺跡
140533642,塔姆要塞
141582225,國王的哥布林酒吧
142630804,綠萊府邸
143679390,綠萊庭院
144727974,蓋爾屋農莊
145776658,灰燼斯頓之要塞
146825241,查倫萊赫府邸
147874677,斯丹達爾的聖預見者
148923264,灰燼田莊庭院
149971958,威克萊農莊
151020536,老瓦尼納的農場
152069968,埃芬神龕
153118551,老鄉村陋屋
154167131,老爐興陋屋
155215718,烏提斯塔爾城堡
156264304,特里塞爾古之蛛網
157312996,東鎮
158361575,寬布隆
159410157,威克田莊農莊
160459605,綠斯頓農莊
161509172,雷卡特
162558740,灰燼萊塔
163607340,爐田莊園
164656885,唱津
165705470,老銅匠宅地
166754051,林萊之據點遺跡
167802633,綠鹿農莊
168852201,西堡
169900783,阿恩迪斯塔爾實驗室
170950357,爐興庭院
172000921,野道
173049503,鷹匠種植園
174098086,鷹萊墓地
175147641,弗里吉亞斯
176196242,霍爾道窪地
177244821,林鹿農莊
178294380,阿諾特拉斯
179342980,裂莫斯
180392522,沼翼庭院
181441128,林田之墓穴
182490678,灰屯
183539258,灰維奇
184587840,鹿津
185636418,鹿灣府邸
186685988,阿克維奇
187734576,林田莊果園
188783157,梅堡
189831735,鄉津農莊
190881289,老主田宅地
191929882,主萊農莊
192979447,巴克萊農莊
194028025,主斯頓農舍遺跡
195076613,灰燼屋種植園
196125191,斯丹達爾的燃燒預見者
197173771,威克鹿城堡
198222350,爐鹿遺跡
199271908,鄉翼種植園
40426,斯丹達爾的內在日出
1090027,寬谷
2139575,維克提里交會所
3188158,阿恩加托爾蛛網
4236737,斯丹達爾的泣血日出
5285361,蘭牆
6334915,鷹萊府邸
7384454,騎士門
8433063,蟾蜍與惡棍酒館
9481667,爐田莊園
10531196,斯丹達爾的哀泣祭壇
11579801,梅興
12629334,斯丹達爾的靜默重生
13677946,爐萊種植園
14726540,爐翼農莊
15776110,寬灣
16825681,沼翼農莊
17874275,沼屯農莊
18923795,老莫爾戈里的農場
19972377,阿克萊赫
21020963,斯丹達爾的哀號救贖者
22069547,威克屯之據點
23118133,巴克津府邸
24167677,王屋府邸
25216271,王屋塔
26264853,綠屯農莊
27313434,鼴鼠與土撥鼠酒館
28362019,蓋爾鹿的衛所
29410600,嚎叫的酒杯旅店
30460139,貢迪威爾之監牢
31508740,主鹿宮殿
32557332,蓋爾村之據點
33606869,斯丹達爾的歌唱之樹
34655450,巴克屯庭院遺跡
35704029,老巴爾博里的農場
36752622,蓋爾萊宮殿
37801201,爐翼塔
38849790,主屋農莊
39899311,黑市集
40947916,灰興
41996499,鷹津小屋
43045089,斯丹達爾的神聖預見者
44095670,鷹津城堡
45144254,老主屯陋屋
46193771,鄉屋之塔
47242358,霍爾沼
48290956,威克津城堡遺跡
49339554,貝爾城
50389125,蓋爾屋農莊
51438655,沼斯頓種植園
52487260,唱維奇
53535849,老林翼棚屋遺跡
54585405,彭牆
55634951,蓋爾村公墓
56683541,野牆
57732127,斯丹達爾的神聖重生
58781737,斯丹達爾的祝福之樹
59832316,貝迪瓦爾之據點
60881832,沼屋之據點
61930423,綠萊農舍
62979007,切斯特里奇盡頭
64027618,新伯恩
65077141,斯丹達爾的哀泣聖像
66125730,飛翔的獵人旅舍
67176297,馬雷里瓦大教堂
68224886,老林匠陋屋
69273496,斯丹達爾的燃燒之星
70323013,斯丹達爾的溫柔之魂
71371599,老伊薩比斯的陋屋
72420184,老埃利扎內的陋屋
73468794,灰燼屯公墓
74518329,阿爾德田莊
75566940,主萊農莊
76616489,鷹斯頓小屋
77665098,西鎮
78713685,老埃維拉比斯的棚屋
79763206,伊普郡自治鎮
80811787,老吉夫諾爾達的農場
81860387,斯丹達爾的哀泣神諭
82909930,王興果園
83958519,牛沃克
85007100,凱斯里奇
86055681,老維克塔內的農場
87104261,主萊之據點
88152856,林津府邸
89201443,鄉田的衛所
90250957,蓋爾田農莊
91299575,蓋爾萊莊園
92349115,沼津庭院
93397699,沼村農莊
94446283,東伯恩
95494863,東城
96543449,斯丹達爾的可畏神諭
97592041,綠田莊莊園
98641574,西岬
99690170,特羅吉拉斯
100738759,國王的惡棍酒館
101787338,蓋爾鹿農莊
102835923,埃迪夫克托爾城堡
103885463,阿爾丁谷
104934053,新岬
105983617,斯丹達爾的祝福先知
107032197,爐萊之要塞
108080775,林翼種植園
109130328,爐翼的據點
110178917,白郡
111227510,沼萊農莊遺跡
112276106,鄉屋府邸
113325639,王萊墓窖
114374226,圖恩里奇
115422807,爐屋農舍
116472359,泉市集
117520941,銅屋農舍
118569558,內克羅馬諾斯府邸
119619083,威克村農莊遺跡
120667680,斯丹達爾的無盡殉者
121716259,老綠萊棚屋
122764849,綠田莊農莊
123813428,十字城
124862010,斯丹達爾的聖救贖者
125911573,鷹屯莊園遺跡
126960151,霍穆納托爾貢洞窟
128009699,伊普布隆
129058284,蓋爾萊莊園
130106904,黑麝香鼠旅店
131156425,老銅萊陋屋
132205025,鄉村之墓穴
133253613,綠屋農莊
134303180,斯丹達爾的泣血殉者
135351781,塔姆里奇
136401306,斯托里奇
137449912,斯托貝斯
138499485,王田之墓窖
139548076,教堂城
140596665,中伯恩
141646185,灰塔
142694800,灰燼翼之據點
143744352,堡田莊
144792954,林萊公墓
145841546,老西爾斯提里的陋屋
146891090,沼屋種植園
147939668,銅津農莊
148988254,查倫山
150037790,裂堡林地
151086376,主屋之據點
152134956,貝迪斯提爾實驗室
153183556,瓦諾爾達之教團
154232141,威克田莊農舍
155280733,鷹屋農莊
156330273,王興農莊
157379823,克羅姆堡
158429427,灰燼村莊園
159478022,老巴爾賓的農場
160527554,王興種植園
161576134,斯丹達爾的溫柔之光
162624714,莫爾法恩
163673305,林田之要塞
164721908,霍爾城
165770488,堡伯恩
166819068,陰泰爾
167868601,裂維奇
168917190,主田莊果園
169965779,主屋種植園
171015336,鷹興莊園
172063916,王鹿公墓
173113521,凱斯岬
174162106,梅勒塞納之洞穴
175211615,塔姆萊
176260251,鄉萊農莊
177308831,羽毛與衛兵旅店
178358347,烏提威爾收容所
179406944,特里斯提瓦爾之塔
180455523,阿爾德興
181504103,銅翼之據點
182552692,爐萊莊園
183602239,獅子與野蠻人旅舍
184650852,奧夫科佩拉姆塔遺跡
185699433,老維克塔拉的農場
186748949,蝙蝠與城堡旅店
187797531,蓋爾斯頓農莊
188846154,沼萊果園
189895666,威克鹿農舍遺跡
190944250,巴克斯頓農舍
191992848,灰燼鹿農莊
193041474,矮人與獵人客棧
194090974,威克鹿農莊
195139567,鷹田莊農莊
196188162,山貓與劍酒吧
197236748,野布隆
198285346,銅屯農莊
199334851,林鹿農舍
200383442,斯丹達爾的可畏之星
201432029,戰鎮
202480611,爐斯頓果園
203529201,灰燼屋莊園遺跡
204577807,戰布隆
205627324,鷹村莊園
206675936,灰山
207724515,泉卡特
208773094,斯丹達爾的永恆之樹
209822609,舞蹈的城堡酒吧
210871197,銅津公墓
211919791,綠興庭院
212968376,銀鳥旅舍
214017910,王鹿果園
215066509,裂城
216116105,阿爾丁岬
217164700,巴克鹿的衛所
218213295,沼田小屋
219262805,老莫爾吉維拉的農場
220311402,沼津宮殿
221360008,王屋之據點
222409524,威克田宮殿
223458105,鷹鹿農莊
224506691,特里塞拉斯
225555274,貝爾橋自治鎮
226603883,銅津種植園
227652473,巴克田莊園
228702032,中里奇
229752574,斯丹達爾的祝福重生
230801156,老瓦納納的農場
231849759,主屯農舍
232898373,主村之據點
233946952,爐興農莊
234996441,維爾曼貢
236045019,斯丹達爾的神聖昇天
237093597,威克田種植園
238142213,爐屯的據點
239190801,威克田莊墓地
240239400,堡維奇
241287979,十字維奇
242337485,梅蘭齊神龕
243386069,克羅姆維奇盡頭
244435695,戰谷
245484283,鄉匠墓穴
246533809,查倫谷櫟林
247582390,林興庭院
248630973,林斯頓農莊
249679560,斯丹達爾的泣血重生
250728157,巴克田莊宮殿
251777745,主田墓地
252828289,林斯頓莊園
253876881,老銅鹿陋屋
254926425,斯丹達爾的可畏先知
255975021,蝙蝠與獾旅店
257023603,陰貝斯
258073192,蓋爾萊農莊
259121773,主萊農莊
260170351,特丁監獄
261219890,裂堡
262268484,唱堡
263317065,巴克屋種植園
264366591,蓋爾鹿莊園
265415203,斯丹達爾的哀泣之星
266463817,鼴鼠與麝香鼠酒吧
267513323,國王的狗酒館
268561915,鄉興之塔
269611503,老埃利維拉的農場
270660106,上谷
271708691,伊普萊赫
272757269,蓋爾萊塔
273806816,主匠宮殿
274855413,塞諾克爾
275904937,烏爾瓦斯
276953516,蘭堡府邸
278002109,野郡
279050690,灰燼萊小屋
280099290,銅村的衛所
281147880,主翼莊園
282197416,老吉夫尼薩的農場
283246010,鄉田宮殿
284294592,東山
285343172,爐村莊園
286392708,沼田莊莊園
287441318,長村
288489909,老埃利扎納的棚屋
289539439,銅田之要塞
290588018,泉井庭院
291640611,斯丹達爾的歡愉預見者
1297,王鹿庭院遺跡
1049876,威克屯的據點
2098464,蟾蜍與食人魔旅舍
3147047,王田庭院遺跡
4195626,鄉鹿農莊
5244205,白酒杯酒吧
6292797,蓋爾田墓窖
7341378,鼴鼠與匕首客棧
8389960,王屯莊園
9438540,鷹匠莊園
10487128,女王的劍旅店
11535708,林屋農莊
12584286,沼翼之要塞
13632871,老埃利扎納的宅地遺跡
14681465,死亡的幼鹿酒吧
15730046,主興城堡
16778649,爐鹿莊園
17828080,德馬提恩克斯之巢穴
18876659,長灣
19925250,飛翔的貓酒吧
20973829,塞克羅格巢穴
22022430,銅匠城堡
23071033,伊普堡
24119611,伊普城
25168194,威克鹿墓地
26216777,雷沼
27265355,貢達爾德礦脈
28313940,主屯莊園
29362539,圖恩城
30411122,沼興農莊
31459706,鷹興塔
32508294,王田之墓穴
33557745,林興莊園
34606375,骯髒的麝香鼠旅舍
35654957,吉姆·塞神龕
36703554,老貝拉迪薩的棚屋遺跡
37752134,綠萊塔
38800718,老鷹鹿宅地遺跡
39849310,爐屯府邸遺跡
40897906,嚎叫的惡棍旅店
41947359,鹿特里
42995938,瑪拉的無盡預見者
44044538,鹿田莊
45093147,巴克屯之堡壘
46141754,霍穆諾恩之洞穴
47190333,威克萊城堡
48238930,綠萊墓穴
49287508,飛翔的仙子客棧
50336937,綠田莊之堡壘
51385533,鷹田莊園
52434127,瑪拉的泣血之光
53482713,主興的據點
54531296,鄉屋農莊
55579894,凱斯維奇
56628480,綠屋塔
57677067,老灰燼萊棚屋
58725649,威克萊農莊
59774227,凱斯谷林地
60822834,堡維奇
61871412,鷹鹿府邸
62919991,林田莊農莊
63969437,小鼠與巨人酒館
65018028,舞蹈的劍酒館
66066606,主萊府邸
67115184,查倫谷
68163794,查倫牆
69212378,瑪拉的恆在先知
70260962,王田莊莊園
71309541,瑪拉的永恆之光
72358129,綠翼果園
73406709,賢者紀念碑
74455287,綠地城旅舍
75503871,鷹翼塔
76552467,歡笑的鳥旅舍
77601058,莫爾達爾德學院
78649638,爐村農莊
79699065,霍爾山
80747702,瑪拉的溫柔聖物
81796286,威克匠果園
82844864,瓦諾薩傳統會
83893444,鷹屋莊園
84942061,鷹津農莊
85990674,舞蹈的地城客棧
87040110,阿爾德堡
88088699,沼田莊果園
89137293,東萊
90185878,老王津棚屋
91234466,老王村棚屋
92283050,綠匠宮殿
93331632,羽毛與龍旅舍
94380212,東莊
95428791,蓋爾屯果園
96477369,口渴的龍酒吧
97525947,威克村果園遺跡
98574528,寬萊
99623109,瑪拉的哀泣神諭
100671689,瑪拉的哀號昇天
101720270,王匠農莊
102768877,老維克提薩的宅地
103818331,瑪拉的祝福殉者
104866910,中林
105915557,鄉翼之墳場
106964139,國王的蠍子酒吧
108012729,瑪拉的永恆救贖者
109061308,蝙蝠與獾酒館
110109889,女王的獅鷲酒吧
111158474,巴克萊莊園
112207073,巴克翼小屋
113256521,鷹翼莊園
114305099,埃芬神龕
115353699,金哥布林酒吧
116402287,瑪拉的溫柔預兆
117450865,銅斯頓塔
118499453,老爐津棚屋
119548034,豬與鳥旅舍
120596618,威克匠莊園
121645208,老貝拉達內的農場
122693786,老瓦諾爾達的宅地遺跡
123742365,老鷹津陋屋
124790959,林村莊園
125840425,瑪拉的聖預見者
126889003,爐田莊墓地
127937608,沼田莊園
128986215,爐萊農莊
130034799,王萊果園
131083385,泉莫斯
132131966,泉里奇
133180587,老維克托薩的農場
134229169,瑪拉的恆在之魂
135278614,老吉夫諾里的農場
136327193,林鹿小屋
137375784,鄉屯府邸
138424364,灰燼斯頓之塔
139472958,歡笑的巨靈酒館
140521542,老巴爾博里的棚屋
141570121,海狸與巨人酒吧
142618707,牛門
143667307,阿爾丁井
144715891,巴克津之堡壘
145764473,銅鹿莊園
146813052,芬恩庇所
147861642,賽伊聖物庫
148910231,主屋公墓
149959655,野貝斯
151008242,蓋爾匠莊園
152056821,上伯恩
153105412,主鹿府邸
154153993,上貝斯
155202574,沼萊莊園
156251176,惡棍與深坑旅舍
157299766,爐田莊之據點
158348344,王鹿農莊
159396931,阿格里斯塔爾之地城
160445516,上堡
161494103,嚎叫的貓酒吧
162542685,老蓋爾屯宅地
163591276,騎士屯
164640727,堡橋
165689315,老沼斯頓棚屋
166737893,沼翼農莊
167786472,灰燼津府邸遺跡
168835099,狐狸與頭盔旅店
169883689,鄉津莊園遺跡
170932280,堡灣
171980873,蓋爾萊果園
173029452,蓋爾屯種植園
174078039,主匠莊園
175126633,梅伯恩
176175211,威克翼公墓
177224646,巴克屋小屋
178273279,巴克津宮殿
179321864,灰燼屯莊園
180370455,瑪拉的內在日出
181419062,威克萊果園
182467645,克羅姆維奇
183517136,裂要塞丘
184565717,特羅古東蛛網
185614301,戰岬
186662881,瑪拉的哀泣聖像
187711475,埃芬神龕
188760054,主津之墓穴
189808650,瑪拉的聖祭壇
190857232,戰谷
191905815,綠翼農莊
192954407,蓋爾屯莊園
194002990,鄉興之據點遺跡
195051575,鷹斯頓墓穴
196100156,西維奇
197149590,威克興之要塞
198198171,巴克斯頓宮殿
199246754,圖恩谷
200295335,老灰燼萊宅地
201343914,杜格羅德神龕
202392500,瑪拉的歌唱之光
203441088,主斯頓莊園
204489666,沼鹿小屋
205538253,沼田莊農舍
206586849,林興城堡
207635431,銅翼農莊
208684028,王萊之塔
209732615,綠萊種植園
210781203,瑪拉的溫柔神諭
211830657,灰燼匠府邸
212879245,查徑
213927834,威克翼府邸
214976428,爐匠的據點
216025016,綠獾客棧
217073595,加洛田莊
218122174,男爵莫林金之鬼域
219170770,巴克翼府邸
220219355,加洛布隆
221267937,灰燼匠小屋
222316533,泉村
223365111,威克田莊園
224413694,瑪拉的永恆之樹
225462280,泉牆
226510858,范村
227560276,王興農莊
228608870,新山園
229657459,瑪拉的恆在聖物
230706058,阿克林
231754636,阿克鎮
232803218,威克屋城堡
233851803,野堡
234900399,野村庭院
235948977,鄉村之要塞
236997583,塔姆堡
238046163,沼屯之據點
239094741,巴林齊之神殿
240144201,霍爾莫斯
241192779,林萊城堡
242241364,巴克田農莊
243289943,老卡羅拉比斯的農場
244338521,因弗奧沃恩的墳墓
245387101,林田之據點
246435693,瑪拉的內在預見者
247484293,主村果園
248532877,紅刺蝟酒吧
249581467,沼萊農莊
250630058,霍爾林
251678636,銅屯農舍
252727216,陰沃克
253775801,鄉田的據點遺跡
254824386,蓋爾田果園
255872964,班迪神龕
256921546,瑪拉的燃燒殉者
257970135,鄉田莊庭院
259019547,鷹匠種植園
260068141,老吉夫尼里的陋屋
261116726,不安的貓酒館
262165326,瑪拉的靜默之魂
263213935,舞蹈的酒壺酒吧
264262514,灰燼匠農莊
265311096,埃芬神龕
266359696,老威克鹿陋屋
267408278,綠萊城堡遺跡
268456858,老莫爾加拉的陋屋遺跡
269505436,德珍旅舍
270554022,銅萊公墓
271602607,瑪拉的祝福神諭
272651194,寬興
273700615,薩胡格克斯之大教堂
274749212,鄉田莊園
275797796,西津
276846374,西市集丘
277894960,切斯特橋
278943544,王津莊園
279992122,老埃利齊納的農場
281040703,切斯特貝斯
282089298,彭伯恩
283137893,林翼農莊
284186473,彭貝斯府邸
285235078,瑪拉的可畏聖像
286283674,鄉興農莊
287332261,瑪拉的泣血預見者
288380839,沼萊果園遺跡
289430263,老維克提維拉的棚屋遺跡
290478848,圖恩津林地
291527426,主村庭院
292576006,主匠農莊
293624598,梅洛爾貢之巢穴
294673182,迪瓦德紀念碑
295721765,老莫爾加比斯的農場遺跡
296770351,王萊小屋
297818949,綠興莊園
298867541,綠田種植園
299916121,蓋爾鹿農莊
300964709,口渴的麝香鼠旅舍
302013287,阿爾丁維奇
303061866,老主津棚屋
304110453,阿爾丁橋
305159035,老伊薩比斯的農場
306207616,黑灣
307256209,蟾蜍與深坑旅店
308304787,瑪拉的永恆神諭
309354224,瑪拉的溫柔昇天
310402836,伊里克祭壇
311451425,阿克塔
312500009,沼村府邸
313548587,梅要塞
314597170,女王的野蠻人酒吧
315645750,巴克鹿庭院
316694329,德珍旅舍
317742921,莫爾科斯窪地
318791515,蓋爾興果園
319840111,主田府邸
320889540,長萊赫
321938142,銀哥布林酒吧
322986721,鄉田農舍
324035305,蓋爾屯農舍
325083896,維加東巢穴
326132485,貢迪里克實驗室
327181096,威克津種植園
328229701,瑪拉的燃燒預見者
329278280,林屯城堡
330326864,威克萊府邸遺跡
331375456,巴克萊種植園
332424037,長塔
333473446,貝爾谷
334522044,陰牆
335570645,維格里爾神龕
336619236,盧爾吉夫奇城堡
337667824,瑪拉的無盡重生
338716424,斯托谷
339765028,綠村種植園
340813606,斯托道
341862198,山貓與顱骨酒館
342910788,阿爾德徑
343960226,巴克萊莊園
345008827,羽毛與哥布林客棧
346057425,鄉匠塔
347106029,哥特萊
348154611,矮人與狼旅舍
349203190,瑪拉的哀泣預兆
350251769,巴克翼城堡
351300357,銀巨靈旅店
352348974,王屯果園
353397554,瑪拉的歡愉日出
354446981,查堡
355495572,伊多斯蛛網
356544179,海狸與鳥旅店
357592787,爐田宮殿遺跡
358641379,林翼果園
359689968,老王萊陋屋遺跡
360738550,加洛村
361787133,尖叫的侏儒旅舍
362835713,主鹿府邸遺跡
363884292,彭堡
364932873,威克屯莊園
365981455,泉萊
367030040,泉莊
368078621,瓊恩神龕
369128033,綠津公墓
370176617,主斯頓墓地
371225203,野門荒原
372273793,王鹿府邸
373322397,瑪拉的無盡預兆
374370979,伊卡隆
375419557,綠興農舍
376468137,林津莊園遺跡
377516735,狐狸與狼旅店
378565319,鹿原
379613939,鄉屋種植園
380663385,耶弗瑞神龕
381711988,鷹津庭院
382760566,銅斯頓之城堡
383809146,王津塔
384857729,阿格拉斯提爾監獄
385906326,斯特倫納港灣
386954930,王屋之宅邸
388003516,巴克田莊農莊
389052101,巴克屋農莊
390100686,老灰燼翼陋屋
391149267,鷹萊府邸
392197847,爐興城堡
393246425,梅屯
394295007,唱原
395343587,利索里議會
396393017,林屯農莊
397441596,鄉屋的衛所
398490181,鷹萊墓地
399538769,裂維奇荒地
400587379,老灰燼斯頓宅地遺跡
401635957,埃芬神龕
402684535,羅達斯提爾隧道
403733116,戰堡
404781701,鷹田農莊
405830280,林萊果園
406878859,戰灣
407927438,瑪拉的無盡祭壇
408976016,主津之據點
410024604,灰燼匠塔遺跡
411073185,灰燼田莊莊園
412121801,瑪拉的祝福之樹
413171224,瑪拉的燃燒之星
414219824,鄉翼莊園
415268417,中城
416317008,骯髒的食人魔酒館
417365607,王萊農莊
418414204,鷹田的衛所
419462791,王翼農莊遺跡
420511374,赫爾羅克
421559952,馬里布利特魯納窪地
422608553,綠村之墓穴
423657134,中特里
424705723,鄉屯農莊
425754303,圖恩堡荒原
426803717,蘭塔
427852297,黑谷
428900891,銅田莊的衛所
429949477,銅屯之要塞
430998061,小鼠與酒壺旅店
432046640,威克匠塔遺跡
433095234,查岬
434143819,加洛谷
435192404,鄉鹿塔
436240983,銅匠農舍
437290471,爐田果園
438339055,主匠之塔
439387636,沼屯農莊
440436224,老貝拉迪維拉的農場
441484826,牛布隆
442533407,薩霍爾戈尼瓦窪地
443581999,老吉夫諾爾達的棚屋
444630596,牛田莊
445679174,瑪拉的歡愉救贖者
446727754,凱斯牆
447776343,新谷
448824948,阿克牆
449873529,阿克谷
450922114,死亡的貓旅店
451971538,綠屋之墳場
453020126,蓋爾村宮殿
454068707,莫里武斯之陵墓
455117306,不安的豪豬客棧
456165886,銅興之墓穴
457214479,狐狸與貓酒館
458263059,爐匠莊園
459311646,瑪拉的聖聖像
460360224,十字牆
461408807,霍爾村
462457429,飛翔的地城酒吧
463506888,老沼田莊陋屋
464555504,教堂門
465604084,銅津農莊
466652689,教堂郡
467701285,綠萊農莊
468749863,裂卡特
469798442,蓋爾津果園
470847022,沼屯莊園遺跡
471895600,蓋爾翼之塔
472944196,主屋塔
473992778,尖叫的雄鹿旅店
475041358,王屯農莊
476089938,灰燼田莊葬地
477139360,飛翔的顱骨旅店
478187941,飛翔的狼酒吧
479236542,灰燼斯頓莊園
480285131,銀狼客棧
481333709,銅田府邸
482382288,戰莫斯
483430869,老巴克萊陋屋
484479454,巴克匠莊園
485528042,瑪拉的恆在之樹
486576627,西里奇
487625216,威克田莊莊園
488673852,爐萊宮殿
489723300,阿爾丁貝斯
490771898,沼萊的衛所
491820480,王鹿公墓
492869067,阿爾丁伯恩
493917648,老貝拉多里的陋屋
494966263,鷹興莊園
496014842,海狸與雄鹿酒館
497063421,林匠農莊
498111999,老埃維利薩的農場
499160594,老巴克田陋屋
500209176,黑屯
501257776,黑堡村落
502307227,凱斯堡
503355806,蓋爾興塔
504404394,老主興宅地
505452977,老鄉斯頓宅地
506501575,爐鹿府邸
507550213,阿克城
508599641,長岬
509648230,霍爾谷
510696832,霍爾維奇
511745416,貝爾特里
512793995,銅鹿種植園
513842580,沼村果園
514891165,鄉斯頓宮殿遺跡
515939745,陰萊赫
516988325,斯托特里
518036903,綠屯種植園
519085481,綠屋莊園遺跡
520134993,鄉鹿小屋
521183572,東谷
522232156,特羅格拉戈斯
523280757,鷹村果園遺跡
524329338,寬維奇
525377921,卡羅拉內之召集所
526426503,鷹田莊莊園
527475104,蓋爾屯農舍遺跡
528524598,灰燼萊莊園
529573197,瑪拉的靜默殉者
530621780,哥特布隆府邸
531670362,尖叫的巨靈酒館
532718949,蘭谷
533767527,維格里爾神龕
534816120,斯科恩拉斯
535864703,老伊西薩的棚屋
536913290,紅幼鹿旅舍
537962774,瑪拉的永恆先知
539011369,彭山
540059961,巴克興公墓
541108555,爐津府邸遺跡
542158082,野林
543206661,林津之要塞
544255260,維格里爾神龕
545303848,主田農莊
546352428,鹿莫斯
547401008,巴克匠之據點
548449589,上林
549499110,老埃維利薩的宅地
550547695,銅鹿府邸
551596274,鷹村之據點
552644857,鷹津之堡壘
553694407,爐田莊農莊
554742992,爐屋莊園
555791573,老貝拉多薩的宅地遺跡
556840157,瑪拉的歌唱預見者
557888749,銅萊之塔
558937330,歡笑的貓旅店
559985919,老吉夫納納的陋屋
561035442,特里斯提威爾之實驗室
562084020,王村果園
563132636,蓋爾斯頓墓地
564181221,東維奇
565229805,老利索薩的農場
566279334,泉沼荒地
567327918,霍爾萊
568376509,瑪拉的祝福日出
569425107,瑞恩聖物庫
570474633,瑪拉的內在祭壇
571523218,老鷹斯頓棚屋
572571796,因弗奧莫斯之石塚
573620376,林津農莊
574668955,教堂泰爾
575717543,瑪拉的哀泣重生
576766130,新谷
577815678,灰燼田墓窖
578864261,維洛塔爾克的蛛網
579912850,爐萊農舍遺跡
580961442,老威克津棚屋遺跡
582011008,克羅姆萊
583060575,灰燼田農莊
584110154,鄉田莊農舍
585158737,阿爾丁原
586208315,耶弗瑞神龕
36383,王屋墓地
1087958,爐田莊農莊
2136538,凱斯泰爾
3185130,寬屯
4235696,朱利安諾斯的哀泣預見者
5285260,王萊種植園
6333851,老威克萊棚屋
7382430,伊里克祭壇
8431010,巴洛尼瓦教區宅
9480532,泉萊
10529143,爐屯種植園
11577725,奎奧文神龕
12626303,巴洛斯之石窟
13674900,綠田果園
14724414,王津農莊
15772993,上沃克
16821575,尖叫的深坑酒館
17870169,斯塔迪馬爾之宅邸
18918747,騎士堡
19967360,朱利安諾斯的泣血之樹
21016921,不幸的刺蝟客棧
22066460,王鹿葬地
23115041,白津
24164610,蓋爾田莊農舍
25213209,切斯特津
26261795,主興農莊
27310393,王田城堡
28359965,朱利安諾斯的恆在之星
29409477,銅津公墓
30458057,德珍旅舍
31506639,威克津墓穴
32555237,紅狗酒館
33604798,堡布隆
34653398,爐屯農舍
35701990,陰鎮
36750569,老利西維拉的農場
37800088,巴克萊果園
38848675,克羅姆山
39897258,生鏽的巨人酒吧
40946829,紅侏儒客棧
41995418,老貝拉迪納的農場
43044009,特里斯提斯塔爾之礦坑
44092589,沼斯頓農莊
45141172,格羅姆貢
46189758,主興墓地
47239307,朱利安諾斯的可畏之星
48287891,黑卡特
49336491,灰燼匠莊園
50386007,灰燼屋庭院遺跡
51434594,鷹萊莊園
52483202,林萊農莊
53532730,銅斯頓農舍
54581316,東莫斯
55629901,朱利安諾斯的無盡祭壇
56678486,綠村莊園
57727088,雷徑
58775675,阿格里納克感化院
59825180,長堡
60873792,朱利安諾斯的歡愉預兆
61922379,霍爾灣
62970962,內克羅馬內恩之墓窖
64020540,綠鹿莊園
65069133,王匠庭院遺跡
66118661,沼斯頓墓窖
67167250,蓋爾田農舍
68215840,爐斯頓之塔
69264418,主田莊莊園
70313006,沼匠果園
71362580,彭田莊
72412100,灰布隆庭院
73460692,老埃利里的陋屋
74509275,阿恩迪斯提爾城堡
75557860,朱利安諾斯的歡愉預見者
76606443,王田莊莊園
77655025,朱利安諾斯的泣血先知
78703621,灰村
79754126,灰燼萊莊園
80802705,朱利安諾斯的泣血聖像
81851318,主翼宮殿
82899901,朱利安諾斯的溫柔預見者
83948486,威克田葬地
84998011,斯特倫納港灣
86046589,因弗奧米斯城堡
87095172,老鼠與雄鹿旅舍
88144751,利西里議會
89193380,朱利安諾斯的溫柔救贖者
90242883,圖恩津
91291465,朱利安諾斯的燃燒祭壇
92340049,蘭灣
93389631,范城
94438222,貝爾達馬巫會
95486831,范維奇
96536362,綠田農莊
97584976,沼鹿的衛所
98634500,蓋爾萊農莊
99683085,阿恩迪斯提爾礦坑
100731676,老主屋棚屋
101780275,老主津棚屋
102829840,芭芭拉議會
103878420,梅道
104926998,巴洛德蘇拉之洞穴
105975582,德尼
107024168,吉夫尼維拉之集會所
108073675,灰燼津農莊
109122256,威克屯果園
110170837,林萊公墓
111220475,鷹津庭院
112269981,朱利安諾斯的哀號救贖者
113318605,范莫斯
114367199,雷莫斯
115416754,霍爾屯
116465344,老王翼陋屋遺跡
117514869,老卡羅洛納的農場
118563449,阿爾德城自治鎮
119612050,蓋爾匠農莊
120660644,賢者紀念碑
121709229,蓋爾斯頓墓地
122758740,銅屋農舍
123807368,銅津府邸
124856904,喬德神龕
125905506,鄉村之城堡
126954090,巴克屋種植園
128002668,蓋爾斯頓農莊
129052258,迪瓦德紀念碑
130100836,老莫爾戈薩的棚屋
131150355,查倫堡
132198935,克羅姆村
133247540,長莊
134296118,王萊府邸
135344703,白萊
136393282,豬與刺蝟客棧
137442838,朱利安諾斯的哀號昇天
138492425,綠匠農莊
139541006,鹿橋
140590535,沼鹿塔
141639113,鄉屯小屋
142687693,朱利安諾斯的歌唱預見者
143736297,灰燼村的衛所
144784878,利塔內恩之石塚
145833466,王津宮殿
146883028,瓦諾薩集會所
147932580,切斯特山
148981173,彭徑
150029770,霍城
151079337,老沼翼陋屋
152127924,野沃克
153177450,銅屋府邸
154226030,鄉屋之塔
155274620,阿克興
156323205,梅莫斯丘
157371789,梅里奇
158420367,塔姆沃克
159468951,朱利安諾斯的神聖神諭
160517537,幸運的鳥旅店
161566120,沼匠莊園
162615664,朱利安諾斯的靜默聖物
163664262,鷹興農莊
164713780,爐屋農莊
165762359,阿爾丁卡特
166810942,斯特倫納港灣
167859563,王興莊園
168909136,新特里
169957717,王萊農莊
171006296,灰萊赫
172055814,十字萊赫
173104395,堡徑
174153013,老瓦諾薩的農場
175202549,威克屯府邸
176251136,威克村莊園
177299719,查倫谷丘
178349314,朱利安諾斯的可畏昇天
179397897,朱利安諾斯的無盡日出
180447423,切斯特莫斯
181496001,切斯特林
182544634,長沃克
183594148,老西爾斯塔拉的農場
184642761,威克興宮殿
185692306,阿克伯恩
186740890,范堡
187789480,銅匠塔遺跡
188838058,鄉屋府邸
189886639,野堡
190936200,朱利安諾斯的可畏預見者
191984789,十字橋
193033388,朱利安諾斯的靜默先知
194082912,銅鹿種植園
195131507,長林
196180085,銅興庭院
197228666,喬德神龕
198277279,朱利安諾斯的哀號之星
199326807,莫爾克扎之修道院
200375391,西特里
201423978,黑檀臂鐵砧
202472567,賽伊聖物庫
203521155,西萊赫
204570678,巴克鹿宮殿
205619279,銅田墓地
206667860,朱利安諾斯的內在預兆
207716440,威克翼府邸
208765019,威克屯種植園
209814545,尼布奧沃爾城堡
210863141,梅萊
211911719,綠田墓地
212960302,鷹田莊府邸
214008880,朱利安諾斯的歌唱之光
215057458,銀土撥鼠酒館
216106061,長維奇
217155601,阿爾丁城
218204180,惡魔的蠍子旅店
219252766,朱利安諾斯的燃燒之星
220301352,綠萊莊園
221349949,老林田莊棚屋
222399466,朱布拉牧師宅
223448068,主津小屋
224496663,朱利安諾斯的永恆神諭
225545242,貝丁挖掘場
226594775,巴克鹿種植園
227643357,巴克田莊農莊
228691952,羅迪克托爾礦坑
229740548,老利薩納的棚屋
230790072,威克匠農莊
231838664,上特里村落
232887243,豬與土撥鼠旅店
233935824,主萊之墓窖
234984411,銅萊小屋
236033946,唱郡
237082541,梅谷
238131137,灰燼屯的據點
239179729,灰燼鹿城堡
240228309,朱利安諾斯的歡愉之魂
241277831,爐萊農莊
242326410,裂山
243374990,王屯果園
244423575,斯托徑
245472167,鷹興莊園
246520759,林田莊園
247570296,老伊辛的陋屋
248618891,查莊
249667477,加洛門
250716061,老鷹萊陋屋
251765596,上興
252814179,阿格里斯塔爾之監牢
253862762,霍貝斯
254911355,綠津之墓穴
255960897,主田莊園
257009479,林萊城堡
258058071,教堂灣
259106651,阿茲里滕巢穴
260155237,裂堡
261204805,綠興府邸
262253384,圖恩沼
263301967,蓋爾翼莊園
264350551,主屯莊園
265400083,騎士谷
266448664,阿爾德橋
267497251,朱利安諾斯的永恆聖像
268545845,巴克匠城堡
269594425,威克鹿農莊
270643010,威克田莊莊園
271692531,哥特原
272741147,爐津之要塞
273790688,蓋爾鹿公墓
274839270,朱利安諾斯的溫柔之魂
275887864,王屯之據點
276936447,中莫斯
277985994,鷹津農莊
279034605,查卡特岩
280083184,朱利安諾斯的哀泣之星
281131762,莫爾迪瓦爾之監獄
282180346,朱利安諾斯的祝福祭壇
283229870,老埃利齊維拉的陋屋
284278456,綠津莊園
285327034,陰卡特
286375614,利索里之召集所
287425179,阿恩多林之塔
288473758,莫爾洛洛斯
289522345,老埃維利薩的棚屋
290570940,巴克鹿農舍
291619528,埃迪夫斯塔爾城堡
292669064,王斯頓庭院
293717643,王田農莊
294766233,查倫谷
295814815,鷹萊府邸
296863393,林翼農莊
297911989,爐屯小屋遺跡
298961507,維羅穆斯之鬼域
300010091,蝙蝠與刺蝟酒吧
301058678,沼斯頓莊園遺跡
302112235,鹿堡
303164817,巴克屯小屋
304214387,爐翼府邸
102317,歡笑的仙子酒館
1150898,鄉屯之據點
2200451,海狸與土撥鼠旅舍
3249038,雷村盡頭
4297647,上堡
5347203,鷹屯種植園
6395781,林匠農莊
7444371,沼津塔
8494915,阿凱的哀號殉者
9543507,莫爾達爾德感化院
10592095,黑萊
11640675,鄉翼種植園
12689255,爐屯莊園
13738833,塔姆市集
14788383,教堂堡
15837947,伊普沼
16886544,陰堡櫟林
17935132,巴克村農莊
18984686,巴克斯頓之據點
20034217,鄉斯頓農莊
21082809,長萊
22131392,爐村的據點
23180955,寬卡特
24229551,薩希米恩克斯神龕
25278136,長莫斯荒原
26326726,教堂興
27375320,王田之據點
28424822,深紅的麝香鼠旅舍
29473401,蘭門
30521982,蓋爾鹿城堡
31570575,沼村果園遺跡
32619161,阿凱的神聖之樹
33667771,西井
34717299,灰燼鹿莊園遺跡
35765900,山貓與頭盔酒吧
36814497,銅萊農舍
37864020,威克屋農莊
38912631,綠屋之塔
39962191,爐萊農莊
41010791,老爐田莊陋屋
42059381,查倫岬
43108908,蓋爾屋庭院
44157501,裂岬
45207103,蓋爾田之據點
46256626,林翼府邸
47305205,嚎叫的侏儒客棧
48353810,獅子與酒壺旅店
49402416,老爐田莊陋屋
50453974,蓋爾興小屋遺跡
51502553,沼萊莊園
52551131,老西爾斯塔內的宅地
53601704,爐屋農莊
54651219,蓋爾津庭院
55699804,切斯特伯恩
56748398,彭城
57796983,威克屋之要塞
58847549,綠匠府邸
59896135,王田塔遺跡
60944727,侯爵尼布奧博斯的古塚
61993314,老鼠與豪豬旅舍
63041894,埃維拉比斯傳統會
64091412,矮人與獾旅舍
65139992,巴克鹿之城堡
66188584,王匠農莊
67237179,阿凱的神聖救贖者
68286711,女王的鳥酒吧
69336290,灰燼村城堡
70384918,戰山
71434446,主興公墓
72483035,斯特倫納港灣
73531627,塞克爾的巢穴
74580205,國王的幼鹿酒館
75628804,銅屯果園
76678347,查沃克
77726942,綠屯果園遺跡
78775535,老吉夫納比斯的陋屋
79825063,老埃利佐里的農場
80873654,鄉萊城堡
81922238,阿凱的燃燒之星
82970820,查萊
84019401,林翼果園
85067983,主鹿葬地
86117570,教堂沼
87167087,鄉鹿農莊
88215680,國王的哥布林客棧
89264263,芬恩庇所
90312841,東沼
91361435,王田莊園
92410014,東塔窪地
93458595,綠田莊農舍
94507181,王翼塔
95556726,飛翔的衛兵客棧
96605304,莫爾迪斯塔爾實驗室
97653884,蓋爾津農莊
98702479,主村農莊
99752053,阿凱的祝福重生
100801584,狐狸與豪豬客棧
101850178,巴克田塔
102898774,老卡羅拉比斯的農場
103947361,圖恩伯恩
104996873,歡笑的祭司旅店
106045462,阿凱的永恆之魂
107094076,鷹興果園
108143605,彭津
109192193,彭維奇
110240771,伊普津
111289349,鄉萊農莊
112337960,阿凱的泣血祭壇
113387489,沼田農莊
114436114,老西爾斯塔比斯的農場
115484694,爐田種植園
116534209,中門
117582800,老威克屋陋屋
118631382,灰燼興小屋遺跡
119680960,霍爾谷
120729540,貝爾萊赫
121778120,爐田莊農莊
122826723,陰徑
123876239,薩哈特扎之洞穴
124924856,老利索薩的棚屋遺跡
125974405,爐萊塔
127023000,霍牆
128071603,霍爾林自治鎮
129122120,騎士井
130170704,圖恩城
131220303,矮人與貓旅舍
132268881,鷹屯農莊
133317464,鼴鼠與劍酒吧
134366999,主津莊園遺跡
135415589,斯托城
136464168,野道岩
137512746,莫爾戈薩之教團
138561350,巴克萊庭院
139610902,野蠻的深坑旅店
140659500,鷹村宮殿
141709035,老瓦尼維拉的陋屋遺跡
142757626,加洛萊赫自治鎮
143806223,老維克廷的棚屋
144855775,白匕首客棧
145905364,鹿沼
146953950,老伊索薩的農場
148003506,老埃利齊里的農場
149052084,阿爾德莊
150100672,綠萊府邸
151150218,哥特屯
152198801,銅斯頓小屋
153247417,巴克鹿小屋
154296967,格里斯之神殿
155345573,王津農莊
156395104,主鹿種植園
157443701,老瓦諾爾達的陋屋
158492286,鄉興塔
159540883,王興之據點遺跡
160590425,巴克萊農舍
161639009,野城丘
162687606,阿爾德維奇
163736184,爐田城堡
164785725,林萊農莊
165834307,林田莊農莊
166882906,阿凱的恆在殉者
167931491,查里奇
168981041,沙爾戈拉
170029632,爐田莊城堡
171079189,蝙蝠與狼旅店
172127795,銀獾旅舍
173177335,貝爾屯岩
174225941,沼翼莊園
175274519,沼屯種植園
176324069,老卡羅洛薩的宅地
177372674,阿凱的神聖昇天
178422212,惡棍與刺蝟旅店
179470816,堡谷
180520367,威克興城堡
181568965,鄉匠莊園
182618552,蟾蜍與酒杯酒吧
183668098,薩胡利瓦之女修道院
184716680,切斯特鎮
185765272,沼村莊園
186814834,爐萊莊園
187864406,蓋爾匠莊園
188913010,蓋爾田莊農舍
189963559,鷹田莊農莊
191012140,切斯特萊府邸
192061722,銅屋農莊
193110309,鄉興塔
194159864,灰燼興莊園
195209466,貝爾沃克
196259026,鷹斯頓莊園
197308606,沼斯頓農莊
198360173,灰燼萊果園
199408754,王津農莊遺跡
200458340,王興庭院
201507911,銅匠之堡壘
202560477,綠田城堡
203611055,阿凱的靜默日出
204659633,狐狸與蠍子旅店
205708232,西沼
206757801,白刺蝟旅店
207807359,貝爾伯恩
208856938,老利薩納的宅地
209905538,主屯府邸
210955079,威克津府邸
212003668,西谷自治鎮
213053235,林村莊園
214101830,林興農舍
215150415,老鄉田陋屋
216199970,蓋爾屋農莊
217248570,主翼農莊
218298126,灰燼興果園
219347689,匕首雨巫會
220397286,泉屯
221445866,灰燼匠墓地
222494447,沼匠府邸
223544009,林匠府邸
224592592,鄉萊塔遺跡
225642153,主斯頓莊園
226690748,主萊塔
227739327,沼屯府邸
228788888,巴克鹿農莊
229838455,鄉田塔
230887052,死亡的麝香鼠酒館
231936622,沼田莊農舍
232986202,銅萊的衛所
234034781,阿爾德堡
235084334,沼匠庭院
236132915,羽毛與顱骨酒館
237182500,林斯頓農莊
238232067,新要塞盡頭
239283638,林興小屋
240332220,綠獵人酒館
241380799,巴克鹿庭院
242431370,巴雷林之宅邸
243481940,鄉匠的衛所遺跡
451180,達穆·伊吉
1499762,老杜爾德卡的棚屋
2550325,特羅格魯戈斯之棲所
3598903,多佐恩之堡壘
4647481,帕賈
5696063,豬與城堡旅舍
6744641,尼爾普特農莊
7794211,朱布盧盧拉之洞穴
8843782,帕皮里達
9893369,朱利安諾斯的泣血預兆
10942939,迪爾圖姆農莊遺跡
11991517,杜爾特的據點
13041110,莫格通果園遺跡
14090677,朱利安諾斯的可畏聖物
15140240,達爾廷塔遺跡
16188823,豬與哥布林客棧
17237401,格拉爾城堡
18285987,法爾格特庭院
19334569,海狸與裂谷旅舍
20384117,基蘭劇院
21432700,勒滕之據點
22481284,多爾庫姆收容所
23530863,山貓與龍酒吧
24579454,奧薩克通
25628995,朱利安諾斯的歌唱聖像
26677575,福茲莊園
27726153,飛翔的山羊酒吧
28774732,舒奇姆農舍
29823311,雷爾特爾之據點
30871891,格拉吉莊園
31920477,老努爾德提的陋屋遺跡
32969056,科茲塔庭院
34017636,費爾德之據點
35067198,利爾克恩的據點
36116757,卡斯克之要塞
37165345,老克盧爾基姆棚屋遺跡
38213929,老巴希的陋屋
39262516,老福吉巴的農場
40312067,尖叫的深坑酒館
41360653,矮人與酒杯旅舍
42410213,朱利安諾斯的祝福重生
43458791,沃祖恩之要塞
44507374,特利提爾種植園
45555953,骯髒的幼鹿酒吧
46604536,克勒什莊園
47653120,綠祭司旅舍
48702664,提爾克滕之塔
49751260,塞格通農莊
50799843,提爾滕莊園
51848421,生鏽的獾酒館
52897970,朱利安諾斯的可畏神諭
53946549,伊托斯巢穴
54995127,老特爾德卡的棚屋
56043707,迪爾科姆城堡
57092310,獅子與食人魔酒館
58141864,福爾庫爾之堡壘
59190442,圖斯庭院
60239020,馬克利里
61287598,加羅米斯城堡
62336179,霍穆納蘇納之深坑
63384757,朱利安諾斯的可畏殉者
64433344,薩奇恩農莊
65482884,圖拉努
66531463,瑞恩聖物庫
67580057,老庫爾普滕棚屋
68628643,老格里爾奇棚屋
69677222,基蘭劇院
70726777,梅爾皮爾的衛所
71775358,爾莊園
72824913,朱利安諾斯的歌唱之魂
73873495,西什滕莊園
74922075,烏姆貝利布
75970667,舞蹈的深坑酒吧
77019246,弗拉查爾農莊遺跡
78067824,老塞爾茲·西的棚屋
79117383,庫爾特的衛所
80165962,法祖姆農莊
81214555,貝爾丘爾農舍
82263135,阿比邦·戈拉
83312681,瓦迪喬尼通
84361268,努爾內姆種植園
85409848,綠食人魔酒吧
86458426,維爾馬姆墓地
87507004,科里蒙府邸
88555582,老法菲爾基的宅地
89604169,骯髒的龍客棧
90653698,老布爾克塔的陋屋
91702276,盧爾的據點
92750863,歡笑的巨人酒館
93799443,西爾姆墓地
94848043,老穆爾克塔的農場
95897593,法爾特倫種植園
96946179,朱利安諾斯的祝福殉者
97994759,格魯克特莊園
99043338,生鏽的麝香鼠旅店
100091918,死亡的巨靈旅舍
101140497,庫丘恩之墓窖
102189078,阿特魯達
103238607,庫多古達克斯
104287185,戈爾圖爾莊園
105335769,老塞爾通陋屋
106384356,薩爾吉滕塔
107432934,老里夫賈的宅地
108481532,克利爾格姆莊園
109531082,羽毛與巨靈酒館
110579675,布布文
111628255,拉切爾府邸
112677791,芬恩庇所
113726372,塔爾皮爾莊園
114774965,卡夫倫塔
115823544,狐狸與深坑旅店
116872122,老雷吉巴的棚屋
117920716,羅古薩
118969295,朱利安諾斯的歡愉救贖者
120018855,塔斯農莊
121068397,老瓦朱姆棚屋
122116976,薩爾姆農莊
123165567,老拉格·伊的陋屋
124214152,奎奧文神龕
125262730,布奇庭院
126311314,蘇爾什莊園
127359894,老科朱爾陋屋
128408473,武爾基爾城堡
129457052,格沃姆之堡壘
130505634,賈勒尼斯
131555153,塞爾克府邸遺跡
132603731,深紅的獅鷲酒館
133652330,班迪神龕
134700917,爾實驗室
135749512,達吉爾戈斯
136799061,斯圖格特的衛所
137847660,老肖格特·埃的農場
138897189,弗利格特克府邸
139945768,布洛爾科姆種植園
140994350,塞雷圖尼
142042934,伊薩克
143091521,格里爾內恩農舍
144140099,魯格倫的據點
145188680,維格特莊園
146237273,拉尼里扎
147285853,維爾丁種植園
148335379,巴克特莊園
149383964,老斯塔爾特棚屋遺跡
150432545,拉爾卡爾的據點遺跡
151481123,老鼠與惡棍旅店
152529710,野蠻的野蠻人旅店
153578291,維爾德克種植園
154626869,爾農莊
155675450,阿克米里
156724029,阿基里布
157772607,梅爾恩農莊
158822134,莫雷哈爾之鬼域
159870733,努斯公墓
160919313,提奇城堡
161967904,拉爾姆的據點
163016493,塔桑達普勒克斯
164066011,老舒斯·伊的農場
165114592,老費什·埃的陋屋遺跡
166163176,格雷格特墓地
167211772,卡勒姆莊園
168260351,克爾佩府邸
169308930,梅克特爾塔
170357510,納爾普倫之據點遺跡
171406098,武爾佩公墓
172455627,克里爾格公墓
173504211,格魯姆德雷德鷹巢
174552797,蟾蜍與食人魔旅舍
175601395,佩納扎爾
176650933,朱利安諾斯的哀號神諭
177699513,吉薩卡·伊吉
178748105,莫爾府邸
179796694,索爾庫爾公墓
180845281,努爾切恩農莊
181893859,古斯塔莊園
182943378,朱利安諾斯的永恆昇天
183991957,莫加卡雷格
185040557,瑞恩聖物庫
186089148,獅子與匕首客棧
187137731,朱利安諾斯的燃燒神諭
188186309,野蠻的土撥鼠酒館
189235845,山貓與麝香鼠旅舍
190284441,克利澤姆宮殿
191333021,馬克拉納
192381599,薩爾滕之據點
193430183,梅米·哈西
194478770,金城堡酒吧
195528280,特
196576859,布爾克塔
197625443,切爾普農莊
198674032,弗勒克克恩莊園
199722610,爾果園
200771203,莫雷德雷德之巢穴
201820745,特
202869333,謝吉特莊園
203917946,梅倫特果園
204966526,庫爾佩姆之塔
206015104,基蘭劇院
207063682,特
208112261,費努圖文
209161765,鼴鼠與巨人酒館
210210343,拉希姆種植園
211258923,博爾德的衛所
212307503,達倫倫農莊
213356112,圖祖恩之塔
214404691,金獵人酒吧
215454235,古爾克莊園
216502817,伊斯菲比
217551397,弗拉爾格滕農舍
218599975,達爾農莊
219648564,不安的酒杯客棧
220697153,斯洛爾通府邸
221745731,莫爾肯種植園
222794312,朱利安諾斯的祝福先知
223843833,科爾特農莊
224892411,托爾德莊園
225941010,埃利·科羅姆
226989591,斯特倫納港灣
228038177,杜斯農莊
229086774,烏姆博斯
230135354,貝丘爾塔
231184859,比爾德塔農莊
232233437,格羅爾格爾之要塞
233282022,米爾普恩果園
234330601,肖提恩農莊
235379181,拉馬拉比
236427761,拉莫帕里
237476365,丘賈姆墓地
238524945,多蘇姆之據點
239573523,賽伊聖物庫
240622102,卡傑拉拉
241670681,海狸與豪豬酒館
242719259,格洛格農莊遺跡
422217,利特洛斯之墳墓
1472793,口渴的雄鹿旅舍
2522384,老奇斯特卡的農場
3571939,澤尼薩爾的溫柔日出
4620529,薩爾城堡
5670107,尼爾德克恩農舍
6719678,莫里克爾之鳥舍
7768256,老內倫提的棚屋
8817816,法文莊園
9866412,澤尼薩爾的聖之樹
10915971,老莫爾穆姆宅地
11964554,阿古里
13013144,澤尼薩爾的無盡救贖者
14062727,海狸與頭盔客棧
15112282,老米爾普克恩棚屋
16160874,老格利奇特棚屋
17209457,布比通
18258035,維爾莫斯
19307573,斯提菲利爾的衛所
20356153,貝格特姆墓窖
21404742,格拉爾塞爾感化院
22453335,卡勒雷格
23501917,米吉克莊園
24551464,梅格農舍
25600053,比里·哈西
26648635,鼴鼠與龍酒吧
27697213,塔什滕果園
28746754,特拉克特倫莊園
29796342,塞德圖·塔爾
30844947,布爾德農莊
31894520,狐狸與深坑酒吧
32944070,穆爾德莊園
33992663,圖爾達姆府邸
35042205,老穆爾克法的陋屋
36090806,阿卡卡迪蘇
37139395,戈奇特礦坑
38188936,銀獾客棧
39237520,歡笑的野蠻人客棧
40286098,梅斯克恩府邸
41334702,皮圖萬
42383281,吉薩托爾
43433818,特
44482396,海狸與裂谷旅舍
45530996,帕皮通
46579580,沙爾格城堡
47628158,澤尼薩爾的歡愉日出
48676737,格爾喬姆農莊
49726284,蝙蝠與巨人酒吧
50774863,馬茲滕農莊
51824429,查菲利爾莊園
52873035,弗洛斯托恩莊園
53921619,諾爾洛托爾之巢穴
54971181,澤納斯庫賈
56019767,迪倫庭院
57069315,拉米西·塔爾
58117895,梅格府邸
59166478,格利爾特莊園
60215059,卡喬薩
61264616,斯利爾內爾宮殿
62313197,飛翔的巨人旅舍
63361797,澤尼薩爾的內在預兆
64410377,布夫塔
65459927,庫多霍斯
66509499,澤尼薩爾的聖之星
67558077,貝爾比拉尼
68606657,貝爾比利
69655238,阿波古扎
70703828,卡吉的據點遺跡
71752409,格雷祖拉隱修所
72800987,羽毛與酒壺酒館
73850519,克拉爾奇特之墳場
74899129,弗爾格克恩宮殿
75948681,武爾莫姆府邸
76997259,菲維爾府邸
78045848,骯髒的城堡酒吧
79094443,豬與巨靈酒吧
80143981,克洛爾姆特宮殿
81192574,阿基拉
82241157,不安的鳥旅舍
83289750,維爾德之墓窖
84339323,澤尼薩爾的永恆聖像
85388865,莫吉加
86437446,澤尼薩爾的聖重生
87486028,澤尼薩爾的恆在神諭
88534608,圖吉挖掘場
89583206,金麝香鼠旅舍
90632735,赫洛斯之巢穴
91681351,帕帕比
92729932,澤尼薩爾的可畏先知
93778513,賈維里里
94828082,澤尼薩爾的哀泣之星
95877618,杜克斯塔多班之宅邸
96926208,梅利斯石窟
97975791,死亡的獵人酒館
99024371,澤納克扎
100073931,比爾恩莊園
101122512,澤尼薩爾的靜默昇天
102171092,卡魯
103220655,特爾提爾莊園
104269250,老弗爾·埃的宅地遺跡
105318809,諾爾達姆的據點
106367400,卡克特的衛所遺跡
107417960,狐狸與巨人旅舍
108467549,梅索拉
109517128,克洛茲的據點
110566689,基蘭劇院
111615270,塔西布薩
112663853,蘇克特克恩實驗室
113712441,西里西比
114762019,阿恩洛比斯巢穴
115811579,迪古爾的監牢
116861158,死亡的野蠻人酒館
117910729,老盧斯基的陋屋
118959318,奧夫米爾卡姆塔遺跡
120008890,費諾圖萬
121057472,羅斯塔恩庭院
122108043,女王的巨人客棧
123156623,特利爾塞姆庭院
124206189,達格拉德雷德
125256767,老塞爾米姆陋屋遺跡
126306337,利提蒙之墳墓
127354915,拉特加戈德禽舍
128406484,澤尼薩爾的燃燒殉者
405246,特洛爾普克恩莊園遺跡
1453839,托維爾塔
2503410,老布盧格塔的棚屋
3551994,貝爾巴詹
4601545,斯科東之巢穴
5651115,羽毛與狗酒館
6699705,波塔戈
7748286,西爾登之據點
8796871,基茲特府邸
9846445,迪爾丁農莊
10895027,維格里爾神龕
11944584,雷維爾城堡
12993164,老雷爾德克棚屋
14042717,塔什府邸遺跡
15091299,斯塔爾德種植園
16139879,馬爾昆莊園
17188484,格魯莫特古之巢穴
18238038,庫爾滕小屋
19286620,野蠻的蠍子客棧
20335209,小鼠與野蠻人旅舍
21384782,卡爾德克的據點
22434346,鼴鼠與深坑酒館
23482926,國王的土撥鼠酒吧
24532476,老斯特爾奇·埃的農場
25581062,梅納卡特
26629643,吉菲爾府邸
27679216,山貓與食人魔旅舍
28727804,格利爾諾姆果園
29776391,帕普姆巴·哈西
30825931,加羅吉斯之墓窖
31874517,老納爾尼的陋屋
32923104,老加格塔的農場
33971691,迪瓦德紀念碑
35021238,羅古努·科姆
36069827,老多什棚屋
37118416,瓊恩神龕
38167971,克洛爾德姆小屋
39216553,賈拉里
40267110,老謝武姆陋屋
41315693,梅西傑特
42364284,格勒塔爾莊園
43413851,口渴的匕首客棧
44463418,卡斯特庭院
45512014,達利爾莊園
46560592,深紅的哥布林酒吧
47610161,舒格府邸
48660736,老西爾克塔棚屋
49709315,特
50757896,弗洛克特莊園
51808468,格爾貢宮殿
52857051,白哥布林旅舍
53907620,武奇府邸
54956200,歡笑的貓客棧
389307,金侏儒旅店
1439881,特
2490452,基蘭劇院
3539033,綠獅鷲酒館
4588614,索爾普莊園遺跡
5639186,菲茲塔農莊
6688752,博爾奇小屋
7737330,莫拉卡通
8785917,老法爾姆基的陋屋遺跡
9835487,老拉茲巴的農場
10885059,佩拉賈
11934644,骯髒的巨靈酒吧
12985207,阿恩特勒利薩
14033785,克雷爾達姆莊園
15083343,埃利西尼
16132939,貝爾特爾莊園
17182495,喬茲滕之塔
18231074,切夫倫城堡
19279656,利拉拉
20328235,扎古·哈西
21376817,扎吉拉達克斯
22425408,女王的獾旅店
23474948,莫爾蒙城堡
24523552,特爾皮爾宮殿遺跡
25572130,羅朱姆農莊
26620731,羽毛與裂谷旅舍
27670263,努爾姆城堡
28718877,嚎叫的深坑客棧
29768408,老里格托姆宅地
30816987,法爾塔爾之墓窖
31866571,舞蹈的刺蝟酒吧
32915161,沃拉爾的據點
33964710,克勒庫姆農莊
35013293,口渴的地城旅舍
36061878,羽毛與祭司旅舍
37111436,格拉斯葬地
38160033,斯拉爾米姆墓窖
39209582,金山羊酒吧
40258178,洛斯宮殿
41306758,弗洛爾登府邸
42355356,普姆巴里
43403949,古勒姆果園
44453477,赫祖斯的蛛網
45502082,飛翔的哥布林旅店
46550665,蘇塔爾之堡壘遺跡
47600192,斯利爾姆宮殿
48648775,鼴鼠與仙子客棧
49697401,老科什卡的宅地遺跡
50746930,老卡賈的陋屋
51795519,格雷爾圖爾城堡
52844114,瓦迪朱圖雷格
53893647,喬德神龕
54942260,拉爾克克莊園
55990857,賈瓦克達克斯
57040398,狐狸與侏儒旅舍
58089948,索克塔姆農莊
59138539,卡傑斯
60187123,米爾卡夫薩
61236724,幸運的仙子客棧
62285304,科克特倫塔
63334826,凱娜瑞斯的祝福聖物
64383429,紅祭司酒館
65432010,勒拉萬
66481563,歡笑的土撥鼠旅舍
67531129,布爾德姆實驗室
68579726,山貓與哥布林旅舍
69628305,拉諾圖傑爾
70676905,貝蘭莊園
71725500,阿卡拉通
72775003,塔索哈卡特
73823583,巴勒之堡壘
74872186,特提德之巫會
75921739,老法爾特·西的農場遺跡
76970322,黑衛兵酒館
78018908,西羅科雷格
79067489,托菲爾莊園
80117069,沃爾內姆農舍
81165675,嚎叫的野蠻人旅舍
82215202,布勒寧府邸
83263781,西爾贊種植園
84313335,特利爾克特農莊
85361916,老拉倫·埃的陋屋
86410520,霍尼·科姆
87459103,哈杜斯
88507685,杜爾坎塔
89556282,阿恩特爾吉尼斯
90605794,烏姆布里
91654391,澤尼拉拉
92702970,口渴的龍客棧
93751573,斯特爾普莊園
94802090,博爾塔莊園
95850685,莫里比斯巢穴
96900291,矮人與頭盔酒吧
97948879,格盧斯城堡
98998394,蝙蝠與酒杯旅舍
100046987,迪爾奇克恩城堡遺跡
101095584,格拉吉莊園遺跡
102145120,嚎叫的獵人酒館
103193704,西格宮殿
104242282,托菲拉爾之堡壘
105290883,格里普拉斯之巢穴
106340436,舒爾德墓地
107389031,貝爾巴斯塔達克斯
108437617,雷貢莊園
109486211,凱娜瑞斯的恆在之魂
110535744,西爾克巴之集會所
111584354,德魯戈德
112633882,老格盧克廷陋屋
113683453,爾農莊
114732048,博維姆之要塞
115781626,奇朱恩之墓穴
116830207,死亡的酒杯旅舍
117878794,伊薩奎斯
118927373,凱娜瑞斯的哀泣重生
119976914,尖叫的仙子酒館
121025520,沃吉法恩
122075106,吉蘇尼
123123689,維格里爾神龕
124173250,提爾丘姆莊園
125222831,費納扎爾
126272371,法爾奇特莊園
127320965,卡奇爾果園
128369551,女王的鳥旅店
129419134,費格克之堡壘遺跡
130467717,斯盧爾切姆莊園
131517245,老沃茲卡的棚屋
132565842,索爾帕爾莊園
133614420,布爾克宮殿
134663002,費爾金城堡
135711582,穆吉塔莊園
136760163,凱娜瑞斯的靜默救贖者
137808746,卡扎爾庭院
138858312,賈沃圖比
139907877,格雷什庭院
140957431,洛科尼斯
142006025,勒利達
143054615,舞蹈的惡棍酒館
144103194,老拉爾特薩的宅地
145152759,老努爾提的農場
146202316,穆圖姆農莊
147250896,凱娜瑞斯的無盡昇天
148299475,丘爾蒙塔
149350044,盧爾德的據點遺跡
150398633,矮人與幼鹿酒館
363466,瑪拉的無盡神諭
1412060,沃吉塔爾克之巢穴
2460641,馬爾德感化院
3510177,烏姆博帕拉
4558823,瑪拉的恆在祭壇
5607405,獅子與蠍子客棧
6655986,巴盧拉之洞穴
7705498,格魯格塔姆墓窖
8754077,賈維·科姆
9803655,圖斯托姆之感化監獄
10852255,老特洛爾格塔的棚屋
11900849,魯奇克恩農舍
12949440,克盧爾特府邸
13998034,老杜爾特加的棚屋
15047526,格拉爾根之要塞
16096132,洛夫克恩城堡遺跡
17144722,德魯拉東之鳥舍
18193301,領主利圖利斯之鬼域
19242835,阿皮拉賈
20291416,蝙蝠與山羊客棧
21340023,達查姆農舍
22388615,基爾塞姆公墓
23437195,阿佩拉
24486697,克魯克特宮殿
25535299,法格府邸
26583926,迪爾梅姆墓地
27632519,塔夫特墓地
28681107,巴喬恩公墓
29730574,法蘭深坑
30779156,小鼠與貓旅店
31827793,圖拉
32876384,瑪拉的祝福日出
33924965,老洛格卡的棚屋
34973543,圖拉里薩
36023046,莫格納扎爾
37071626,迪菲林塔
38120204,老弗勒普塔的陋屋
39168809,綠地城客棧
40217430,達爾庫洛斯之古塚
41266913,馬爾克墓窖
42315521,博舒姆之監牢
43365102,扎格文
44413681,布爾宮殿
45462296,斯塔夫特農莊
46510880,死亡的頭盔旅店
47559466,塔塞姆府邸
48608057,老努菲爾棚屋
49657553,奧蘇努努
50706142,奧塞達塔
51754730,莫爾洛拉斯之棲所
52804299,領主科羅博斯之墓窖
53852894,矮人與酒杯旅舍
54901479,塔西
55950057,西爾克種植園
56999564,莫科拉
58048143,瑪拉的靜默殉者
59096747,克勒格塔庭院
60145329,梅利·哈西
61193915,弗洛斯提恩墓地
62242547,特
63292090,弗利斯特公墓
64340684,蘇爾塔墓窖
65390164,費斯城堡
66438763,野蠻的侏儒客棧
67487373,馬菲拉姆之據點
68535956,澤諾尼努
69584553,羅加達塔
70634040,老托爾姆·伊的農場
71682623,達查爾小屋遺跡
72731275,勒扎
73780790,金狗旅舍
74829438,老謝爾奇賈的宅地
75878925,野蠻的貓酒館
76927528,洛詹公墓
77976126,瑪拉的泣血預兆
79024710,海狸與豪豬旅店
80073296,西里里·哈西
81121898,西拉薩
82171415,矮人與雄鹿旅舍
83219993,克爾之墓穴
84268577,老法菲爾宅地
85317185,布克通農莊
86365772,瑪拉的聖預兆
87415289,梅托爾
88463887,瓦迪賈克普勒克斯
89512485,沃吉東
90561074,赫盧斯鷹巢
91610560,老科爾克卡的農場
92659180,莫羅戈斯
93708754,羅戈圖·哈西
94757352,赫利斯的蛛網
95805959,德林府邸
96855514,洛加
97904104,卡維莊園
98953635,特拉爾西爾墓穴
100002213,斯洛格特爾公墓
101050806,塞羅哈達塔
102099402,阿西姆布洛斯神龕
103148969,拉內利里
104198469,塔斯吉普勒克斯
105247049,豬與匕首旅舍
106295664,皮塔哈傑特
107345228,瑪拉的永恆之星
108393821,弗洛格城堡
109442412,納羅古傑爾
110491979,斯塔爾東農莊
111540558,老塞克提的宅地
112589145,莫格賈
113638662,瑪拉的歡愉神諭
114687247,賈沃恩
115735840,喬戈姆之塔
116784444,賈維圖比
117833960,迪爾馬爾之據點
118882598,加羅戈爾之鬼域
119933133,格拉凡墓窖
120981727,格里普拉斯之巢穴
122032279,拉納諾
123080859,塞爾普恩小屋遺跡
124129437,霍穆納塞薩窪地
125178025,骯髒的衛兵旅店
126227571,薩爾德倫的據點遺跡
127277166,米西比
128326740,老鼠與獾客棧
129376304,費內拉迪蘇
130424888,伊斯福哈里
131473466,德魯托斯
132522046,鼴鼠與幼鹿旅店
133571596,爾農莊
134620179,艾索菲
135670750,索爾普莊園
136719331,庫德吉雷格
137767915,利諾
138817496,尼布埃希斯之宅邸
139869058,蘇爾迪爾的據點
140918640,鼴鼠與雄鹿酒吧
141968209,白仙子酒吧
143017788,圖拉斯塔尼
144066370,圖勒納傑特
145116934,提爾特庭院
146165513,莫吉里傑爾
147215099,深紅的龍客棧
148264661,弗爾波恩墓穴
149313239,矮人與山羊酒吧
276583,迪貝拉的內在祭壇
1326162,拉爾德克恩莊園
2376748,老拉爾德賈的陋屋
3434319,卡利
4484886,克魯爾塔農莊
5537449,紅貓酒館
6587018,格羅拉斯之蛛網
7635596,古爾德滕農莊遺跡
8684185,迪貝拉的靜默神諭
9733742,阿恩特利布通
10783312,瓦迪傑拉雷格
11832914,鼴鼠與深坑旅舍
12882474,布博哈比
13931053,幸運的祭司客棧
14980613,格拉爾德姆之要塞
16029226,老克拉扎姆棚屋
17078755,杜爾克恩農莊
18127349,嚎叫的祭司酒吧
19175930,法爾特農舍
20226484,帕吉達
21275068,吉塞拉
22323646,比倫城堡遺跡
23373226,羅爾波姆之堡壘
24422782,維夫農莊
25472376,拉梅米托爾
26520958,歡笑的裂谷旅舍
27570515,阿特魯扎
28619100,老斯塔吉巴的棚屋
29668652,老鼠與野蠻人酒館
30717231,卡盧雷格
31765810,巴加達
32814392,不幸的龍酒吧
33862990,骯髒的城堡酒吧
34912529,口渴的劍酒館
35961124,老諾格特棚屋
37009745,納格圖爾之實驗室
38059272,惡魔的哥布林旅舍
39107855,布利爾德塔府邸
40156445,飛翔的酒壺旅店
41205985,不安的幼鹿旅舍
42254566,皮西比
43304134,米利托爾
44352724,維雷澤扎爾之鬼域
45401338,莫哈尼
46450860,帕波尼里
47499458,克格特克深坑
48548053,卡爾佩莊園
49596656,老達爾奇陋屋
50646167,巴傑姆公墓
51694755,卡爾奇克恩宮殿
52743350,迪貝拉的哀號救贖者
53792920,米爾特府邸遺跡
54841500,丘菲拉姆小屋
55891053,阿茲多斯之蛛網
56939654,提戈努斯
57988233,迪倫克莊園
59036811,老維茲塔宅地
60085412,斯塔爾塔之法環
61134930,山貓與刺蝟酒館
62183527,奧夫瓦爾奇姆塔遺跡
63232144,女王的巨靈旅店
64281650,梅薩尼斯
65330283,馬格莊園
66378861,梅西里達
67428380,塞爾扎姆莊園遺跡
68476969,不幸的裂谷旅舍
69525559,國王的哥布林酒館
70574171,惡棍與野蠻人旅舍
71622749,矮人與野蠻人旅店
72672306,塔西里尼
73720893,斯圖格特之監牢
74770408,羅爾德農莊
75818993,科夫果園
76867595,迪貝拉的歌唱日出
77916179,布塔恩莊園
78964771,巴爾特齊斯之墳墓
80013353,庫爾特宮殿
81062861,綠地城酒館
82111442,卡爾加爾墓穴
83160030,迪貝拉的恆在聖物
84208629,弗爾卡爾深坑
85257224,馬庫姆巴扎爾
86305815,馬卡卡·伊吉
87355336,老多拉姆宅地
88403915,漢達·哈西
89452498,迪貝拉的哀泣救贖者
90501078,鼴鼠與獅鷲酒館
91549659,綠巨靈旅店
92598244,米爾梅爾府邸
93646836,幸運的獾旅舍
94696360,法奇庭院
95744982,赫佐特拉斯之棲所
96793560,斯特吉爾農莊
97843083,勒切恩莊園
98891661,弗勒什滕府邸
99940273,巴菲爾種植園
100988874,克羅爾多姆墓地
102038369,阿古努達
103086949,老薩什·埃的陋屋
104135533,老勒菲爾基的陋屋
105184112,迪貝拉的無盡救贖者
106232699,布格克恩府邸
107281294,老拉蘇爾宅地遺跡
108329876,阿格拉比
109378490,維斯庫恩特達爾科馬姆城堡
110427984,勒菲爾克恩城堡
111476611,骯髒的山羊酒館
112525195,不幸的蠍子旅店
113573788,布爾塞姆庭院遺跡
114622367,戈格塔果園
115671872,卡拉拉
116720458,薩圖爾農莊
117769037,卡洛圖薩
118817616,索菲拉爾之據點
119866214,女王的獾旅店
120914826,托爾克特莊園
121964314,海狸與巨靈旅舍
123012911,蟾蜍與幼鹿旅店
124061507,貝爾貝利傑特
125110127,飛翔的深坑客棧
126159623,舞蹈的巨人客棧
127208260,莫爾吉雷格
128257777,伊薩基拉達克斯
129306379,格羅姆魯戈斯之巢穴
130355000,巴盧利瓦之女修道院
131403583,拉諾科西
132452162,迪貝拉的溫柔之光
133501697,杜克莫羅本城堡
134550284,梅利斯洞窟
135599797,馬卡吉里
136648399,迪貝拉的靜默預兆
137697023,沃傑托爾蛛網
138745604,洛格墓窖
139795103,矮人與劍旅舍
140843682,阿恩特利里
141892270,托爾諾恩農莊
142940851,女王的哥布林客棧
143989439,黑巨人酒吧
145038034,菲爾塞姆莊園
146086639,銀惡棍旅店
147135218,基茲的衛所
148183799,比倫特府邸
149233294,澤尼里傑特
150281875,梅勒布拉恩祖拉之洞穴
151330463,朱博努拉大教堂
152379060,澤納通
153427647,格羅姆貢之蛛網
154477164,塞爾德府邸
155525759,阿特魯姆巴達
156574378,迪貝拉的祝福之魂
157622986,拉托托爾禽舍
158672474,巴爾普塔城堡遺跡
159721083,洛爾普府邸
160769667,斯圖托恩農莊
161818247,骯髒的野蠻人旅舍
162866854,維爾姆比斯之巢穴
163916363,沙斯特克恩塔
164964951,梅蘇圖薩
166013529,卡勒納雷特
167062148,拉特特洛斯
168110742,赫茲多斯巢穴
169160226,沃吉戈斯之蛛網
170208808,西爾達姆農莊
171257392,奧蘇比
172305979,弗拉爾城堡
173354567,西拉·科姆
174403204,托什基之聚落
175452686,勒茲塔莊園
176501274,達穆努托爾
177549862,達米尼
178598442,伊薩基
179647021,迪貝拉的祝福昇天
180695610,特爾莊園
181744194,老雷茲巴的宅地
182792785,嚎叫的深坑旅店
183841393,塞爾倫之墓穴
184890861,迪爾基姆塔
185939448,諾爾戈斯巢穴
186988117,羅爾潘公墓
188037593,國王的食人魔旅舍
189086235,博爾卡姆莊園
190134813,比爾姆卡交會所
191183391,矮人與刺蝟酒館
192231983,莫吉達
193280565,迪貝拉的神聖神諭
194330046,瓦迪賈哈西
195378657,莫爾戈斯鷹巢
196428193,老爾·埃的農場
197476777,羽毛與劍旅舍
198525376,尼爾格薩之秘社
199573971,嚎叫的獵人酒吧
200622551,伊格比斯的蛛網
201671164,賢者紀念碑
202720666,羅加哈達
203769245,老西爾坦宅地
204817871,薩肖特貢之鳥舍
205867371,卡喬科努
206915950,獅子與顱骨客棧
207964555,綠匕首旅店
209013134,蝙蝠與巨靈酒吧
210061729,布勒茲之要塞
211111264,野蠻的巨靈旅舍
212159842,法夫巴之巫會
213208441,盧萬
214257031,阿茲里斯蛛網
215305617,老拉吉法的農場
216354216,歡笑的仙子客棧
217402818,不安的麝香鼠酒館
218452373,布拉拉爾塔
219500977,迪貝拉的歌唱預見者
220550441,嚎叫的匕首酒吧
221599050,切塔爾的據點
222647633,老托爾普塔的宅地
223696279,塔薩斯塔達克斯
224745738,馬卡賈
225794317,弗利斯特之據點
226842925,迪貝拉的泣血聖像
227891533,里什農舍
228940111,杜格托姆墓地
229988696,不幸的野蠻人旅舍
231037293,馬基里拉
232085872,塞爾克倫之要塞遺跡
233135342,老卡爾庫爾棚屋
234183927,胡姆巴·科姆
235232544,努爾通之據點
236281163,阿恩特拉卡拉
237330664,烏姆布尼
238379258,老拉爾普·埃的農場遺跡
239427845,金惡棍旅店
240476426,舞蹈的獾旅店
241525016,瓦迪朱圖
242573596,獅子與龍客棧
243622199,瓦迪喬薩
244670793,雷爾克特之據點
245720256,銀鳥酒吧
246768841,迪貝拉的內在神諭
247817421,庫爾吉爾府邸
248866041,扎戈拉納
249915585,貝爾比西·塔爾
250964179,希夫倫莊園
252012826,米爾奇特農莊
253062293,豬與麝香鼠旅舍
254110899,塞拉斯庫比
255159527,塞奇農莊
256209047,維倫克恩莊園
257257625,伊戈特沃爾巢穴
258306215,惡魔的幼鹿旅舍
259354807,阿卡哈迪蘇
260403394,基爾滕的據點
261451974,小鼠與幼鹿旅店
262500580,幸運的顱骨客棧
263549167,塔索哈尼
264598647,黑鳥酒館
265647254,羽毛與狼旅舍
266695835,克羅爾潘之墓窖
267744440,女王的獅鷲旅舍
268793050,特
269841628,特
270891082,特盧爾特果園
271939770,特爾克倫的據點
272989230,羅吉拉
274037844,紅酒杯旅舍
275086468,諾里克爾
276135069,豬與獾酒吧
277184536,深紅的巨靈客棧
278233119,薩查恩莊園
279281716,庫敦
280330298,口渴的酒杯酒館
281378887,梅爾蒙農莊
282427483,拉斯塔比
283476094,銀刺蝟客棧
284524682,特拉奇姆府邸
285574164,盧爾奇宮殿
286622775,德珍旅舍
287671367,圖克特克恩的據點
288720887,庫爾府邸
289769499,迪貝拉的永恆之光
290818108,老納爾奇特棚屋
291867662,阿庫圖·戈拉
292916242,老諾菲爾法的宅地
293964825,圖拉達克斯
295013403,拉爾努爾種植園
296061982,馬爾特姆城堡
297110561,老迪格廷宅地
298159145,骯髒的雄鹿旅店
299207745,馬爾克恩公墓
300257333,馬拉·科羅姆
301306886,努格特墓地
302355477,伊斯菲西斯
303404055,迪貝拉的恆在之星
304452639,提爾克倫莊園遺跡
305502171,阿特爾吉·伊吉
306550760,福沃恩庭院
307599364,賈拉哈
308647948,女王的祭司酒館
309697493,迪貝拉的祝福之星
310746074,爾莊園
311794654,迪貝拉的恆在祭壇
312843250,惡魔的土撥鼠旅舍
313892777,鼴鼠與劍酒吧
314941360,塔索古·科羅姆
315989968,馬爾佩爾農莊
317039535,圖吉莊園
318088116,女王的刺蝟酒吧
319136701,西爾夫小屋遺跡
320185279,尼布埃隆的墳墓
321233861,老弗拉格特棚屋
322282440,馬庫達塔
323331960,拉特德雷德
324380563,提爾特爾之塔
325431134,圖爾內姆之堡壘
326479745,克利爾奇滕之城堡
327529280,羅加克·科羅姆
328577870,金貓酒吧
329626448,狐狸與麝香鼠客棧
330675026,卡蘭
331725589,特洛爾努姆小屋
332774175,蝙蝠與衛兵旅店
333822763,蝙蝠與祭司酒吧
334871347,迪貝拉的哀號殉者
335919929,塔西西傑爾
336970468,爾莊園
338019051,維法恩之巢穴
339067629,費爾塔姆府邸
340118198,拉吉里
341166782,扎格·伊吉
342215372,薩舒斯蛛網
343263957,布爾姆特莊園
344313504,小鼠與蠍子客棧
345362091,格勒吉農舍
346411684,塞科斯
347461232,潘達尼斯
348509833,迪貝拉的燃燒之樹
349561405,小鼠與貓酒吧
315721,布貝達
1364299,莫奇庭院
2413853,賈洛薩
3462441,迪爾普特城堡
4512049,塞德·科羅姆
5561587,基爾莊園
6611195,梅林府邸
7660754,凱娜瑞斯的靜默救贖者
8710324,吉西里布
9759889,凱娜瑞斯的可畏日出
10808473,特
11859038,老吉爾基的宅地
12907620,卡爾姆賈交會所
13956227,格里爾廷城堡
15007756,多爾卡姆庭院
16056348,舒克滕塔
17105910,特托恩庭院
18154488,骯髒的龍客棧
19203098,老克里爾迪姆宅地
20251676,貝拉里
21300254,內克羅米明之古塚
22349808,奧薩斯庫通
23400362,斯盧爾滕果園
24448963,弗拉倫城堡
25498518,吉蘇漢
26547100,斯盧爾特庭院
27595679,紅狼旅店
28646272,巴格府邸
29694862,老斯洛爾彭陋屋
30744409,紅獅鷲旅店
31793012,拉馬·伊吉
32843560,科贊塞特
33892157,克洛斯特府邸
34941710,尼布阿諾恩之宅邸
35990300,巴加卡加
37038887,莫斯特小屋
38088433,老菲奇卡的農場遺跡
39138011,弗拉斯塔爾庭院
40186613,伊薩基薩
41236169,普努扎爾
42285754,國王的祭司酒吧
43335338,帕波圖諾
44383917,老洛爾特宅地
45435489,博古達塔
46485059,鼴鼠與侏儒旅店
47533647,老馬爾明宅地
48585214,博爾圖爾公墓
49633796,塔克特府邸
50684363,拉馬卡萬
263832,深紅的貓旅店
1313401,爾府邸
2366999,賈維比
3415577,戈爾克之塔
4471139,生鏽的鳥酒館
5520678,洛帕達
6570273,薩爾德庭院
7618875,馬爾卡姆莊園
8668423,老圖爾德爾陋屋
9717019,納爾登莊園
10765600,巴吉托爾
11815161,薩爾克塔之據點遺跡
12863745,老西爾普·埃的陋屋遺跡
13912332,老丘爾德基的棚屋
14961880,圖爾特克葬地
16010476,達莫哈扎爾
17059081,多爾農莊
18108619,格里爾特克庭院
19158147,圖拉吉達克斯
20206726,國王的地城旅舍
21255335,特羅格爾古之蛛網
22303956,庫什塔果園遺跡
23352535,爾莊園
24402058,內爾奇克恩府邸
25451599,朱利安諾斯的燃燒昇天
26500212,老布利爾姆基的農場
27548829,卡爾古姆公墓
28599372,羅加斯塔布
29647955,維里米斯之墳墓
30696533,赫茲托爾巢穴
31746056,薩爾之塔
32794643,諾爾托斯
33843244,莫格莊園
34891824,貝通
35941444,迪瓦德紀念碑
36990026,朱利安諾斯的可畏救贖者
38039544,梅蘇姆巴西
39088169,弗勒丁府邸遺跡
40137683,朱利安諾斯的哀泣預兆
41186275,老鼠與龍旅舍
42234856,朱利安諾斯的祝福之樹
43284439,維爾圖爾莊園
44333050,巴爾克公墓
45382566,格拉爾潘農舍
46431196,納拉努
47479783,丘什克墓地
48529319,法爾姆莊園
49577914,塞倫府邸
50626507,斯特倫納港灣
51675085,老努奇陋屋
52724578,蝙蝠與獅鷲客棧
53773165,希普勒克斯
54821779,吉姆·塞神龕
55871334,不安的匕首旅舍
56919913,克盧爾普恩宮殿
57968501,杜爾切姆的衛所
59017086,布斯莊園
60065664,老薩吉法的陋屋
61114243,口渴的惡棍酒館
62162824,肖爾克恩農莊
63211402,索爾之塔
64259998,維格里爾神龕
65309493,德珍旅舍
66358114,朱利安諾斯的永恆之光
67406713,拉梅拉拉
68455294,格利爾德莊園遺跡
69504793,庫多文
70553400,庫多圖·塔爾
71601996,迪斯帕特爾洞窟
72650577,庫達哈薩
73699181,達詹公墓
74748670,卡菲爾之堡壘
75797276,羅戈科·科羅姆
76845864,克吉滕之據點
77894446,矮人與仙子酒吧
78943024,貝格姆監獄
79991602,卡勒利斯
81040183,金龍客棧
82088768,惡魔的貓酒館
83137358,拉克特之墓穴
84186864,國王的城堡旅店
85235523,霍穆尼洛尼瓦石窟
86285006,莫羅科
87333585,莫拉德扎
88382172,布爾克莊園遺跡
89430751,海狸與衛兵酒吧
90479368,丘爾德採石場
91527974,塞拉吉里
92577460,蘇什特墓地
93626098,塔塞卡特
94674679,薩塔卡拉姆
95723272,蘇塔爾實驗室
96771859,皮雷格
97821348,德珍旅舍
98869944,克羅爾格庭院
99918557,老福奇·西的棚屋
100967161,莫爾卡蘇納石窟
102016646,費尼里拉
103065225,伊斯費·科羅姆
104113813,雷塔姆之要塞
105162414,女王的獅鷲旅舍
106211010,伊斯菲里斯
107260550,老塞爾奇提的宅地
108309128,梅爾提姆莊園
109357768,澤納卡拉
110407274,拉吉莊園
111455862,飛翔的野蠻人旅舍
112504462,梅格姆農莊
113553044,卡查姆塔
114601628,老蘇奇克宅地
115650214,奧夫莫菲洛姆塔遺跡
116698803,山貓與劍酒館
117748326,利傑爾
118797867,阿普努西
119846450,朱利安諾斯的神聖日出
120895028,飛翔的幼鹿旅舍
121943623,沃貢小屋
122992201,山貓與獅鷲酒吧
124040784,阿佩拉諾
125089381,白巨靈旅店
126137959,西魯努文
127186567,西拉斯庫·塔爾
128236049,蘇爾卡爾之墓窖
129284629,奎奧文神龕
130333237,提爾克之要塞
131381828,莫里西比
132430417,達米布加
133479000,達米西拉
134527585,芬恩庇所
135577140,提爾庫爾莊園
136625719,圖拉斯庫尼斯
137675238,綠野蠻人旅舍
138723865,朱利安諾斯的恆在之光
139772466,庫爾孔公墓
140821049,塞爾納爾墓地
141870533,老拉蘭棚屋
142920138,老特盧爾特宅地
143968716,羅斯提恩小屋
145017294,朱利安諾斯的泣血預見者
146065885,朱利安諾斯的哀泣重生
147114492,賈沃尼普勒克斯
148164001,哈爾酒館
149212590,克魯爾奇農莊
150261230,阿古扎爾
151309812,口渴的匕首酒館
152359310,羅加德拉納
153407905,爾礦脈
154456504,羅加吉·哈西
155505084,卡拉達克斯
156554628,德魯羅克蛛網
157603241,綠匕首酒吧
158651819,利加
159701349,里吉莊園
160750933,巴格納里
161800498,查爾帕爾的據點
162849077,羅克特之要塞
316780,布利爾普塔農莊
1366353,巴羅加恩之鬼域
2414990,米爾西爾之塔
3463579,福贊小屋
4512163,瓊恩神龕
5560741,費爾克農莊
6609320,基蘭劇院
7658801,綠顱骨酒吧
8707382,卡爾肯莊園
9755963,蝙蝠與狗旅店
10804586,綠食人魔旅店
11854122,銀土撥鼠旅店
12902701,魯爾特府邸
13951303,瓦爾格農莊
14999888,諾爾克之塔
16048472,勒格提爾府邸
17097056,吉爾特特之塔
18145644,克盧吉特莊園遺跡
19194234,澤尼薩爾的歡愉之光
20243703,生鏽的祭司旅店
21292293,沃雷爾之據點
22340950,皮提里薩
23390436,獅子與獅鷲旅舍
24439033,惡魔的頭盔酒館
25487628,博爾德農舍
26536206,阿恩羅格
27584784,達穆圖普勒克斯
28633380,格里爾莊園遺跡
29681964,澤尼薩爾的歌唱重生
30730543,澤尼薩爾的溫柔神諭
31779132,納雷納傑爾
32827717,納拉卡通
33877175,古爾格姆城堡
34925762,口渴的酒壺酒吧
35974352,加斯倫學院
37022938,圖拉克雷格
38071518,澤尼薩爾的神聖聖像
39120099,洛爾德爾農莊
40168734,斯圖爾滕城堡遺跡
41218236,老雷斯·伊的棚屋
42266849,澤尼薩爾的哀號之樹
43315439,國王的食人魔酒館
44364026,米爾果園
45412610,伊里克祭壇
46461211,霍達克斯
47509790,利托加爾之墓窖
48559238,紅祭司酒館
49607816,口渴的山羊酒館
50656408,黑酒壺客棧
51704994,烏姆布努文
52753581,斯勒普城堡
53802160,布利爾奇倫莊園
54850744,法斯克莊園
55899323,薩吉種植園
56947906,烏姆比·塔爾
57996497,澤尼薩
59045103,澤尼薩爾的靜默神諭
60093683,迪爾奇農莊
61142280,瓦謝姆農莊
62191774,帕皮布·科羅姆
63240357,賈沃波斯
64288962,弗洛什滕農莊遺跡
65337543,斯特爾塞城堡
66386123,老格爾特薩的農場遺跡
67434709,賈瓦拉尼斯
68483299,羽毛與祭司客棧
69532770,馬雷蘇納洞穴
70581362,庫杜努里
71629942,馬爾克農莊
72678520,惡魔的食人魔旅店
73727128,諾克特姆果園
74775737,蟾蜍與哥布林旅店
75824329,海狸與匕首客棧
76872920,老武格特卡的農場
77922371,老蘇克廷宅地
78970958,白鳥旅店
80019540,克拉爾克小屋遺跡
81068130,白獅鷲客棧
82116717,戈爾克倫府邸
83165295,豬與仙子旅舍
84213911,特盧爾克農莊
85262491,老鼠與衛兵客棧
86311069,女王的衛兵客棧
87359651,多爾農莊
88408235,扎吉布托爾
89456813,納倫克恩府邸
90505391,布洛爾克種植園
91553978,舒倫莊園
92603443,白匕首酒吧
93652030,馬爾德塔的衛所
94700609,澤尼薩爾的恆在救贖者
95749187,尼爾達爾莊園
96797766,維雷內恩府邸
97846393,豬與蠍子酒吧
98894984,維爾姆托爾
99943592,博哈布
100993042,朱布盧勒薩大教堂
102041632,鼴鼠與顱骨旅店
103090210,斯利爾德姆塔
104138804,惡棍與豪豬旅店
105187388,克雷爾克農莊遺跡
106235969,沃吉拉斯之蛛網
107284573,赫茲古
108333159,老弗勒法的農場
109381746,老梅夫卡的棚屋
110430333,老卡爾奇賈的棚屋遺跡
111478950,奧索扎爾
112527530,西羅尼·伊吉
113576110,尖叫的巨人旅店
114625562,莫拉哈達
115674167,澤尼薩爾的可畏聖像
116722791,德爾普克的監牢
117771371,深紅的狼客棧
118820845,山貓與巨靈酒館
119869433,老馬爾奇·西的陋屋
120918020,澤尼薩爾的哀泣殉者
121966604,莫索姆之要塞
123015216,阿科古諾
124063799,魯爾姆果園
125112377,阿科尼文
126160965,拉爾的據點
127209543,鼴鼠與巨靈客棧
128258122,利津城堡
129306718,圖拉德·塔爾
130355296,塔索尼薩
131403875,努夫果園
132452454,國王的深坑酒館
133501047,拉喬恩莊園
134549625,平雷特
135598205,法斯提姆小屋
136647642,法爾姆滕莊園
137696221,克洛爾提姆墓窖
138744814,納羅古尼斯
139793392,索克特之墳場
140841970,納雷達
141890550,澤尼薩爾的歡愉殉者
142939129,馬提姆塔
143987715,伊里克祭壇
145036329,莫古比
146084919,舒克特之據點
147133543,澤尼薩爾的祝福殉者
148182128,格盧吉莊園
149230725,科爾姆宮殿
150279304,巴利拉西瓦牧師宅
151328681,喬德神龕
152377259,謝謝的衛所
153425843,布利西姆學院
154474424,杜格羅德神龕
155523024,拉吉庭院
156571624,邁伊神龕
157620213,特
158668820,特
159717416,帕帕達塔
160766001,費努托爾
161814579,伊斯法斯塔尼
162863159,嚎叫的貓酒館
163911748,提爾多姆公墓
164960326,伊斯福
166008916,維奇宮殿
167057500,迪什克府邸
168106089,博吉塔莊園
169154667,梅倫之塔
170204117,老梅格托姆陋屋
171252697,老莫吉·伊的陋屋遺跡
172301275,西吉莊園
173349860,塞爾特克城堡
174398469,里格特府邸
175447092,維爾普農莊
176495672,爾莊園
177544255,克爾城堡遺跡
178592841,費詹宮殿
179641422,金深坑酒吧
180690005,迪斯佩布拉恩澤納之修道院
181739387,骯髒的龍旅店
182787972,狐狸與顱骨旅店
183836556,布勒斯倫農舍
184885157,羅拉爾公墓
185933741,米爾奇小屋遺跡
186982324,斯提夫之堡壘
188030919,爾之據點
189079497,克勒根農莊
190128083,提斯托恩小屋遺跡
191176670,貝格特農舍
192225248,卡傑納
193273826,卡爾達爾農莊遺跡
194322404,米格克恩塔
195370982,班迪神龕
196419563,格勒斯農莊
197468149,克里爾普的衛所
198516727,歡笑的食人魔酒吧
199565307,黑檀臂鐵砧
200613924,卡賈斯塔雷格
201662522,生鏽的顱骨酒吧
202711911,蝙蝠與惡棍酒館
203760494,卡格特倫莊園
204809072,塔爾丹宮殿
205857662,幸運的山羊旅舍
206906256,澤尼薩爾的永恆日出
207954834,魯爾波恩果園
209003426,特勒盧姆之要塞
210052005,法格特莊園
211100635,武奇農莊遺跡
212149217,克雷菲爾塔之召集所
213197798,賈盧姆巴·哈西
214246423,金雄鹿客棧
215295006,莫爾貢蛛網
216343588,老古格塔爾棚屋
217392972,查爾查恩之據點
218441563,不幸的獾酒館
219490146,澤尼薩爾的歌唱殉者
220538769,庫迪里達克斯
221587357,老特勒德塔的陋屋遺跡
222635936,弗拉朱姆之要塞
223684515,格洛孫府邸
224733099,勒米西
225781679,死亡的匕首旅舍
226830264,澤尼薩爾的歌唱之樹
227878843,格雷爾之據點
228927424,利里諾
229976012,伊格東之巢穴
231024617,弗格托姆城堡
232073196,扎甘達文
233121774,武斯特種植園遺跡
234170352,伊里克祭壇
235218938,扎吉里·塔爾
236268337,特洛倫滕農莊遺跡
237316919,莫爾圖姆墓地
238365498,格魯爾奇農莊
239414112,巴吉拉
240462691,拉納卡·科羅姆
241511270,里斯特克農莊
242559869,惡魔的劍酒吧
243608507,芬恩庇所
244657120,不幸的衛兵酒館
245705703,馬爾德墓窖
246754293,貝爾賓
247803676,特勒德克恩種植園
248852261,澤尼薩爾的燃燒預見者
249900852,瓦爾克種植園遺跡
250949441,西羅拉
251998019,杜爾德的據點遺跡
253046612,幸運的深坑旅舍
254095200,布勒菲爾莊園
255143786,舞蹈的蠍子旅舍
256192394,斯拉克特之要塞
257240992,澤尼薩爾的永恆之魂
258289574,阿茲羅斯的蛛網
259338186,舒特姆深坑
260386771,莫羅帕努
261435349,野蠻的土撥鼠客棧
262484745,馬基布里
263533351,阿卡布
264581942,惡棍與酒壺酒吧
265630532,弗勒奇公墓
266679157,圖拉布普勒克斯
267727736,澤尼薩爾的歌唱之光
268776315,紅祭司客棧
269824922,德斯克恩莊園遺跡
270873501,梅爾孔宮殿
271922121,海狸與狗酒館
272971493,女王的野蠻人旅店
274020074,格斯特農舍
275068653,赫拉·伊吉
276117244,澤尼薩爾的無盡昇天
277165828,國王的顱骨客棧
278214406,幸運的惡棍酒吧
279262984,不安的刺蝟旅舍
280311578,梅斯圖爾農莊
281360160,吉蘇努
282408743,老蘇茲卡的棚屋
283457322,老塔爾奇塔的棚屋
284505906,不安的食人魔旅舍
285554502,瓦菲拉姆庭院
286603126,內克羅莫格扎爾之墳墓
287651719,布盧爾卡爾莊園遺跡
288700299,小鼠與食人魔酒吧
289748886,布爾佩姆府邸
290797468,沙爾塞爾莊園
291846048,老卡菲利的農場
292894635,克拉爾德城堡遺跡
293943213,莫加斯庫雷格
294992599,德爾查恩府邸遺跡
296041177,羽毛與惡棍旅店
297089767,芬恩庇所
298138390,烏姆比西拉納
299186982,穆爾努爾莊園
300235560,特洛祖恩莊園
301284161,羅爾宮殿
302332815,莫·戈拉
303381401,瓦迪吉西達克斯
304430778,克魯爾克實驗室
305479368,帕帕哈拉
306527948,賈沃哈·塔爾
307576557,伊斯菲利薩
308625141,吉爾庫姆小屋
309673755,矮人與巨人旅店
310722348,澤尼薩爾的歡愉之魂
311770935,卡爾特爾小屋遺跡
312819525,澤尼薩爾的祝福救贖者
313868147,基爾德農莊遺跡
314916731,惡棍與侏儒酒館
315966112,沃爾戈姆莊園
317014695,伊格洛斯巢穴
318063273,尖叫的惡棍酒館
319111880,克洛克特姆墓地
320160464,米爾庫姆小屋
321209048,維格里爾神龕
322257626,卡爾格府邸
323306208,阿戈科加
324354786,多爾坦府邸
325403365,埃勒利拉
326451949,塞爾庫爾農莊
327500544,黑檀臂鐵砧
328549128,弗利爾根農舍
329597719,布利爾府邸
330646297,索爾特姆農莊
331694906,埃洛尼·科羅姆
332743495,黑豪豬旅舍
333792075,老特利夫卡的陋屋遺跡
334840653,維爾姆戈斯的蛛網
335889247,銀食人魔旅店
336938677,提爾格之要塞
337987260,羅格吉比
339035838,比爾特爾果園
340084421,羅吉利·科姆
341133025,卡吉拉拉
342181604,老特爾格·埃的農場
343230219,伊貢
344278863,老克雷爾特棚屋
345328240,國王的狼客棧
346376822,野蠻的狼客棧
347425402,納斯克之據點
348473986,伊里克祭壇
349522566,塔爾帕姆果園
350571161,老納丘恩宅地
351619765,芬恩庇所
352668348,野蠻的衛兵旅舍
353716945,梅吉姆塔
354765551,瑞恩聖物庫
355814168,阿特羅科迪蘇
356862756,老斯塔奇·西的棚屋
357911334,老馬爾特法的棚屋
358959920,加爾德莊園
360008505,澤尼薩爾的泣血之樹
361057875,獅子與獵人酒吧
362106460,塞丁布
363155081,圖奇農莊
364203659,杜斯倫小屋
365252237,里爾提姆公墓
366300819,巴格特之塔
367349397,拉盧爾莊園
368398004,老弗洛爾普塔的棚屋
369446589,澤尼薩爾的燃燒之樹
370495176,塞多普勒克斯
371543772,金麝香鼠旅舍
372592354,謝丘恩塔
373640966,梅蘇傑特
374689557,老克拉爾普卡的農場
375738950,塞西爾城堡
376787533,老科斯巴的農場遺跡
377836112,巴吉·伊吉
378884703,拉納喬
379933283,科傑姆農舍
380981905,納謝恩之堡壘
382030485,諾格克莊園
383079063,福隆種植園遺跡
384127648,尖叫的顱骨酒吧
385176245,克里沙爾莊園
386224832,福吉農莊
387273416,拉內雷格
388322008,骯髒的幼鹿旅店
389370586,黑野蠻人旅店
390419168,阿普達
391467771,國王的狗旅舍
392516358,歡笑的祭司旅店
393564938,喬斯特農莊
394614323,女王的狗旅舍
395662914,菲格姆小屋
396711518,皮托西
397760098,肖格特府邸
398808680,德魯戈斯的蛛網
399857261,弗盧爾德塔之據點
400905839,澤尼薩爾的泣血之光
401954427,拉爾彭塔
403003009,瓊恩神龕
404051588,莫爾基勒教區宅
405100195,福切恩之監獄
406148781,皮特圖諾
407197391,弗勒克廷莊園
408245970,吉西拉
409294548,吉齊姆宮殿
410343131,惡魔的蠍子酒吧
411391721,博斯特特庭院遺跡
412440304,雷菲爾特果園
413489672,爾的據點
414538255,弗拉格城堡
415586833,卡爾奇滕之塔
416635429,野蠻的匕首酒館
417684015,賽伊聖物庫
418732605,馬克特宮殿
419781185,瑞恩聖物庫
420829839,沃吉沃爾蛛網
421878418,特·科羅姆
422927001,澤尼薩爾的歡愉神諭
423975583,基斯特的衛所
425024171,老西爾辛陋屋遺跡
426072750,圖勒南
427121332,老特爾蒙宅地遺跡
428169918,費納斯塔尼斯
429218497,澤尼薩爾的聖昇天
430267092,塞爾德農舍
431316469,銀麝香鼠酒館
432365060,加爾登農莊
433413661,老德爾科姆陋屋
434462334,弗勒普宮殿
435510917,老弗拉格圖姆棚屋遺跡
436559505,銀雄鹿酒館
437608094,老弗拉爾德·伊的宅地
438656675,阿恩特勒米努
439705263,爾城堡
440754648,帕皮布
441803237,武爾克農莊
442851833,馬爾格城堡
443900431,塞爾納爾實驗室
444949018,羽毛與獵人酒吧
445997603,歡笑的劍酒館
447046190,塔爾甘庭院
448094769,老卡斯陋屋
449143347,薩扎姆城堡
450191925,賈瓦卡普勒克斯
451240524,克魯爾府邸
452289117,賈維傑特
453337712,阿特拉克扎
454386290,白地城旅店
455434879,阿加扎爾
456483459,托文公墓
457532048,惡棍與地城旅店
458580637,克利爾查爾之塔
459629215,庫杜·伊吉
460677795,豬與土撥鼠客棧
461726373,邁伊神龕
462774952,穆菲蘭墓地
463824322,老莫拉姆陋屋
464872911,托武恩農莊
465921491,羅古努·戈拉
466970097,卡利達克斯
468018677,伊里克祭壇
469067260,澤尼薩爾的靜默預見者
470115860,索爾克恩莊園
471164487,洛夫滕宮殿
472213076,卡利西
473261662,貝諾
474310249,弗勒潘之要塞遺跡
475358835,惡魔的頭盔旅店
476407426,穆茲基之集會
477456804,貝斯特之據點遺跡
478505383,澤尼薩爾的燃燒聖物
479553972,奧索圖雷特
480602562,沃爾內爾塔
481651155,諾格姆庭院遺跡
482699734,奧薩拉賈
483748321,西羅圖拉
484796904,提爾奇倫農舍
485845495,蝙蝠與狼酒館
486894119,塞德拉·科羅姆
487942699,莫羅漢
488991285,澤尼薩爾的哀號之星
490039873,白土撥鼠旅店
491088456,瑞恩聖物庫
492137037,嚎叫的惡棍旅舍
493185634,老奇格滕棚屋遺跡
494234212,莫拉斯庫比
495282792,切爾姆特果園
496331373,塞雷利達
497379955,塞克戈德
498429330,伊薩科·科姆
499477919,格盧奇農莊遺跡
500526529,拉尼西拉
501575107,斯塔斯特克恩之據點遺跡
502623699,金狗酒吧
503672307,尼爾穆姆宮殿
504720900,澤尼薩爾的可畏救贖者
505769496,老達爾帕爾宅地
506818094,弗勒奇恩府邸
507866692,塞菲蘭庭院
508915289,博吉姆莊園遺跡
509964659,弗盧爾普特莊園
511013253,阿薩姆斯神龕
512061837,加希爾府邸
513110417,卡傑爾庭院
514159008,皮托科萬
515207591,塞斯的據點
516256178,吉塞利布
517304760,白顱骨旅店
518353346,吉索尼普勒克斯
519401958,獅子與蠍子旅舍
520450555,布拉爾尼姆種植園
521499148,納羅傑特
522547731,洛爾克塔城堡
523596312,格魯爾克特宮殿
524644891,鼴鼠與城堡酒館
525693473,納爾吉扎
526742052,明扎爾
527790630,巴根庭院
528839224,博蘭塔
529887818,莫爾克莊園
530937182,帕佩扎爾
531985783,斯洛什倫種植園
533034366,老馬爾克棚屋
534082963,老斯勒克托姆棚屋遺跡
535131542,費諾古·伊吉
536180132,羅格特公墓
537228719,丘格特克恩農莊
538277305,沃什莊園
539325888,尼傑姆的據點
540374466,國王的食人魔客棧
541423051,斯勒內姆之據點
542471635,加爾克爾之據點
543520275,老舒格特·埃的宅地
544568859,伊斯費霍
545617438,托爾昆莊園
546666024,法雷塔
547714602,科爾古姆莊園
548763180,勒格特倫城堡
549811758,伊斯法德雷格
550861132,銀頭盔客棧
551909720,布洛爾塔爾莊園
552958299,多菲勒塔
554006892,黑惡棍酒吧
555055493,基爾特府邸遺跡
556104071,阿恩特林拉納
557152703,斯利丘姆之塔
558201285,死亡的匕首客棧
559249870,埃盧·戈拉
560298448,烏姆賓達克斯
561347033,爾之堡壘
562395616,巴里維斯府邸
563444198,老布盧菲爾倫陋屋遺跡
564492780,格洛爾特宮殿
565542201,維爾佩之堡壘
566590781,拉梅·塔爾
567639369,卡吉薩
568687963,斯托謝莊園遺跡
569736546,斯勒斯克恩農莊
570785140,卡賈吉雷特
571833724,小鼠與刺蝟酒吧
572882311,阿特雷賈
573930909,多斯特公墓
574979490,費爾格克莊園遺跡
576028073,白狼酒吧
577076667,口渴的惡棍旅舍
578125271,老克爾德·伊的農場
579173872,菲爾德宮殿
580223255,格拉爾特克之要塞
581271837,澤尼薩爾的哀泣預見者
582320431,洛達
583369031,黑麝香鼠酒館
584417618,特爾馬姆府邸
585466220,賢者紀念碑
586514819,克爾普農莊
587563411,澤尼薩爾的永恆重生
588611997,瓦西姆農舍
589660589,武爾塔姆之要塞
590709185,弗爾克滕之堡壘
591757764,老沙爾基的農場
592806349,舒吉塔
593854940,扎格圖比
594904329,格拉爾普克農莊
595952915,拉爾奇塔莊園
597001505,梅塞米努
598050111,卡利里達塔
599098700,老布斯特·西的宅地
600147293,不幸的酒杯酒吧
601195879,馬爾佩姆種植園
602244493,法爾奇莊園
603293075,口渴的祭司酒吧
604341662,巴加恩達迪蘇
605390258,巴吉里尼
606438841,德魯托斯
607488246,奧塞納布
608536852,克拉吉莊園遺跡
609585431,飛翔的豪豬酒吧
610634009,西拉卡普勒克斯
611682603,不幸的龍旅舍
612731182,貝爾托姆府邸遺跡
613779772,科特姆之塔
614828361,特羅格滕
615876939,維茲深坑
616925521,澤尼薩爾的可畏之樹
617974099,西魯姆巴傑特
619022680,科爾西爾農莊遺跡
620071258,莫拉克扎
621119837,老布洛格宅地
622168416,澤尼薩爾的內在之樹
623217004,喬德神龕
624265583,圖謝爾農莊
625314161,莫雷米扎爾
626362743,老戈爾特·伊的宅地遺跡
627411328,達馬克·伊吉
628459921,沃茲農莊
629508501,弗洛爾普滕之地城
630557095,布沙恩果園
631605687,達曼達
632655057,奎奧文神龕
633703638,佩諾
634752230,菲爾辛農莊
635800808,澤尼薩爾的泣血先知
636849389,帕克拉
637897968,伊克爾之巢穴
638946565,費謝姆的衛所
639995146,澤尼薩爾的神聖重生
641043725,索克滕城堡
642092342,赫·塔爾
643140943,哈爾酒館
644189539,迪爾克的衛所
645238128,梅茲滕府邸
646286707,斯科貢的巢穴
647335286,希爾孔之堡壘
648383883,惡棍與雄鹿客棧
649432470,格拉爾梅爾的據點
650481053,希布薩
651530427,瓦迪朱努恩
652579034,達塔爾農舍
653627615,耶弗瑞神龕
654676197,瓦迪傑拉比
655724783,莫爾基利圖拉教區宅
656773379,歡笑的酒杯客棧
657821965,庫爾德特城堡
658870562,塞爾根莊園
659919143,格羅克圖姆之堡壘
660967722,帕皮達
662016304,帕帕斯庫比
663064897,比爾圖爾塔
664113476,托塔姆布
665162056,貝爾吉姆莊園
666210643,澤尼薩爾的聖重生
667259234,老布拉爾克薩的棚屋
668307815,澤尼薩爾的可畏之魂
669356417,馬爾克塔農莊
670404995,飛翔的仙子旅店
671454377,納爾貢府邸
672502957,小鼠與山羊酒館
673551552,喬爾特莊園
674600132,庫達拉迪蘇
675648715,爾莊園
676697295,生鏽的刺蝟酒館
677745881,弗爾格府邸
678794480,朱貝布拉斯石窟
679843076,埃洛圖尼
680891669,老科爾特·埃的農場
681940261,埃勒拉
682988851,布博哈薩
684037429,澤納斯庫萬
685086009,不幸的麝香鼠酒館
686134598,羅格利布
687183180,福爾托姆莊園
688231761,基爾普之據點
689280339,老斯圖夫陋屋
690328935,穆爾格克恩農莊
691378315,賈利拉傑爾
692426895,澤尼薩爾的可畏聖物
693475503,沃查爾莊園
694524091,奧西利達
695572686,洛古拉納
696621270,塞多科·戈拉
697669851,費倫特之實驗室
698718439,國王的獾酒館
699767049,塞多古卡特
700815635,舞蹈的巨靈酒吧
701864240,拉爾敦城堡
702912842,梅格特卡之教團
703961427,梅索尼西
705010823,澤尼薩爾的祝福重生
706059402,尼傑姆莊園
707107981,小鼠與狗酒館
708156562,魯斯特之要塞
709205141,莫爾庫盧爾之深坑
710253736,費丘爾果園
711302314,塞爾吉拉
712350949,巴吉恩·哈西
713399529,小鼠與刺蝟酒館
714448107,戈夫小屋
715496702,拉恩吉薩
716545296,費瓦爾塔
717593913,老德菲爾提的棚屋
718643308,福爾德特之要塞
719691904,塔塞漢
720740492,德爾米爾莊園
721789080,老米格特宅地遺跡
722837670,皮塔德比
723886254,皮塔吉達
724934833,穆茲城堡
725983430,芬恩庇所
727032008,格爾明府邸
728080601,圖爾普滕公墓
729129185,老特勒普·埃的農場
730177775,矮人與狗旅店
731226353,吉辛比
732274939,達吉特莊園
733323517,老巴克特棚屋
734372097,野蠻的鳥酒館
735420677,布勒佩爾農莊
736469255,達穆·科姆
737517834,吉克特之墓穴
738566414,馬加爾之墓窖
739614995,斯利茲之塔
740663573,瓦金果園
741712156,納里努斯
742760740,布格特農莊
743810208,澤尼薩爾的哀泣之魂
744858787,銀惡棍客棧
745907383,塔什農莊
746955967,洛菲爾之要塞
748004571,庫克塔姆庭院
749053185,老爾的宅地
750102580,澤尼薩爾的恆在重生
751151170,布爾庫爾農莊
752199750,弗盧爾德莊園
753248336,布利克滕府邸
754296917,老索爾倫滕陋屋
755345497,哈普勒克斯
756394086,澤尼薩爾的聖神諭
757442680,科爾德克恩農舍
758491267,埃芬神龕
759539863,吉沙爾城堡
760588442,沙爾登之要塞
761637026,薩斯倫種植園
762685610,希里傑特
763734198,女王的蠍子酒館
764782796,科爾杜爾小屋
765831380,蘇奇特的衛所
766879960,斯洛爾克之堡壘
767928540,法爾塔城堡
768977132,不幸的祭司酒吧
770025710,阿恩特拉斯塔扎
771074291,澤尼薩爾的內在之星
772123686,烏姆布姆巴
773172268,加拉爾墓窖
774220851,瓦迪傑圖傑爾
775269497,不安的惡棍酒館
776318085,希爾特採石場
777366683,老爾宅地
778415272,澤尼薩爾的內在預見者
779463890,博爾德府邸遺跡
780513291,野蠻的城堡酒吧
781561872,梅爾果園
782610461,格里爾普克恩庭院
783659058,澤尼薩爾的燃燒先知
784707664,克拉斯特莊園
785756245,庫斯特府邸遺跡
786804826,賈凡達西
787853418,阿特雷納諾
788901999,馬爾門城堡
789950577,澤尼薩爾的燃燒救贖者
790999162,巴孫莊園
792047742,格拉爾德莊園
793096334,阿古圖拉
794144914,薩爾格之據點
795193507,卡爾特克墓窖
796242085,克雷爾奇莊園
797290668,澤尼薩爾的溫柔殉者
798339246,巴爾德塔莊園
799387827,黑獅鷲旅店
800436406,巴爾府邸
801484984,塞爾彭府邸
802533568,深紅的巨靈酒館
803583004,卡盧比
804631611,魯爾普特墓地
805680191,巴戈帕達
806728776,巴爾庫姆之墓窖
807777358,博比
808825980,生鏽的獾酒吧
809874563,班迪神龕
810923160,弗茲特農莊
811971746,布盧爾丘爾農莊
813020332,貝爾博帕·科姆
814069722,斯盧菲利爾城堡
815118305,老羅夫陋屋遺跡
816166884,老克羅倫·伊的宅地
817215462,羽毛與蠍子客棧
818264040,塞德里
819312622,深紅的豪豬旅店
820361209,菲爾克克之要塞
821409818,狐狸與狗旅舍
822458398,尼爾尼姆府邸
823506977,白劍客棧
824555585,喬爾奇克恩莊園
825604164,莫里布
826652751,莫拉薩
827701345,澤尼薩爾的哀號救贖者
828749927,斯利爾內爾農莊
829798505,塞拉拉萬
830847085,老法爾普賈的棚屋
831895666,科爾庫爾莊園
832944251,老格羅菲爾·西的農場
833992850,狐狸與山羊客棧
835041432,澤尼薩爾的神聖之魂
836090851,德爾坎種植園遺跡
837139486,福爾特克的衛所
838188064,格魯拉斯迴廊修道院
839236645,奎奧文神龕
840285231,惡魔的龍酒吧
841333861,不幸的顱骨酒館
842383311,嚎叫的雄鹿旅舍
843431932,福倫塔塔
844480523,爾果園遺跡
845529105,博斯圖爾的衛所
846577711,克奇倫墓地
847626292,福爾基之秘社
848674901,奎奧文神龕
849723480,老弗格特基的宅地
850772065,巴爾特莊園
851820644,帕波尼賈
852870107,伊斯夫吉·科羅姆
853918699,卡爾特克恩府邸
854967278,達爾滕種植園
856015862,武爾德農莊
857064460,特勒奇克之堡壘
858113044,伊斯法漢
859161625,阿恩特利拉比
860210220,博奇特塔
861258808,特洛祖爾城堡
862307406,卡爾敦庭院
863355985,特爾卡姆莊園遺跡
864405467,幸運的顱骨旅店
865454052,達爾基瓦羅斯之墳墓
866502636,拉爾奇倫宮殿遺跡
867551258,博奇恩莊園
868599836,奧夫弗洛夫克塔遺跡
869648418,海狸與侏儒旅店
870696997,古爾姆莊園
871745575,口渴的顱骨酒館
872794157,拉莫尼迪蘇
873843679,托沃恩莊園遺跡
874892260,德斯滕墓窖
875940848,格魯索姆種植園遺跡
876989430,西格塔之集會
878038009,努爾克塔之要塞
879087536,里爾平莊園
880136149,澤尼薩爾的歌唱預見者
881184768,利拉姆的據點
882233351,巴戈·戈拉
883282873,狐狸與刺蝟旅舍
884331459,莫拉斯塔賈
885380046,黑蠍子旅店
886428624,馬克特爾農莊
887477211,黑檀臂鐵砧
888525790,老弗爾提的棚屋遺跡
889574370,達梅納文
890623903,加格城堡遺跡
891672507,澤尼薩爾的恆在祭壇
892721085,波達塔
893770602,帕波帕里
894819183,布爾彭城堡
895867841,帕波·伊吉
896917346,埃利·戈拉
897965945,克爾莊園
899014523,班迪神龕
900063111,維爾提爾府邸
901111689,西爾金庭院
902160268,洛爾普農莊
903208846,埃勒卡特
904257431,貝拉姆農舍
905306015,格爾敦府邸
906355550,金獅鷲酒吧
907404157,卡賈拉薩
908452747,鼴鼠與刺蝟旅舍
909502250,維格農莊遺跡
910550843,塞迪西比
911599421,海狸與巨人酒吧
912648003,格羅拉爾戈斯蛛網
913696601,老納爾姆陋屋
914745192,加夫特莊園
915793775,鼴鼠與貓旅店
916843342,謝爾內的據點
917891923,老鼠與惡棍酒館
918941444,矮人與麝香鼠酒吧
919990065,巴勒克斯之洞窟
921038648,女王的惡棍酒吧
922087229,拉諾科拉
923135810,格拉奇種植園遺跡
924185315,老克利什巴的棚屋
925233927,紅蠍子旅舍
926282505,希爾特爾墓地
927331087,福格種植園
928379665,老布洛爾普克棚屋
929428252,賢者紀念碑
930477789,爾克恩的據點
931526370,伊薩卡吉通
932574977,狐狸與山羊酒館
933623567,馬卡德拉納
934672149,馬卡吉·戈拉
935721682,格雷爾特城堡
936770261,貝爾加爾小屋
937818862,斯勒提恩農舍
938867441,雷爾曼挖掘場
939916995,金酒壺客棧
940965598,澤尼薩爾的可畏昇天
942015169,迪祖恩城堡
943063752,老馬爾皮的陋屋
944113317,老米西的棚屋
945162877,雷斯特種植園
273913,鼴鼠與土撥鼠酒館
1323474,羽毛與刺蝟旅舍
2373058,克洛爾普姆農莊遺跡
3422622,塔爾塞爾府邸
4472220,扎加拉迪蘇
5520802,斯拉格廷農莊
6570357,扎戈帕里
7618958,福爾奇莊園遺跡
8667570,梅塞拉拉
9717094,塞斯塔姆城堡
10765689,克盧奇莊園遺跡
11815234,弗盧爾德爾農舍
12863843,爾府邸
13912431,貝爾比布傑特
14961012,阿皮西扎
16010512,魯爾普爾之監獄
17059102,蘇爾加姆府邸
18107745,山貓與劍酒館
19156337,骯髒的山羊旅店
20205852,伊薩科尼雷格
21254435,沃武爾莊園
22303022,老多爾格·西的宅地
23351644,羽毛與山羊旅店
24401133,貝斯特姆宮殿
25449742,魯爾格公墓
26498335,維茲卡之聚落
27546919,圖拉利西
28596456,小鼠與幼鹿客棧
29645077,銀幼鹿酒吧
30693680,德奇莊園遺跡
31743178,瓦迪吉拉尼斯
32791778,格拉奇莊園
33840394,梅沙恩之要塞
34889912,納菲勒姆宮殿
35938491,老格拉朱恩陋屋
36987071,杜克巴拉內扎爾之宅邸
38035654,埃拉尼
39084232,杜爾皮姆種植園
40133834,尖叫的蠍子旅店
41183386,克雷爾克賈之法環
42231988,特洛肖姆莊園
43280568,比里扎爾
44329152,馬利爾農舍遺跡
45378664,骯髒的深坑旅舍
46427245,老卡爾克·埃的農場
47475827,魯爾姆塔的衛所
48524438,奎奧文神龕
49573983,梅西里賈
50622561,沃吉克爾之巢穴
51671149,克利格特倫墓地
52719737,埃芬神龕
53768320,海狸與狗酒吧
54816902,塞雷米文
55866461,特利提爾果園
56915050,阿普圖加
57963644,弗爾特·埃集會所
59012225,阿波拉
60062703,馬科萬
61111290,羅爾特之堡壘
62159919,斯勒沃姆莊園
63208530,斯丹達爾的聖之星
64257123,法特爾宮殿
65306613,基格塔爾公墓
66355235,特
67404768,斯特倫納港灣
68453381,死亡的地城客棧
69501974,阿恩特拉傑爾
70550559,老鼠與雄鹿客棧
71600050,澤諾帕卡特
72648704,提菲爾農莊
73698210,口渴的刺蝟客棧
74746796,小鼠與哥布林酒館
75795387,老鼠與惡棍酒吧
76843967,狐狸與野蠻人酒吧
77893522,羽毛與仙子酒館
78942130,德扎爾莊園
79990714,盧吉滕之據點
81039304,羽毛與野蠻人旅舍
82087890,老利菲爾提的棚屋
83137439,內斯圖爾府邸遺跡
84186029,勒切恩之要塞
85234612,格爾坎莊園
86284141,奧西利努
87332723,薩爾普爾城堡
88381372,奧西拉萬
89430835,死亡的山羊旅店
90479431,庫爾德滕果園
91528015,杜爾特庭院
92576608,豬與山羊酒館
93625213,塞拉德布
94673798,博爾格宮殿
95722386,沙爾農莊
96770977,哈爾酒館
97820502,生鏽的刺蝟酒吧
98869117,死亡的獵人旅舍
99917695,科羅博斯城堡
100966283,老莫爾克陋屋
102015772,海狸與匕首客棧
103064364,納魯西
104112980,吉維姆農莊
105161562,老諾爾格塔的陋屋
106210153,戈奇克恩種植園
107258732,馬斯塔賈
108308237,阿恩特拉尼斯
109356849,德爾克恩公墓
110406373,西爾蒙種植園
111454986,維夫莊園
112503570,飛翔的食人魔旅店
113552156,貝丘爾小屋
114600744,澤努姆巴努
115649336,蘇爾塔公墓
116697920,拉馬克萬
117747398,卡詹達
118795989,爾小屋
119844584,克爾普克農莊
120893228,老弗奇基的棚屋
121942693,拉卡通
122991287,老克拉爾普滕宅地
124039885,扎吉扎爾
125088468,扎加克·伊吉
126137072,伊里克祭壇
127185670,梅塞卡特
128235209,賽伊聖物庫
129284722,塞拉拉·科羅姆
130333331,老里斯·西的農場遺跡
131381910,伊薩科圖比
132430520,伊薩克拉加
133479128,不幸的獵人旅舍
134528616,克雷特恩莊園
135577218,德爾滕農莊
136625800,波達
137674423,弗利爾德農莊
138723912,提索姆之據點
139772506,黑雄鹿旅舍
140821091,塔薩爾農莊
141869683,嚎叫的鳥酒吧
142918305,格爾特宮殿
143967832,老法爾普法的陋屋
145016441,狐狸與哥布林酒館
146065027,維爾姆滕之蛛網
147113606,老穆爾德卡的陋屋
148163125,格拉克提姆公墓
149211721,菲茲墓地
150260314,伊斯芬傑爾
151308925,老穆利爾棚屋
152358395,埃利拉·伊吉
153407002,埃盧卡特
154455594,巴爾提瓦羅爾之墓室
155504218,努爾切恩庭院
156553697,卡朱西
157602282,迪斯皮米提瓦神龕
158650893,比諾
159699483,博文
160748091,索勒姆墓地
161796671,德爾帕爾城堡
162846181,塞爾德爾墓穴
163894769,福爾基爾墓穴
164943354,克羅維姆城堡
165992887,惡棍與貓旅舍
167041477,塞達朱斯
168090090,吉格姆莊園
169138668,銀狗旅店
170187249,克雷爾克克恩農莊
171235839,飛翔的麝香鼠客棧
172284431,貝爾克特府邸
173333945,拉納斯塔拉
174382550,拉努姆巴努
175431138,格爾克·伊之密室
176479753,克雷澤爾公墓
177529251,卡爾格特農莊
178577830,阿佩圖達塔
179626411,阿普姆巴托爾
180674993,雷隆墓地
181724529,菲夫克恩塔
182773165,海狸與地城酒吧
183821745,蝙蝠與裂谷酒吧
184870325,因弗奧加姆之墓室
185918919,老格魯圖恩宅地
186967499,基蘭劇院
188016077,海狸與深坑酒吧
189065602,死亡的食人魔旅店
190114199,洛喬姆莊園
191162785,嚎叫的祭司旅舍
192211367,斯丹達爾的歌唱昇天
193260901,費南達達
194309498,布利爾格果園遺跡
195358084,老尼奇的宅地
196406686,費努拉納
197455271,克拉格滕墓地
198503851,莫朱姆墓窖
199553333,阿恩特盧圖西
200601927,阿恩特利諾
201650562,迪拉爾莊園
202699147,迪盧姆之堡壘
203748626,蘇格特之塔
204797217,莫羅特古
205845809,瓦迪傑雷特
206894399,拉米布加
207942988,拉馬拉
208991577,阿茲里羅克
210040155,格羅爾戈努納大教堂
211088757,穆爾諾斯
212138277,格盧菲蘭莊園
213186863,塔沙爾之據點
214235455,布什特之墓窖
215284056,老拉佐恩棚屋
216333533,爾種植園
217382114,卡菲利爾莊園
218430718,薩格特小屋遺跡
219479296,斯丹達爾的神聖祭壇
220527875,福茲塔府邸
221576454,馬格恩霍斯之墓窖
222625035,斯丹達爾的泣血之光
223673618,斯丹達爾的哀泣預見者
224722201,格雷夫倫深坑
225770783,多爾內姆莊園
226819362,庫達斯庫拉
227867973,布比努
228917473,伊里克祭壇
229966069,格利里姆宮殿
231014673,老科爾克基的陋屋
232063275,羅吉西尼
233112751,羽毛與哥布林酒館
234161377,貝爾貝拉普勒克斯
235209970,米爾托姆莊園
236258562,巴爾提穆斯的墳墓
237307141,杜格羅德神龕
238355722,骯髒的酒杯旅舍
239404303,邁伊神龕
240453781,惡棍與劍酒館
241502369,老特拉爾圖爾棚屋
242550967,勒格姆宮殿
243599546,塞多卡特
244648181,布拉爾特莊園
245697693,塞里拉拉納
246746280,斯丹達爾的溫柔先知
247794866,塞里利·哈西
248843466,白野蠻人旅店
249893005,骯髒的狗酒館
250941592,黑刺蝟酒館
251990184,普
253038778,圖丘姆庭院
254087377,吉辛拉
255137914,魯格特之實驗室
256186496,阿恩特勒圖薩
257235085,伊格洛斯
258284638,埃勒圖布
259333226,班迪神龕
260381820,克利爾加爾墓地
261430403,烏姆貝普勒克斯
262478984,斯丹達爾的哀泣之魂
263528516,老巴斯·伊的陋屋
264577111,達克特克恩墓地
265625693,巴蘇爾墓地
266675272,迪斯佩爾窪地
267723859,惡魔的狼客棧
268773417,塞爾通的衛所
269821995,蘇爾吉爾城堡
270870584,多爾丁府邸
271920123,阿帕克尼斯
272968709,阿帕達
274017287,斯丹達爾的祝福之樹
275065870,飛翔的地城旅店
276115455,莫里達塔
277165005,博祖爾墓地
278213585,狐狸與龍客棧
279262169,圖拉帕傑特
280310765,菲斯加之教團
281360333,斯丹達爾的內在之光
282408911,庫吉姆之墳場
283458460,老布爾克提的陋屋
284507072,深紅的城堡旅舍
285556621,多魯爾墓地
286605199,山貓與龍酒館
287653782,布爾奇之墳場
288703342,小鼠與食人魔客棧
289751923,布邦
290800518,布布吉尼斯
291850115,老迪爾坦棚屋
292899653,賈拉德尼
293948232,丘爾普塔府邸
294996821,老西倫棚屋遺跡
296046408,杜隆監獄
297095956,阿帕拉納
298144564,爾克恩農莊
299194129,德隆種植園遺跡
300242711,達梅圖·塔爾
301291296,斯庫爾里斯蛛網
302340830,歡笑的狗客棧
303389422,魯切爾公墓
304438003,費努姆巴達
305487566,綠豪豬客棧
306536153,莫古達塔
307585720,庫達
308634319,穆爾普特府邸
309682899,布博雷格
310732456,沃吉諾托斯
311781049,比拉
312830598,斯丹達爾的聖聖像
313880178,斯特爾姆小屋
314928774,克雷吉府邸遺跡
315977355,死亡的酒杯客棧
317026903,弗舒恩宮殿
318075484,博爾德爾實驗室
319124069,蘇格坦城堡
320172652,卡格果園
321222214,尖叫的頭盔旅舍
322270801,利爾丹小屋
323319385,巴勒蘇拉之修道院
324367968,莫爾吉爾宮殿
325417533,澤諾西
326467084,白城堡酒吧
327515666,矮人與刺蝟客棧
328564245,博爾內姆公墓
329612840,阿特魯拉
330662427,奇爾努恩感化院
331711963,白顱骨客棧
332760550,貝爾班達
333809146,博克特城堡
334857728,貝爾貝納薩
335907286,米斯特農莊
336955866,格利貢莊園
338004447,伊薩克
339053030,斯丹達爾的溫柔之魂
340102577,老爾宅地
341151161,嚎叫的城堡客棧
342199760,國王的麝香鼠酒吧
343249326,塞爾貢庭院
344297915,布洛爾達爾墓窖
345347457,羅加斯庫普勒克斯
346396052,舞蹈的豪豬旅舍
347444635,斯丹達爾的歡愉昇天
348494191,福傑姆之堡壘
349542774,口渴的獅鷲旅舍
350591367,梅薩德諾
351640923,拉努雷特
352689505,西爾梅姆農莊
353738088,老利格薩的棚屋
354787672,小鼠與獵人酒吧
355837231,斯特爾尼姆之監牢
356885820,斯洛斯特農莊遺跡
357935402,克拉爾普的衛所
358984945,巴盧利瓦之女修道院
360033545,瓦迪傑米達
361083089,努貢實驗室
362131683,魯蘇爾農莊遺跡
363180283,格雷格圖爾宮殿遺跡
364230819,老里茲薩的陋屋
365279425,基爾帕姆府邸
366330995,斯丹達爾的泣血之樹
367380549,古爾丘爾墓地
368431118,費斯特克恩果園
369481696,胡圖迪蘇
370531277,金庭院
371580850,格羅爾戈德
372631428,惡魔的顱骨旅舍
373680997,國王的劍旅舍
374730570,莫爾科提窪地
375779154,羅奇府邸
376829726,老沃格特棚屋
377879300,老法爾提的棚屋
378927881,烏姆巴吉文
379976469,老塔克特棚屋
423852,武爾蒙墓穴
1472441,飛翔的獾客棧
2521023,朱巴斯窪地
3569621,海狸與豪豬酒吧
4619204,豬與酒杯酒吧
5667793,科里沃爾之宅邸
6717294,格雷克通塔
7765882,野蠻的哥布林客棧
8815448,老薩爾克·埃的棚屋
9864055,瑪拉的神聖殉者
10912653,費納德拉
11961254,拉爾克城堡
13010764,飛翔的哥布林旅店
14059383,烏姆比拉迪蘇
15107972,瑪拉的哀號日出
16156553,馬爾莊園
17206083,阿塞姆布魯爾窪地
18254670,瑪拉的聖預兆
19303266,拉莫古萬
20352795,埃芬神龕
21401384,獅子與雄鹿旅店
22449969,賈瓦傑特
23498594,老杜夫塔的宅地
24548081,野蠻的麝香鼠旅店
25596678,瑞恩聖物庫
26645270,惡魔的侏儒酒吧
27693893,狐狸與酒壺酒吧
28743397,庫達布
29791993,庫杜
30840617,女王的顱骨客棧
31890108,博爾米爾農莊
32938707,弗勒澤爾莊園
33987319,扎吉·戈拉
35035907,卡利里卡特
36084487,布利森之據點
37133068,瑪拉的永恆神諭
38182594,瑪拉的永恆祭壇
39231177,瓦奇府邸
40279784,爾農莊
41328378,基蘭劇院
42376958,梅扎爾塔
43426444,瑪拉的可畏聖物
44475023,西奇恩之塔
45523609,薩克特姆府邸
46572200,勒格庭院
47620780,綠裂谷客棧
48669364,巴洛提之洞窟
49718890,杜克特姆宮殿
50767537,瓦格府邸
51816128,薩斯克恩農莊
52865633,布勒格圖爾城堡
53914237,巴爾普倫之據點
54962824,邁伊神龕
56011436,金仙子旅舍
57060991,迪爾普卡秘社
58110550,老布洛爾德棚屋
59159165,阿基達
60208674,佩努
61257259,塞爾奇公墓
62305837,紅蠍子旅店
63354433,羅斯特恩府邸遺跡
64403011,查克圖爾的據點
65451589,瓊恩神龕
66500194,老格雷塞棚屋
67548779,不幸的狼酒吧
68597363,老克利爾德·伊的陋屋
69646830,內什之據點
70695411,莫雷霍恩之墳墓
71744007,巴桑農舍
72792623,米布
73841233,梅斯圖爾莊園
74890731,馬爾特農莊
75939315,塔斯特府邸
76987918,弗拉爾克克墓穴
78036497,特
79086066,羽毛與獅鷲旅舍
80134644,伊斯菲布·戈拉
81183227,伊斯法卡特
82232753,福斯提姆庭院
83281339,布爾馬爾莊園
84329933,圖茲倫農莊
85378515,阿恩特洛帕達
86427094,骯髒的獅鷲酒吧
87476624,老肖澤恩宅地
88525227,基蘭劇院
89573866,澤內利西
90623366,德馬恩克斯之洞穴
91671946,瑪拉的內在日出
92720535,女王的祭司酒吧
93769124,圖祖爾公墓
94817702,克利爾德之墓穴
95866329,迪拉爾莊園
96914913,羅祖恩城堡
97964433,老諾倫塔的陋屋
99013029,小鼠與侏儒酒館
100061630,老蘇斯卡的農場遺跡
101111110,科林古斯之石塚
102159688,德爾特農莊
103208295,提菲爾克恩塔
104256873,費克特種植園
105305481,瑪拉的燃燒預見者
106354998,馬斯特墓地
107403594,弗勒吉墓地
108452188,赫拉斯之蛛網
109500780,瑪拉的靜默祭壇
110549390,巴格吉萬
111598913,克里查恩府邸遺跡
112647526,生鏽的幼鹿客棧
113696108,斯盧菲爾塔遺跡
114745601,達明扎爾
115794190,盧奇塔莊園
116842784,老弗爾特宅地
117891388,特里塞爾諾戈斯之蛛網
118940002,黑巨靈酒吧
119988580,弗勒斯克恩葬地
121037162,老托爾普法的農場
122086660,維爾姆洛斯蛛網
123135251,布洛菲爾倫城堡
124183861,老布利的宅地
125232442,伊薩科雷格
126281031,斯特爾南府邸
127330522,奧夫多爾特塔遺跡
128379110,銀龍酒吧
129427701,提森莊園
130476289,老尼吉姆陋屋
131524885,吉斯塔姆庭院
132573476,老羅爾塔的宅地
133622966,吉索薩
134671569,科爾克之要塞
135720160,莫加斯塔比
136768762,迪爾奇塔宮殿
137817350,拉特戈德之巢穴
138865928,克羅爾巴之法環
139915442,特
140964033,老謝格特·西的陋屋
142012670,小鼠與狼客棧
143062167,馬爾坎農莊
144110754,伊斯弗圖拉
145159364,斯庫爾貢
146207947,阿格納努
147256542,狐狸與巨人旅舍
148305123,貝塔姆之監獄
149354632,阿加卡萬
150403212,尖叫的匕首酒館
151451792,斯塔爾迪姆莊園
152500380,馬爾卡姆府邸
153548994,戈倫克恩種植園
154597588,埃盧姆巴托爾
155646169,古爾特莊園
156695647,弗洛爾南挖掘場
157744242,羽毛與顱骨酒吧
158792844,特利朱爾之據點
159841432,布貝米
160890010,克盧斯倫之礦坑
161938607,魯爾塔
162987187,嚎叫的侏儒客棧
164035779,老格洛爾特陋屋
165085261,羅古布
166133907,卡蘭達普勒克斯
167182500,巴爾塔爾公墓
168231978,吉爾坦農莊
169280585,阿茲加羅克之蛛網
170329201,阿塞姆塞納洞窟
171377785,福什特之要塞
172426382,拉特托斯的蛛網
173475856,塞勒莊園
174524468,勒夫克恩果園
175573069,瑪拉的歡愉聖物
176621659,貝奇莊園
177671170,拉特東蛛網
178719750,不幸的衛兵客棧
179768369,塔爾切爾宮殿
180816986,黑城堡客棧
181865568,特勒菲利爾之墓穴
182915061,口渴的貓客棧
183963646,死亡的狼酒館
185012262,塞杜·伊吉
186060849,舞蹈的仙子酒館
187110420,老特盧什·西的農場
188159003,羅賈爾宮殿
189208509,拉努努西
190257090,不幸的蠍子旅店
191305670,特洛沙姆之據點
192354281,格拉爾姆城堡
193402859,西爾克農莊
194451465,費斯實驗室
195500046,拉納斯庫賈
196549596,阿帕斯庫·塔爾
197599157,維格庭院
198647740,拉爾克塔
199696322,惡棍與山羊酒館
200744927,皮托圖拉
201794448,羽毛與頭盔酒館
202843046,薩爾特種植園
203891634,拉爾登農莊
204940220,費克滕農莊
205989728,維格特府邸
207038312,納雷拉尼斯
208086928,骯髒的巨人酒館
209136443,巴勒布爾之洞穴
210185025,薩爾杜爾府邸
211233605,特洛倫莊園
212282188,瑪拉的泣血聖像
213330772,弗盧托姆種植園
214379359,爾農莊
215427971,埃弗瑟斯
216476550,卡爾特爾之塔
217525141,菲斯特爾宮殿遺跡
218574631,諾爾德雷德
219623245,克盧爾普府邸
220672800,霍圖尼
221721385,瑪拉的聖日出
222770009,內克羅莫戈恩之宅邸
223818588,舒爾之墳場
412637,弗盧凡果園
1463221,庫爾內恩墓窖
2513791,埃盧·塔爾
3564372,巴達
4612957,白深坑酒吧
5663513,弗拉爾敦之墓窖
6712093,斯丹達爾的歡愉預兆
7761676,生鏽的酒杯酒吧
8811243,斯丹達爾的無盡先知
9861817,斯利菲勒公墓
10911405,納爾吉賈
11960970,黑豪豬酒吧
13009553,里斯公墓
14058141,白獾旅舍
15108718,阿扎爾德雷德的巢穴
16158277,法爾姆倫墓地
17208879,科爾諾姆府邸遺跡
18258430,布斯特葬地
19308014,老拉爾普賈的棚屋遺跡
20356592,拉特托爾
21405181,卡利里達
22453760,巴拉
23504324,格拉格通庭院
24552908,庫什特農莊
25602474,莫里里比
26651057,斯利爾杜姆的據點
27700629,桑塔基
28749207,庫茲克塔
29797787,爾之堡壘
30847372,索格特爾莊園
31896927,塔西里
32945508,塔薩卡拉
33995091,維斯的據點
35043672,穆努里
36096234,埃洛哈·哈西
37146812,弗拉夫特墓地
414468,庫爾皮祭儀所
1465038,瑪拉的聖祭壇
2516597,賈拉拉拉
3566186,海狸與刺蝟旅店
4616717,加孫莊園
5665304,阿波哈扎爾
6713889,瑪拉的歌唱先知
7762490,德勒姆莊園
8813031,瑪拉的祝福聖物
9861627,皮特利達
10910218,不幸的狗旅舍
11958807,皮托尼拉
13007388,達莫·哈西
14056907,索爾德爾葬地
15105518,瑪拉的聖重生
16155073,圖拉古比
17203675,老德爾諾姆陋屋
18252262,迪斯佩斯之女修道院
19302815,杜斯特之巫會
20352386,老格盧爾特·埃的棚屋
21401965,瑪拉的恆在日出
22450564,深紅的侏儒旅店
23499146,瑪拉的無盡之星
24547725,菲夫之墓窖
25597275,費喬恩之據點
26645857,老法爾特宅地
27695420,老博金陋屋
28744028,瑪拉的內在祭壇
29793591,黑狗客棧
30842183,雷吉庭院
31893752,塞德明
32944318,老盧爾德倫宅地
33992901,杜格羅德神龕
35041490,馬爾普特庭院
36092040,莫戈帕
37140646,克雷爾杜爾府邸
38191201,老薩茲棚屋
39239783,瑪拉的歡愉之星
40290361,羅爾普實驗室
41340935,安蒂菲洛斯
42389527,金食人魔酒吧
43439098,爾宮殿
44489672,阿波科里
45541244,圖勒達克斯
46590823,哈·塔爾
47645405,布圖通
48694967,多夫特公墓
49743555,瑪拉的神聖之魂
50796123,格利爾查姆墓地
449405,格魯爾德倫宮殿
1497991,福爾滕深坑
2547559,西拉吉普勒克斯
3596137,皮塔德傑爾
4644723,老克魯爾提的陋屋
5693301,侯爵巴羅瓦爾之石塚
6741890,海狸與惡棍旅舍
7790469,莫魯通
8840034,伊薩克
9889595,圖勒·哈西
10939169,普文
11987752,爾農莊
13037326,馬爾特墓窖
14085909,迪瓦德紀念碑
15134494,科爾諾恩之塔
16184064,阿卡托什的泣血之光
17234648,豬與衛兵旅舍
18284203,加爾普特收容所
19333786,卡喬傑爾
20383379,博爾特莊園
21432930,迪瓦德紀念碑
22482500,德魯爾拉斯
23531101,老丘爾姆巴的農場
24580661,梅蘇雷格
25630227,銀巨靈旅舍
26678805,巴勒魯拉窪地
27727383,歡笑的哥布林旅店
28775969,紅深坑酒吧
29824563,塞魯努·哈西
30873149,科爾佩莊園
31922704,尼爾佩爾農莊
32971284,阿皮文
34020840,死亡的山羊酒館
35069418,皮塔拉加
36117998,杜什倫的據點
37166586,格拉爾基姆的衛所
38215174,內爾格之塔
39264746,達馬拉·科羅姆
40313334,加爾姆墓地
41363890,馬卡斯庫比
42413471,老托喬姆陋屋
43464047,貝爾加馬
44512630,阿恩特洛哈扎
45561212,狐狸與蠍子旅店
46610755,老拉菲爾薩的棚屋
47661336,芬恩庇所
48709940,老卡爾西的農場
49759485,賈維拉雷格
50809070,維格里爾神龕
51858638,耶弗瑞神龕
52907240,德魯沃爾之巢穴
53956788,巴洛戈爾戈內納隱修所
55005383,巴爾姆特莊園
56054943,卡盧比
57103532,卡洛加
58152119,貝拉
59202674,老薩爾戈姆宅地
60251277,生鏽的獵人旅舍
202962,沼田農莊
1252547,惡魔的酒杯客棧
2302116,灰燼屯農莊
3350694,威克屯農莊遺跡
4400263,銅屋農舍遺跡
5448856,海狸與頭盔客棧
6498418,阿爾德谷
7547006,瓦諾里之聚落
8596584,爐田農莊
9646145,主田農莊
10694726,沼翼果園
11743318,沼屯農莊
12792875,老伊薩比斯的農場
13841456,鹿谷
14890034,威克匠農莊
15939600,老利索里的農場
16988198,獅子與裂谷旅舍
18037762,巴克田莊農舍
19088330,深紅的貓酒吧
20136908,灰燼萊農舍
21187488,克羅姆林府邸
22237069,澤尼薩爾的內在重生
23285657,基蘭劇院
24335212,綠匠莊園
25383790,加沃登
26432369,蓋爾屯塔
27482951,格魯姆諾拉斯
28531534,灰燼萊農莊
29582111,不幸的狗旅店
30631668,澤尼薩爾的燃燒殉者
31681247,幸運的鳥旅店
32729837,老蓋爾萊陋屋
33778416,卡羅洛爾達之法環
34828989,澤尼薩爾的溫柔之魂
35878561,主萊府邸
36929134,上牆庭院
37977715,老伊辛的宅地遺跡
39027283,老威克匠陋屋
40076870,蓋爾翼公墓
41125451,老埃維洛爾達的棚屋
42175014,牛郡丘
43224604,阿克莫斯自治鎮
44276176,牛村
45325749,老利辛的宅地
46388332,雷岬
47439907,銅鹿府邸遺跡
48490484,林萊農莊遺跡
49541056,凱斯村荒原
50599633,灰燼萊公墓
51652208,阿克興府邸
52700788,蝙蝠與顱骨客棧
100086,沼田莊種植園
1151680,老林屋棚屋
2200277,伊拉霍斯之巢穴
3249790,矮人與哥布林客棧
4299372,維格里爾神龕
5347950,綠鹿莊園
6396530,蓋爾萊農舍
7445125,牛維奇
8493706,主翼莊園
9542284,老瓦諾里的陋屋
10590884,老西爾斯托薩的陋屋
11639468,伊托斯之巢穴
12688973,中山
13738558,阿克井
14787162,羽毛與頭盔酒吧
15835744,阿克卡特
16884345,野原
17933853,巴雷扎爾的古塚
18982456,阿爾德伯恩
20031051,阿爾德城
21079647,朱利安諾斯的哀泣先知
22129198,灰燼村小屋
23177777,朱利安諾斯的歌唱預見者
24227322,鹿萊赫櫟林
25275934,杜格羅德神龕
26325463,飛翔的酒壺旅店
27374043,綠萊農莊
28422632,銅屋之墓穴
29471210,銅田塔
30520779,朱利安諾斯的聖預兆
31569384,鄉翼庭院
32617965,鄉津農莊
33667511,銀匕首酒館
34716100,主萊農莊
35764684,沼萊府邸
36814229,沼鹿府邸
37862834,老埃維洛爾達的棚屋
38912376,鄉田莊莊園
39960983,生鏽的酒壺旅舍
41009590,老爐津陋屋
42059139,德珍旅舍
43107740,梅沼
44157253,沼屋府邸遺跡
45205872,貝爾田莊荒地
46255414,西谷
47303996,銅萊墓穴
48352604,朱利安諾斯的無盡昇天
49401192,老莫爾加納的農場
50450715,老銅村宅地
51499297,克羅姆津
52547880,綠田庭院
53596482,綠鹿農莊
54646065,威克翼農莊
55694643,女王的獵人酒吧
56743221,生鏽的祭司客棧
57792747,利西納秘社
58841377,銀狼旅店
59890923,主興庭院
60939532,主匠之塔
61989057,圖倫
63038647,爐屋之要塞
64087235,教堂伯恩
65135813,尼布奧莫斯之墳墓
66184405,老鼠與獅鷲酒館
67233958,阿格里斯提爾之實驗室
68282546,灰燼萊種植園
69331129,特迪里克之要塞
70380662,達格克爾的巢穴
71429270,惡魔的雄鹿旅店
72477867,騎士徑
73527394,黑塔
74576007,老綠津宅地
75625542,沼萊墓地
76674120,蓋爾村之宅邸
77722743,死亡的豪豬客棧
78772268,鄉村府邸
79820851,爐興種植園
80870424,西牆
81921007,鷹萊墓地
82969623,灰燼鹿葬地
84019152,灰里奇
85067733,東田莊
86116321,蓋爾村塔遺跡
87164910,朱利安諾斯的哀泣神諭
88213497,綠屯墓地
89263082,貝達內之據點
90312627,維爾穆法恩之巢穴
91361208,朱利安諾斯的祝福之星
92410797,蓋爾翼農莊
93460351,朱利安諾斯的祝福日出
94508936,鄉萊種植園
95558486,巴克萊塔
96607075,主田塔
97655659,圖恩特里盡頭
98704243,林屯小屋
99752821,灰燼村之據點
100801405,鄉斯頓莊園
101849996,十字里奇
102899527,山貓與巨人客棧
103948119,爐田莊果園
104996705,唱卡特
106046252,巴拉西瓦之修道院
107094842,戰里奇
108143439,朱利安諾斯的歡愉之光
109193006,老卡羅利里的農場
110242596,老伊索爾達的宅地遺跡
111291177,貝迪納克之感化監獄
112339755,牛泰爾
113389281,賽伊聖物庫
114437876,鄉斯頓墓地
115487419,埃利扎納集會所
116536025,班迪神龕
117584616,維斯庫恩特利托沃恩之鬼域
118633198,老西爾斯托薩的陋屋
119682736,老莫爾加拉的宅地
120731316,林鹿莊園
121779894,巴克田府邸遺跡
122828477,鄉屋果園
123880026,鄉津府邸遺跡
124928606,爐村之要塞
125979209,爐田公墓
127027796,鷹田農莊
128077397,綠津庭院
129126925,威克萊農莊
130175515,長岬盡頭
131227082,鷹興的據點
132275664,瓊恩神龕
133324243,裂沃克
134374815,馬古恩林城堡
135423396,加洛卡特
136471974,迪瓦德紀念碑
137522545,綠田莊農莊
138572104,阿爾丁萊
139620686,沼翼種植園
140670259,嚎叫的衛兵旅舍
141719828,威克鹿農莊
142768407,銅興城堡
143817986,朱利安諾斯的靜默預兆
144867560,蘭堡
145917142,蓋爾村庭院
50109,主翼公墓
1099687,巴克津農莊
2149258,維克提納之召集所
3198830,歡笑的侏儒客棧
4249405,凱斯市集
5300002,邁伊神龕
6348586,老銅村宅地
7397164,迪斯普爾之女修道院
8446702,吉夫納內傳統會
9495280,寬堡
10543903,貝拉達拉之集會
11593439,林興農莊
12642023,幸運的野蠻人旅舍
13690604,查田莊公地
14740182,牛徑盡頭
15788769,綠萊莊園
16838308,薩舒斯的蛛網
17886887,綠翼果園
18935465,吉姆·塞神龕
19984066,蓋爾鹿莊園
21032647,鷹村墓窖
22082221,綠興之墓窖
23131776,白里奇
24180355,瑪拉的燃燒預兆
25228937,貝爾沃克公地
26277515,鷹鹿農舍
27326099,杜納爾德感化院
28374679,林萊農莊
29423273,鷹翼遺跡
30472798,瑪拉的祝福預見者
31521382,老瓦尼維拉的農場
32570003,德魯拉拉斯
33619575,不安的仙子客棧
34669122,老蓋爾田莊陋屋
35717703,蓋爾屋府邸
36766289,舞蹈的城堡酒吧
37815834,瑪拉的神聖聖像
38864414,老蓋爾興宅地
39913020,老蓋爾田宅地
40962555,灰燼屋莊園
42011155,灰燼翼府邸
43059733,威克屯農莊
44108312,鄉鹿之據點
45156910,瑪拉的聖預兆
46206441,陰維奇
47255044,灰燼興農莊
48304613,不幸的狗酒館
49353191,寬牆
50401769,瑪拉的祝福神諭
51450358,鷹鹿莊園
52499892,老利索里的棚屋
53549465,主萊庭院
54598070,主萊農莊
55646657,新堡
56696183,塔姆橋
57744774,綠萊宮殿遺跡
58793358,烏提恩的衛所
59841943,芬恩庇所
60890542,瑪拉的內在之魂
61940080,瑪拉的燃燒聖物
62989638,朱貝爾之修道院
64038228,鄉萊農莊
65086810,教堂谷
66135392,鷹興公墓
67184007,芬恩庇所
68233536,阿恩拉沃爾
69282149,瑪拉的可畏祭壇
70331669,鹿徑
71380294,迪斯波加斯之石窟
72428874,上山
73478410,陰萊
74527002,弗拉丁格扎爾之墳墓
75575591,沼村宮殿
76625134,巴克田莊莊園
77673728,羅丁的衛所
78722312,東里奇
79770898,瑪拉的哀號日出
80819483,東門
81868062,老瓦尼薩的宅地
82917581,加洛原
83966172,奧夫烏德斯利塔遺跡
85014773,貢達爾德之監牢
86064307,灰燼屋農莊
87112908,瑪拉的永恆救贖者
88161490,老瓦尼納的棚屋
89210072,野堡
90258668,瑪拉的祝福之樹
91307249,鷹田墓地
92356766,維格里爾神龕
93405366,斯托塔
94454913,裂布隆
95503523,巴克田莊的據點遺跡
96552121,哥特谷
97600699,銅匠農舍
98649281,格倫恩布拉
99697862,哥特牆
100747371,巴克屯小屋
101795957,巴克匠種植園
102845521,老鷹翼宅地
103894126,斯科克爾之蛛網
104942735,主村墓地
105992245,林萊庭院
107040828,鄉屋農莊
108089439,鄉津農莊
109138024,鄉村宮殿
110187547,矮人與城堡酒吧
111236142,蓋爾匠農莊
112284726,野蠻的侏儒酒吧
113333322,綠屯之墓穴
114381923,東津
115430505,范維奇
116480014,沼萊農莊
117528593,鄉津城堡遺跡
118577179,莫爾迪斯提爾學院
119625771,巴克匠府邸
120674370,泉城
121722948,西貝斯
122772467,威克翼莊園
123821061,鷹津莊園
124869641,上岬
125918222,霍谷
126966835,老埃維拉內的宅地
128016350,瑪拉的歡愉聖像
129064929,鷹田莊農莊
130113510,埃洛爾達之教團
131162088,梅牆
132210694,生鏽的狗酒吧
133259288,瑪拉的祝福聖像
134308797,沼鹿農莊
135357394,老西爾斯塔比斯的農場
136405979,長山
137455531,鷹萊莊園遺跡
138504140,鷹津果園
139552719,骯髒的龍酒館
140601324,瑪拉的無盡殉者
141650847,圖恩門
142699433,泉谷
143748016,斯塔多戈斯之宅邸
144796602,瑪拉的燃燒預見者
145845208,灰燼翼莊園
146894717,泉井
147943299,王田塔
148991893,白門
150041439,迪瓦德紀念碑
151090034,霍穆諾爾戈尼瓦大教堂
152138612,灰燼匠果園
153187226,瑪拉的燃燒昇天
154236745,寬沼
155285344,瑪拉的泣血聖像
156333923,巴克津種植園
157382501,瑪拉的溫柔預見者
158431115,沼翼公墓
159480623,鷹匠莊園
160529210,老吉夫尼里的農場
161577831,林田農舍
162626415,芬恩庇所
163675924,伊普維奇
164724562,不幸的貓旅舍
165774106,凱斯鎮
166822686,綠屯莊園
167871294,林興宮殿
168919873,鷹斯頓塔
169969376,上沼
171017964,主屯莊園
172066542,瑪拉的神聖殉者
173115169,鄉翼的據點
174164690,教堂屯
175213292,沼田府邸
176261889,瑪拉的祝福之星
177310476,瑪拉的聖之樹
178360992,林田莊農莊
179409625,灰泰爾
180459210,野蠻的巨靈客棧
51305,巴盧勒納之女修道院
1100860,騎士貝斯
2149452,灰燼斯頓果園
3199034,鷹翼莊園
4247612,白哥布林旅店
5296197,林村農莊
6345737,鷹萊公墓
7394334,維斯庫恩特加雷佐斯城堡
8443894,蓋爾田莊農莊
9492480,老瓦尼維拉的棚屋
10541058,爐村之塔
11589642,林屋墓地
12638232,巴克屋公墓
13687768,林田莊庭院遺跡
14736352,鷹鹿農舍
15784951,老灰燼萊宅地遺跡
16833553,長維奇公地
17883075,鷹田莊府邸
18931664,沼興的據點
19980269,阿爾德谷
21028847,王津莊園
22078383,主津莊園
23126961,迪瓦德紀念碑
24175539,沼興莊園
25224127,阿凱的內在神諭
26272705,伊格法恩
27321299,鄉村塔遺跡
28369886,鷹匠公墓
29419407,鷹萊莊園
30467985,查布隆
31516574,灰燼鹿的衛所遺跡
32565184,灰燼屋之堡壘
33613776,老沼萊陋屋遺跡
34663298,新布隆
35711887,綠興農莊
36760465,新鎮
37809066,銅斯頓之墳場
38857649,林屯農舍
39907209,奎奧文神龕
40955796,老埃利扎拉的宅地遺跡
42004374,上市集
43052956,綠村莊園遺跡
44102476,老貝拉迪里的宅地
45151054,老莫爾戈里的宅地
46199632,查倫郡
47248211,銅萊農莊
48296789,蓋爾萊之堡壘
49345378,巴克斯頓果園
50393977,克羅姆興
51443504,芬恩庇所
52492097,斯托原
53540677,戰卡特村落
54589284,舞蹈的豪豬酒吧
55637863,蓋爾田莊之據點
56686445,黑莊
57735965,不幸的野蠻人旅舍
58784546,老沼翼棚屋遺跡
59833125,沼匠宮殿遺跡
60881714,埃洛爾達巫會
61930312,東市集
62979776,長屯
64028355,弗拉德南之陵墓
65076994,巴克鹿果園
66125584,中津
67174163,鄉斯頓城堡
68222744,威克翼莊園
69271346,威克田農舍
70319925,鷹津塔遺跡
71368503,老威克興陋屋遺跡
72417085,圖恩維奇
73466510,巴克鹿公墓
74515089,王津小屋
75563667,加洛城
76612257,老吉夫納內的棚屋
77660838,林翼農舍
78709438,查城
79758017,泉維奇
80806596,爐興果園
81855181,爐田種植園
82903761,蓋爾萊農莊遺跡
83952343,老貝拉達拉的農場
85000945,鷹匠農舍
86049524,鷹斯頓府邸
87098996,鄉萊農莊遺跡
88147583,阿克泰爾
89196161,野要塞
90244760,王萊種植園
91293359,老維克塔內的棚屋
92341949,朱比布勒克斯隱修所
93390540,邁伊神龕
94439120,蓋爾村農莊
95487703,鄉興莊園
96536290,綠田莊果園遺跡
97584869,諾爾德雷德
98633450,爐屯莊園
99682029,老埃利齊納的農場
100730620,王興宮殿
101780067,銅斯頓之據點
102828681,銅村莊園
103877261,卡羅拉納秘社
104925840,霍塔
105974425,巴克翼莊園遺跡
107023011,赫勒塔爾克
108071591,伊薩納之教團
109120186,鄉田葬地
110168765,十字田莊櫟林
111217345,沼鹿府邸
112265925,威克萊府邸遺跡
113314511,威克津農莊遺跡
114363111,十字塔
115411698,霍爾谷
116461123,鷹屯莊園
117509705,沼匠農莊
118558288,銅田葬地
119606869,主鹿墓地
120655458,惡魔的山羊旅店
121704042,黑檀臂鐵砧
122752653,灰燼匠宮殿
123801265,老灰燼斯頓宅地
124849844,因弗伊瓦蘭之陵墓
125898428,唱萊赫
126947021,林萊之堡壘
127995602,伊克爾
129045072,教堂谷
130093653,裂道
131142232,特丁監獄
132190811,裂徑
133239396,王村公墓
134287980,凱斯津荒原
135336587,老伊西納的宅地遺跡
136385166,林翼庭院
137433744,銅興墓穴
138482323,巴克村莊園
139530903,哥特林
140579512,灰燼田農莊
141628951,爐斯頓農莊
142677529,巴克村墓窖
143726125,德魯沃爾
144774727,彭莊
145823313,林村農莊遺跡
146871898,蓋爾田農莊
147920480,林鹿果園
148969059,惡魔的城堡旅舍
150017642,伊普萊
151066225,梅盧盧拉神龕
152114813,爐田農舍
153163393,王萊府邸
154211971,王萊農莊
155260582,鷹屋府邸
156310022,綠翼農舍
157358601,因弗埃努斯之墓室
158407182,沼翼公墓
159455769,灰門窪地
160504352,加洛莊
161552933,爐翼墓地
162601532,鹿卡特
163650110,王興之墓穴
164698708,馬羅圖拉洞穴
165747293,幸運的巨靈酒館
166795912,鹿郡
167844490,范卡特公地
168893075,小鼠與豪豬旅舍
169941653,老莫爾戈納的陋屋遺跡
170991076,阿凱的無盡重生
172039672,貝達爾德學院
173088272,霍伯恩
174136850,長貝斯
175185429,巴克鹿城堡
176234007,老巴克屯陋屋
177282585,老吉夫納比斯的棚屋遺跡
178331163,老利西薩的宅地
179379744,王匠塔遺跡
180428329,王翼塔遺跡
181476907,巴爾比納之秘社
182525488,老沼興宅地
183574066,巴克田莊果園遺跡
184622674,哥特井
185671253,阿凱的燃燒預兆
186720720,蓋爾村農莊遺跡
187769302,鷹斯頓莊園
188817882,綠匠之據點
189866484,斯托灣
190915084,銅興城堡
191963682,戰橋
193012261,佩里瓦爾的衛所
194060850,維格里爾神龕
195109432,鷹翼之要塞
196158015,威克津墓窖
197206596,灰燼津之塔
198255178,紅狗客棧
199303770,銅村果園
200352348,伊西納祭儀所
201400927,老鼠與仙子旅舍
202450358,中堡窪地
203498948,陰門
204547544,哥特沼
205596122,鷹田莊果園
206644704,老林萊陋屋
207693282,鄉斯頓墓窖
208741861,生鏽的惡棍酒吧
209790439,阿拉巴內實驗室
210839022,哥特塔
211887609,蘭沼公地
212936238,威克津府邸
213984828,老威克屯宅地
215033423,沼翼果園遺跡
216082002,沼斯頓莊園
217131438,老伊西里的陋屋
218180018,伊格里貢之巢穴
219228596,威克萊莊園
220277179,老鷹萊陋屋
221325784,巴克興墓地
222374375,鄉津城堡遺跡
223422957,老吉夫諾薩的宅地
224471546,銅村公墓
225520127,鄉萊府邸
226568706,灰燼翼農莊
227617287,灰燼屯果園
228665869,威克萊城堡遺跡
229714448,威克田莊莊園
230763039,雷田莊
231811627,牛塔
232860210,狐狸與顱骨酒館
233909641,上布隆
234958220,綠翼塔
236006804,林村塔遺跡
237055384,斯托市集公地
238103974,芬恩庇所
239152554,沼興農莊遺跡
240201138,威克村之墳場
241249733,騎士牆
242298313,鄉田莊塔遺跡
243346891,林屋農莊
244395473,鄉斯頓農莊
245444064,十字村
246492694,爐萊庭院
247541280,灰燼萊農莊
248589858,莫雷爾托爾之巢穴
249639298,王屋莊園
250687876,綠津府邸
251736457,梅山大教堂
252785036,蓋爾匠莊園
253833621,鄉鹿之據點
254882212,主翼農舍
255930799,唱萊
256979382,埃維利里之秘社
258027974,爐鹿農莊
259076558,埃拉比斯交會所
260125139,矮人與幼鹿酒吧
261173723,唱鎮
262222321,綠匠宮殿
263270900,老蓋爾興宅地
264319479,裂泰爾
265368064,老埃利扎納的陋屋遺跡
266416646,查倫村盡頭
267466070,綠匠之墓穴
268514648,威克興的據點遺跡
269563228,王斯頓墓地
270611814,鷹匠庭院遺跡
271660409,切斯特卡特
272708995,主興莊園
273757583,鄉田小屋
274806161,長原
275854747,長卡特
276903330,伊普市集
277951908,王斯頓莊園
279000496,德梅博努納洞穴
280049080,中興
281097682,斯科克爾
282146275,圖恩貝斯
283195722,灰燼屯之塔
284244306,貢迪斯提爾之地城
285292884,主屋府邸
286341479,蓋爾屋的衛所遺跡
287390069,阿凱的溫柔之樹
288438661,沼匠莊園
289487250,王津府邸遺跡
290535836,爐田莊宮殿遺跡
291584414,阿凱的無盡之星
292633000,綠村莊園
293681581,蓋爾興種植園
294730161,爐鹿公墓
295778739,銅翼公墓
296827332,主屯府邸
297875913,沼屯墓窖
298924496,阿凱的無盡祭壇
299973075,沼田莊墓窖
301021653,王萊庭院
302070231,老綠田莊棚屋
303119657,上城
304168276,霍要塞
305216863,沼屋塔
306265443,威克斯頓墓穴
307314031,沼萊農莊
308362610,霍泰爾
309411191,班迪神龕
310459786,十字要塞
311508384,格勒恩莫里爾巫會
312556967,特里斯提斯提爾實驗室
313605557,貝拉迪薩之巫會
314654996,阿恩迪克托爾之監獄
315703574,銅田莊園
316752171,老綠匠宅地
317800754,鄉匠城堡遺跡
318849332,蓋爾鹿府邸
319897914,阿爾德岬岩
320946544,主萊農莊
321995128,老西爾斯塔納的農場
323043737,林屋之據點
324092323,耶弗瑞神龕
325140902,王翼公墓
326189481,綠屋果園
327238948,鷹屋的衛所
328287540,阿凱的可畏救贖者
329336132,阿恩迪斯塔爾之據點
330384715,西道
331433307,綠田庭院
332481886,因弗阿南府邸
333530466,爐田莊園遺跡
334579047,東萊赫
335627628,主翼府邸
336676215,老瓦納拉的陋屋
337724806,小鼠與巨靈酒館
338773385,沼萊庭院
339822846,銅鹿庭院
340871428,銅萊莊園
341920035,黑萊
342968638,爐屯之堡壘
344017251,黑山
345065830,蓋爾鹿農莊
346114411,老瓦諾爾達的農場
347162998,王匠果園遺跡
348212452,吉姆·塞神龕
349261033,凱斯郡岩
350309626,蓋爾斯頓之據點
351358205,凱斯卡特
352406793,王匠之塔
353455381,阿克要塞
354503962,鷹屋之塔
355552546,老巴爾巴內的農場
356601130,維爾莫特比斯蛛網
357649714,主斯頓莊園
358698305,老西爾斯托薩的宅地
359746886,阿拉巴內城堡
360796362,伊萊珊丘陵
361844959,霍爾市集
362893545,貝爾興
363942131,老伊薩拉的農場遺跡
364990743,貝爾貝斯
366039327,王萊城堡遺跡
367087915,邁伊神龕
368136500,巴克匠莊園
369185080,德魯拉克爾蛛網
370233658,老巴爾博里的宅地
371282238,威克萊農莊
372331701,蓋爾萊莊園遺跡
373380285,爐田莊的據點
374428867,主翼城堡
375477453,綠屋庭院
376526035,蓋爾翼農莊
377574645,達爾克佐爾之宅邸
378623233,鄉萊農舍
379671821,寬城林地
380721337,牛城
381769936,阿爾丁谷
382818522,綠興種植園
383867120,新堡
384915706,鷹屋莊園遺跡
385964286,林鹿小屋遺跡
387012872,主屋農莊
388061450,維格里爾神龕
389110033,老爐田棚屋
390159489,十字徑
391208074,王田塔遺跡
392256668,沼鹿的衛所
393305253,沼田塔
394353870,烏托林之據點
395402462,德魯魯戈斯之巢穴
396451049,灰燼田莊塔
397499637,埃迪夫里克之監獄
398548225,貢迪瓦爾塔
399597677,老威克田陋屋
400646255,鷹萊農舍
401694894,弗拉迪沃恩之石塚
402743491,特里塞魯托爾
403792072,老埃維洛納的宅地
404840659,爐津塔
405889251,唱谷
406937830,唱道
407986411,灰燼翼農舍
409035858,蓋爾田莊的據點遺跡
410084487,鄉屯宮殿
411133076,林屋葬地
412181663,堡興
413230242,灰燼斯頓墓窖
414278821,貝爾牆
415327405,巴克屯公墓
416375986,貝爾村
417424568,爐田庭院遺跡
418474049,迪斯波爾貢神龕
419522629,戰萊
420571215,西郡田
421619798,芬恩庇所
422668391,綠萊種植園
423716977,老維克塔納的棚屋
424765561,蓋爾津莊園
425814167,沼田莊莊園遺跡
426862756,東萊
427911337,主萊莊園
428960815,銅匠府邸遺跡
430009437,莫羅古
431058021,莫爾庫洛爾貢之深坑
432106625,主鹿莊園遺跡
433155207,老威克斯頓棚屋遺跡
434203798,王鹿之堡壘
435253265,老吉夫納比斯的陋屋
436301845,牛津
437350431,鄉翼農莊
438399042,牛市集
439447623,新橋田
440496219,綠興之墓穴
441544819,舞蹈的豪豬客棧
442593412,新市集
443642865,王翼宮殿遺跡
444691451,德馬恩克斯神龕
445740031,特多雷的監牢
446788661,尖叫的惡棍酒吧
447837242,爐匠莊園
448885831,王興果園
449934413,十字灣
450982993,綠萊莊園
452031588,鷹萊之據點遺跡
453080166,蓋爾屋農舍
454129627,銅屋農莊
455178217,白塔
456226797,教堂要塞
457275376,阿凱的歡愉殉者
458323959,蓋爾斯頓農莊
459372561,教堂岬
460421164,鄉屯城堡遺跡
461469765,莫拉法恩之巢穴
462518345,蓋爾萊之要塞
463566934,沼斯頓府邸
464616391,巴爾比薩之教團
465664986,威克田莊墓地
466713599,幸運的獾客棧
467762177,鷹斯頓城堡
468810810,埃利齊薩傳統會
469860266,黑布隆丘
470908857,老巴爾博爾達的農場
471957437,黑橋
473006045,老灰燼萊陋屋遺跡
474054642,灰牆
475103224,鷹萊果園
476151809,阿爾丁城
477200400,鹿道
478248981,巴克屯城堡
479298457,爐匠農莊
480347039,威克萊公墓
481395646,堡村
482444244,阿凱的恆在聖像
483492828,綠村農莊
484541414,林鹿的據點
485589995,林斯頓果園
486638586,阿格拉爾德監獄
487687173,巴克村的據點
488735753,阿克堡
489785210,斯托卡特園
490833791,王屯莊園遺跡
491882372,爐斯頓宮殿
492930960,爐鹿府邸
493979583,王屯農莊
495029104,哥特市集
496077684,老瓦納納的宅地
497126272,哥特橋
498174857,蘭市集
499223442,銅田莊農莊
500272021,野蠻的地城旅舍
501320602,林鹿墓地
502369183,西伯恩
503417761,沼田莊園
504466341,查貝斯
505515855,威克斯頓農莊
506564467,老貝拉多薩的農場
507613075,沼萊農舍
508661655,沼萊農莊
509711156,斯特倫納港灣
510759738,西郡
511808318,爐斯頓葬地
512856897,老鷹斯頓陋屋
513905476,銅屯之墳場
514954060,維爾梅托爾
516002668,舞蹈的鳥旅店
517051248,巴克興庭院
518100782,林田莊莊園遺跡
519149362,王津墓穴
520197946,鄉翼莊園
521246532,老伊薩拉的農場
522295111,沼田之墳場
523343691,貢迪斯提爾實驗室
524392278,阿凱的內在之星
525440864,馬戈恩武隆之古塚
526490380,貝爾道
527538958,主屯公墓
528587556,伊里克祭壇
529636152,老埃維洛爾達的陋屋遺跡
530684736,貝爾谷
531733322,老西爾斯塔納的農場遺跡
532782840,鷹萊農莊
533831418,蘭堡
534879996,林興之據點
535928579,王匠小屋
536977158,王萊莊園
538025736,主匠之據點
539074359,鼴鼠與仙子旅舍
540123879,小鼠與龍客棧
541172470,野興
542221066,蓋爾萊小屋遺跡
543269648,鄉鹿塔
544318228,沼津之據點遺跡
545367750,老埃拉比斯的陋屋遺跡
546416340,霍山
547464922,老瓦納內的陋屋
548513510,伊格托爾
549562089,沼津農莊
550610667,裂谷
551659245,羽毛與狼旅店
552707823,白城
553756405,教堂維奇
554804995,佩拉爾德之採石場
555853576,蓋爾匠果園
556903093,灰燼田莊莊園
557951671,唱山
559000250,長堡
560048831,埃芬神龕
561097419,伊普特里
562146024,老沼萊陋屋
563195540,鹿布隆
564244119,上田莊
565292698,灰燼田城堡
566341319,威克津莊園
567389898,范布隆
568438483,鷹匠府邸
569487061,主村塔
570536588,霍道
571585175,飛翔的鳥客棧
572633753,林村農舍
573682332,老埃利里的宅地遺跡
574731878,綠匠農舍
575780457,蓋爾興莊園遺跡
576829035,主翼莊園遺跡
577877623,老鄉津陋屋
578926202,白布隆村落
579974791,維羅格之巢穴
581025358,教堂布隆
582073936,主斯頓庭院
583123490,哥特布隆
584172092,騎士堡
585220670,歡笑的幼鹿酒吧
586270223,埃利扎納巫會
587318806,老利西納的陋屋
588367387,老埃利里的陋屋
589415966,鄉田府邸
590465525,鷹鹿庭院遺跡
591515103,老埃利維拉的陋屋
592563685,東維奇
593612272,切斯特徑
594660855,林翼塔遺跡
595710415,寬維奇
596759004,加洛林
597808573,銅屯農莊
598857159,沼匠葬地
599906712,灰燼匠宮殿遺跡
600955305,塔姆沃克荒地
602004866,蓋爾萊農莊
603053444,老利西維拉的農場
604102041,老莫爾吉維拉的農場遺跡
605151592,蟾蜍與深坑客棧
606200175,德米特爾神龕
607248762,老貝拉多納的農場
608298331,馬吉恩瓦魯隆之墳墓
609346911,老鄉萊宅地
610396469,老埃維拉納的農場
611445047,西橋
612493625,老維克塔比斯的陋屋
613542213,綠田莊莊園
614590796,切斯特灣櫟林
615640369,蝙蝠與仙子酒吧
616689929,加洛塔
617738508,白惡棍酒吧
618788092,老西爾斯提薩的農場
619837670,霍山自治鎮
620887230,長城
621935808,巴克匠莊園遺跡
622986392,林匠之墳場
624034970,綠匠莊園遺跡
343439,科什府邸遺跡
